"id","franchise_id","rating","rating_count","follow_count","likes_count","view_count","save_count","share_count","enquiry_count","news_count","created_at","updated_at"
"4fa2cca6-3660-478c-a1c4-3c087c9f9af3","b38c39c0-b9f6-495f-b8be-a65b1c0b9221",,"0","0","0","0","0","0","0","0","2026-01-10 12:02:52","2026-01-10 12:02:52"
"96c6a571-0061-4589-85bd-331505420ba0","c8f6989c-d785-4cf7-b127-b7ba288a3314",,"0","0","0","0","0","0","0","2","2026-01-10 12:02:52","2026-01-10 12:02:52"
"a86a5963-0980-4d5e-af2a-b32cc0ed0492","b297c5b9-82e3-4c3d-88fc-c509ae881207",,"0","0","0","0","0","0","0","2","2026-01-10 12:02:52","2026-01-10 12:02:52"
"99e7b950-4b26-436d-aa3e-a76139a2baf7","6a8c08c9-ef66-48b0-a68e-e9e0b7b40fcc",,"0","0","0","0","0","0","0","1","2026-01-10 12:02:52","2026-01-10 12:02:52"
"7b651a3d-d310-4af3-9ab2-e5ae7103c3eb","09378ed3-2aa4-4e45-bf5d-6a75d1bdb2f7",,"0","0","0","0","0","0","0","1","2026-01-10 12:02:52","2026-01-10 12:02:52"
"6ce3087b-be1a-4314-a435-38d12717aba0","b781fa76-8eaf-4cf9-a15c-b6a1c3503554",,"0","0","0","0","0","0","0","1","2026-01-10 12:02:52","2026-01-10 12:02:52"
"2b7f95a1-b5bb-418f-a97a-415e8de471f8","0e50ed02-6937-4c8d-aa31-b4202a5f77cd",,"0","0","0","0","0","0","0","0","2026-01-10 12:02:52","2026-01-10 12:02:52"
"66e2e273-a623-4a90-a7fb-bf12ebf340d3","7e62e026-71a1-4b49-971d-e8bcd1cc4e54",,"0","0","0","0","0","0","0","0","2026-01-10 12:02:52","2026-01-10 12:02:52"
"b5eb9657-f5b4-4e19-a492-0fefaf3864bb","8a873fc8-8a68-461e-81f4-55d7f192f2b1",,"0","0","0","0","0","0","0","0","2026-01-10 12:02:52","2026-01-10 12:02:52"
"28903e1f-ed41-4e90-a0a2-44efba6a26e4","fc244900-e4b1-4eec-8e70-eb778beac3a5",,"0","0","0","0","0","0","0","0","2026-01-10 12:02:52","2026-01-10 12:02:52"
"77f97227-0cc8-41ec-845b-ab80cb429dbf","a6ae3e8e-b3da-4406-9a53-1f411523033b",,"0","0","0","0","0","0","0","0","2026-01-10 12:02:52","2026-01-10 12:02:52"
"b55b428e-1f7c-402d-8424-19aebca6a309","f610d893-650e-46e2-89a6-c50f59036275",,"0","0","0","0","0","0","0","0","2026-01-10 12:02:52","2026-01-10 12:02:52"
"6c36c52b-dd18-496c-ba0c-1b66e029b41d","1dac1aa2-22c2-41e9-a608-2ffb1cefdf84",,"0","0","0","0","0","0","0","0","2026-01-10 12:02:52","2026-01-10 12:02:52"
"001fc9f3-068a-4a45-ae02-ada4896eaa30","1ee2cd39-dcf0-4e78-971d-967b8f1e2f12",,"0","196000","0","0","0","0","0","0","2026-01-10 12:02:52","2026-01-10 12:02:52"
"3b1e1f61-516e-4962-ad2c-ac7450d1deb4","1c97dc61-7708-4958-8222-3fe8fa9275bc",,"0","0","0","0","0","0","0","0","2026-01-10 12:02:52","2026-01-10 12:02:52"
"5a407073-0954-4bb3-842f-4b9bf65cb7dd","9ab139e7-cf16-4085-9352-c51d74e61115",,"0","0","0","0","0","0","0","0","2026-01-10 12:02:52","2026-01-10 12:02:52"
"d44164e6-7ee7-4513-aa0d-a71111862f9a","ac303bf7-2a32-471d-9be1-a1dbb2e915e7",,"0","0","0","0","0","0","0","1","2026-01-10 12:02:52","2026-01-10 12:02:52"
"4cf98297-f6a4-4551-a121-435f47803270","df361e73-da0e-4e50-992d-e95e57306357",,"0","0","0","0","0","0","0","0","2026-01-10 12:02:52","2026-01-10 12:02:52"
"ab7e2994-5543-43e0-ac21-84bd6d99307f","c8bbd1a5-9676-4a19-b8c4-1b2f22fe8148",,"0","0","0","0","0","0","0","0","2026-01-10 12:02:52","2026-01-10 12:02:52"
"e5891909-27af-40ab-a2ef-0f92ce1b7c8b","88848236-153f-41d1-85cd-4a9001af249c",,"0","0","0","0","0","0","0","0","2026-01-10 12:02:52","2026-01-10 12:02:52"
"d8e2f649-0328-4d3b-b381-ea1837ba816a","d96ac4e8-daa4-4d60-9a4d-f7dcb54412b7",,"0","0","0","0","0","0","0","0","2026-01-10 12:02:52","2026-01-10 12:02:52"
"8c6bfbf4-436b-4178-8407-baef4c87fb04","d451263c-43df-4ba1-b652-cbac27ff7846",,"0","0","0","0","0","0","0","0","2026-01-10 12:02:52","2026-01-10 12:02:52"
"b4de47eb-dad4-4ec2-807d-8b71c9d65664","a3d5f27f-978c-48e7-97cf-21e8aea6d359",,"0","0","0","0","0","0","0","0","2026-01-10 12:02:52","2026-01-10 12:02:52"
"a494abc0-6469-4a23-b65a-f1f0290bd126","780dabc4-787e-4001-9c4b-a07c9874ffab",,"0","0","0","0","0","0","0","0","2026-01-10 12:02:52","2026-01-10 12:02:52"
"b9c5da0e-3f95-4b2b-9103-f8573851fcaa","499ed48e-a3e7-480e-900b-f384cd1ec21f",,"0","0","0","0","0","0","0","0","2026-01-10 12:02:52","2026-01-10 12:02:52"
"8f8de3ba-92f5-4e69-b38f-cbd738d9f6f8","fc554f5b-c10b-4835-b81b-6eb90deb8862",,"0","0","0","0","0","0","0","0","2026-01-10 12:02:52","2026-01-10 12:02:52"
"f2c8c275-adcf-45a2-b81c-e58e3a3d21a4","ab2c97a4-15c8-4105-902b-e6b961445825",,"0","0","0","0","0","0","0","0","2026-01-10 12:02:52","2026-01-10 12:02:52"
"83854a68-2ac1-42f8-8530-bd3d7b0e68ec","0fe579f2-a816-4116-a312-a340923dbfe6",,"0","0","0","0","0","0","0","0","2026-01-10 12:02:52","2026-01-10 12:02:52"
"ae7bbeac-24b1-43cc-a16a-d4fd6fb3b80b","a0160a9a-fe08-485e-9592-67df5f2e6235",,"0","0","0","0","0","0","0","0","2026-01-10 12:02:52","2026-01-10 12:02:52"
"711b486f-2073-4520-a677-cb62727c2ee5","ba736baa-47d2-4b53-8969-661dbce6e6a1",,"0","0","0","0","0","0","0","0","2026-01-10 12:02:52","2026-01-10 12:02:52"
"262983f7-3fbf-4c2c-bbad-1de628fd1acc","f943babd-ea6a-444b-b645-315f491c40a6",,"0","0","0","0","0","0","0","0","2026-01-10 12:02:52","2026-01-10 12:02:52"
"66889eba-1779-4687-90e1-c37be34b8283","e277efc3-55a1-40a9-8fad-b3149ffe9d2f",,"0","0","0","0","0","0","0","0","2026-01-10 12:02:52","2026-01-10 12:02:52"
"691546cb-3c91-43d1-b20d-d9865432427a","347dcb07-5002-4376-b056-fc37fe48eac8",,"0","0","0","0","0","0","0","0","2026-01-10 12:02:52","2026-01-10 12:02:52"
"a2f19c66-caab-4be4-b4bb-23c592a69cb5","4024b1c9-12fd-451e-8a5f-0a5025e55819",,"0","0","0","0","0","0","0","0","2026-01-10 12:02:52","2026-01-10 12:02:52"
"b7bcd7b5-6b08-4d9b-a8f8-2f124df39438","8be9d5c3-86aa-4cd5-be33-3b39dfd647fa",,"0","0","0","0","0","0","0","0","2026-01-10 12:02:52","2026-01-10 12:02:52"
"3e15428f-8332-44d9-a534-32f83caffa5f","bb0d140f-d9e5-4b4a-8182-4376a439422f",,"0","0","0","0","0","0","0","0","2026-01-10 12:02:52","2026-01-10 12:02:52"
"03ab597d-ed62-4985-ba61-c90b8c132c55","243ecbfb-c97d-42f8-b56c-31ca4f742263",,"0","0","0","0","0","0","0","0","2026-01-10 12:02:52","2026-01-10 12:02:52"
"c2f6cc53-249f-4766-b84c-6452f5134eb6","5b707bb6-7325-4cd8-961e-8eff582d5328",,"0","0","0","0","0","0","0","0","2026-01-10 12:02:52","2026-01-10 12:02:52"
"2e158825-05ab-4832-b269-58ac8b7c7758","f796a38b-1d81-4e48-ad0c-4ebeb485b41d",,"0","0","0","0","0","0","0","0","2026-01-10 12:02:52","2026-01-10 12:02:52"
"a2a83c6f-84d7-4d32-99b5-c55ddf85bb76","e909318a-6b26-4da4-a189-c7e5e01c2226",,"0","0","0","0","0","0","0","0","2026-01-10 12:02:52","2026-01-10 12:02:52"
"81e08511-344a-4795-92ff-cc9949e16241","ad81abe8-369b-42cc-b233-fa5e90258116",,"0","0","0","0","0","0","0","0","2026-01-10 12:02:52","2026-01-10 12:02:52"
"8ebb6911-0b21-46d4-8841-2fbbd8d9a2f6","98ecc642-3342-4704-bc19-7da7d34461df",,"0","0","0","0","0","0","0","0","2026-01-10 12:02:52","2026-01-10 12:02:52"
"84045c71-9f66-4382-99b1-51592d411016","290bec96-ad40-46e1-ad88-33c3cf6536b9",,"0","0","0","0","0","0","0","0","2026-01-10 12:02:52","2026-01-10 12:02:52"
"c9c3bcfb-c9c6-4014-879d-ea99905dc5ab","0ce95acf-1221-45aa-ae6a-d496a33d1fa8",,"0","0","0","0","0","0","0","0","2026-01-10 12:02:52","2026-01-10 12:02:52"
"b47e4ecb-8720-4ada-863b-c9b249e44dbb","3d7a177b-20bf-4b7d-a8a1-7c3514daa4a5",,"0","0","0","0","0","0","0","0","2026-01-10 12:02:52","2026-01-10 12:02:52"
"6da596fc-50c9-420e-b9e1-daab020b3d6c","2155ba74-85c2-4123-9485-75b3c9e07def",,"0","0","0","0","0","0","0","0","2026-01-10 12:02:52","2026-01-10 12:02:52"
"619d385f-ea33-4d53-9275-5e8b47549fd9","a61d62b8-582d-4179-9603-789f0ee2bece",,"0","0","0","0","0","0","0","0","2026-01-10 12:02:52","2026-01-10 12:02:52"
"6d312bd0-1916-439c-b9bc-f38596ca9a27","7cbee3c6-e9d5-40f1-9be2-ac2fe5053add",,"0","0","0","0","0","0","0","0","2026-01-10 12:02:52","2026-01-10 12:02:52"
"bc506e1d-21af-4222-a723-7367e3a1df36","ca257ac6-7d5b-4292-a6e1-9d71b5c73ada",,"0","0","0","0","0","0","0","0","2026-01-10 12:02:52","2026-01-10 12:02:52"
"25505610-d703-4799-b223-fd428d6a53b6","80126705-23b0-47c5-bf0b-bcce2bb4b417",,"0","0","0","0","0","0","0","0","2026-01-10 12:02:52","2026-01-10 12:02:52"
"3d1a638d-42fe-4240-ab64-3cced1d9c77c","ae70ee5e-ea25-47b0-9b80-aba3400b5cd3",,"0","0","0","0","0","0","0","0","2026-01-10 12:02:52","2026-01-10 12:02:52"
"bdf7629d-2dbd-41fd-8f83-e53f0972585c","f648ef1c-c7c1-4d7f-b04a-91bf04a6718d",,"0","0","0","0","0","0","0","0","2026-01-10 12:02:52","2026-01-10 12:02:52"
"4d755fea-11b5-4d93-93bb-f30c2fef9a06","319210e7-b5f8-45c0-a3d0-9e384b46c5ca",,"0","0","0","0","0","0","0","0","2026-01-10 12:02:52","2026-01-10 12:02:52"
"4609db25-dc9a-4f26-9e89-05ef1ea0f2e1","58b4e1a8-1418-4da0-a57e-23d285891faf",,"0","0","0","0","0","0","0","0","2026-01-10 12:02:52","2026-01-10 12:02:52"
"42418c9f-df24-492a-98e8-2ef41ac0d844","b9e6ee77-95a5-4782-819e-2e9f0e39a9db",,"0","0","0","0","0","0","0","0","2026-01-10 12:02:52","2026-01-10 12:02:52"
"e70f44e4-9444-49fd-9f31-bbea42df57ab","7484b19e-814d-4ca1-bfab-c1050e50b712",,"0","0","0","0","0","0","0","0","2026-01-10 12:02:52","2026-01-10 12:02:52"
"056a380b-2176-44e2-b04f-10fd5b11b3d5","e0d7a709-6146-4915-83d7-1906b24f9ce6",,"0","0","0","0","0","0","0","0","2026-01-10 12:02:52","2026-01-10 12:02:52"
"1efdfd4c-3997-4474-9d01-fe1a5709862e","605dc402-64b7-4ba9-9069-e705f4746b7c",,"0","0","0","0","0","0","0","0","2026-01-10 12:02:52","2026-01-10 12:02:52"
"8d33dcd1-1274-4c40-a646-92d8b7428883","3f8fddd3-f75d-4d55-8622-c998930adc92",,"0","0","0","0","0","0","0","0","2026-01-10 12:02:52","2026-01-10 12:02:52"
"f6414683-dd3e-4e1b-9fb2-bf548f678fd9","be9dc891-8287-4cbd-9093-b658cae87d07",,"0","0","0","0","0","0","0","1","2026-01-10 12:02:52","2026-01-10 12:02:52"
"be7b2483-6c74-44ec-bf75-f4819e947520","20eb604e-6144-4ec8-9dfc-e504cfc576ea",,"0","0","0","0","0","0","0","1","2026-01-10 12:02:52","2026-01-10 12:02:52"
"e1634ccb-2fdf-46f3-96aa-4f804657d893","945cd8b9-47c7-4093-b0ea-4531c6ced200",,"0","0","0","0","0","0","0","1","2026-01-10 12:02:52","2026-01-10 12:02:52"
"f5c67191-b472-42f5-8afe-6ae799fb1b96","23483a03-aa1e-4e9e-862e-23a723901474",,"0","697","983","0","0","0","0","0","2026-01-10 12:02:52","2026-01-10 12:02:52"
"65cb38a4-8683-4041-8349-8b12f68fdeec","70628840-212f-4377-8b18-8aa145bc292a",,"0","3000","4400","0","0","0","0","0","2026-01-10 12:02:52","2026-01-10 12:02:52"
"7f2212e9-0e84-419e-8b3e-f2ec8daf28c0","6855aba8-d2c9-4cd6-aa86-bed08d0acfc8",,"0","323",,"0","0","0","0","0","2026-01-10 12:02:52","2026-01-10 12:02:52"
"69a28e43-4953-4e87-adf7-7d08e890ea67","9bb91606-f058-4164-bcaa-87892da94227",,"0",,,"0","0","0","0","0","2026-01-10 12:02:52","2026-01-10 12:02:52"
"63a1f58a-9411-4fe0-b0c2-9d3c3e2ebdf7","5f399d54-407c-4b4a-98c7-aef9ad1600c6",,"0","0","0","0","0","0","0","0","2026-01-10 12:02:52","2026-01-10 12:02:52"
"22a97839-f05c-4f1a-b67d-6f3e12ba3279","489d88bf-1f8d-4de9-b7f1-a863268d3126",,"0","0","0","0","0","0","0","0","2026-01-10 12:02:52","2026-01-10 12:02:52"
"bc7564d7-e2e1-4520-acab-b03725d5d50e","f1ce23fc-d9bd-4514-83be-543b30357cb1",,"0","0","0","0","0","0","0","0","2026-01-10 12:02:52","2026-01-10 12:02:52"
"9968e79b-74f7-45b2-a1fe-e35593a80e27","4af9efb4-507c-4d83-bac1-bfcb915174a4",,"0","0","0","0","0","0","0","0","2026-01-10 12:02:52","2026-01-10 12:02:52"
"99f3e62a-365e-4aad-8615-1cf6621e9915","38561e9f-265f-4bd5-9e6f-4d4c001fab1e",,"0","0","0","0","0","0","0","0","2026-01-10 12:02:52","2026-01-10 12:02:52"
"a636e47d-14bb-4d3e-9df2-216a13cf75ea","fb0b305f-4c8f-43af-acc7-5619797e05a7",,"0","0","0","0","0","0","0","0","2026-01-10 12:02:52","2026-01-10 12:02:52"
"dec8d4fd-9121-4e1e-8be1-6a34e624f5f1","fbb1242f-32be-4c01-b085-b98486a13802",,"0","0","0","0","0","0","0","0","2026-01-10 12:02:52","2026-01-10 12:02:52"
"158dc526-8393-4a9f-b5ff-c0fe29c5aae9","bb624860-ff6d-416a-bd40-2458aeefed6c",,"0","0","0","0","0","0","0","0","2026-01-10 12:02:52","2026-01-10 12:02:52"
"3f366a20-7263-4eea-8b4d-26ed4716e9cf","d93c950c-ab6f-4a07-b92b-33b89adc419b",,"0","0","0","0","0","0","0","0","2026-01-10 12:02:52","2026-01-10 12:02:52"
"d9df3935-5de2-44ab-9468-d3f5b32cc940","12c8ab8c-e4fd-4910-8bce-ef630b9e6491",,"0","0","0","0","0","0","0","0","2026-01-10 12:02:52","2026-01-10 12:02:52"
"07ed6155-bf32-4689-a15b-ddfefe1ef0d9","64afff51-8b14-4193-a750-6c03763a23b4",,"0","0","0","0","0","0","0","0","2026-01-10 12:02:52","2026-01-10 12:02:52"
"b9ddf989-2eb0-4169-baaf-d9445fa8c204","3431dd32-d63e-4fce-8a7b-488a02dadf73",,"0","0","0","0","0","0","0","0","2026-01-10 12:02:52","2026-01-10 12:02:52"
"28d64bb8-3674-4cfe-943e-aed8d31b759d","c6444da3-7bf0-44e7-a219-85d4e84bded4",,"0","0","0","0","0","0","0","0","2026-01-10 12:02:52","2026-01-10 12:02:52"
"79fb9378-eb5b-404d-9c18-bff43c517ef8","b702b30c-ea16-4a5b-8d78-13f8c41c51d3",,"0","0","0","0","0","0","0","0","2026-01-10 12:02:52","2026-01-10 12:02:52"
"578b088d-5804-410d-8ad6-c6f704b4eeb5","7d07fbd9-d1a5-4820-8ff8-c1120ea6ff06",,"0","0","0","0","0","0","0","0","2026-01-10 12:02:52","2026-01-10 12:02:52"
"5c973dfd-ba7a-47a7-abde-706d1bc42efb","0b66ede6-6a9d-4dc1-a71e-d4ac5db22f6f",,"0","0","0","0","0","0","0","0","2026-01-10 12:02:52","2026-01-10 12:02:52"
"a52a863a-bc72-452b-bea1-afe1e64dc7a5","606a879b-da69-4f28-bb62-7d6928c5bfda",,"0","0","0","0","0","0","0","0","2026-01-10 12:02:52","2026-01-10 12:02:52"
"d571bbf5-e56b-4b90-9067-ba4d2f9d5fa9","51de79ee-7094-4b9e-8fd8-36c14770b17d",,"0","0","0","0","0","0","0","0","2026-01-10 12:02:52","2026-01-10 12:02:52"
"9e7c0eb2-5c6c-4e8f-aea8-f6bef56fed75","1fac6fce-3ca3-41c6-a470-541370486496",,"0","0","0","0","0","0","0","0","2026-01-10 12:02:52","2026-01-10 12:02:52"
"9fe16c87-e515-46f9-9c07-1ed0a1d73e58","7ead3192-9970-4ca4-9492-1e653cba5c40",,"0","0","0","0","0","0","0","0","2026-01-10 12:02:52","2026-01-10 12:02:52"
"6a3191f7-662e-4e15-b2fb-55e4cd8030e1","b369aafb-788d-48c2-a292-1227e246c5e2",,"0","0","0","0","0","0","0","0","2026-01-10 12:02:52","2026-01-10 12:02:52"
"cdcaff21-8b45-4bd1-8a25-73e781f8579d","4aafb50c-8cb6-4610-9232-89902077d0a3",,"0","0","0","0","0","0","0","0","2026-01-10 12:02:52","2026-01-10 12:02:52"
"092ed9e7-ed64-4446-9a95-2cffc8ab18a9","30a2d954-c1e6-4ca8-8b82-c27241094307",,"0","0","0","0","0","0","0","0","2026-01-10 12:02:52","2026-01-10 12:02:52"
"15532d6e-aca3-4bae-9a32-6b2829bfd38e","490c8da9-056b-42c8-953b-790ae0d96980",,"0","0","0","0","0","0","0","0","2026-01-10 12:02:52","2026-01-10 12:02:52"
"fc85cdf4-0fe7-4d08-8b96-2f645a01248c","e75e0dd4-68dc-4253-ba10-c66dbc68af66",,"0","0","0","0","0","0","0","0","2026-01-10 12:02:52","2026-01-10 12:02:52"
"965b8fb2-9692-475a-9cc1-0fbe82d599cb","3ab4cfd1-65bf-4466-b000-fa986136cf8a",,"0","0","0","0","0","0","0","0","2026-01-10 12:02:52","2026-01-10 12:02:52"
"41ec8184-40e4-4e07-8aa7-fe2332d85b21","52e386d0-16ce-48fa-91c9-75e6dc633959",,"0","0","0","0","0","0","0","0","2026-01-10 12:02:52","2026-01-10 12:02:52"
