"id","franchise_id","city","state","country","created_at"
"69ab0f6f-389c-4dc3-965e-167af9f281f0","b38c39c0-b9f6-495f-b8be-a65b1c0b9221","Delhi","Delhi","India","2026-01-10 12:02:52"
"90112379-c7bb-4737-b6bf-91f0a083a1dd","b38c39c0-b9f6-495f-b8be-a65b1c0b9221","Mumbai","Maharashtra","India","2026-01-10 12:02:52"
"30e91707-2f40-4b1c-91d1-1ab339051e81","b38c39c0-b9f6-495f-b8be-a65b1c0b9221","Bengaluru","Karnataka","India","2026-01-10 12:02:52"
"8eb0469b-8209-4ef6-a88a-2c0132e7b86b","c8f6989c-d785-4cf7-b127-b7ba288a3314","Chennai","Tamil Nadu","India","2026-01-10 12:02:52"
"e5b021c7-d86f-4313-8712-8d1b7b1689b4","c8f6989c-d785-4cf7-b127-b7ba288a3314","Bangalore","Karnataka","India","2026-01-10 12:02:52"
"c2167575-78fc-4f2d-a2a1-98d98a5dc424","b297c5b9-82e3-4c3d-88fc-c509ae881207","Yavatmal","Maharashtra","India","2026-01-10 12:02:52"
"e7580fc4-8ea5-4cf5-8efa-8fb8c415b995","b297c5b9-82e3-4c3d-88fc-c509ae881207","Hyderabad","Telangana","India","2026-01-10 12:02:52"
"8cad19cc-244e-4670-aadb-104b44865291","b297c5b9-82e3-4c3d-88fc-c509ae881207","Visakhapatnam","Andhra Pradesh","India","2026-01-10 12:02:52"
"5b5a302e-d331-439f-81c5-5196da958a21","b297c5b9-82e3-4c3d-88fc-c509ae881207","Chennai","Tamil Nadu","India","2026-01-10 12:02:52"
"75dc5681-85c0-40d6-a29c-b4b96b2717d2","6a8c08c9-ef66-48b0-a68e-e9e0b7b40fcc","Pune","Maharashtra","India","2026-01-10 12:02:52"
"704673ff-0f71-4b64-a29e-bb76d2a08ac9","6a8c08c9-ef66-48b0-a68e-e9e0b7b40fcc","Nagpur","Maharashtra","India","2026-01-10 12:02:52"
"2ef22ae5-82f4-416d-a90a-5ba09a7e9209","6a8c08c9-ef66-48b0-a68e-e9e0b7b40fcc","Aurangabad","Maharashtra","India","2026-01-10 12:02:52"
"1763ffc6-c6a5-4b39-a3b6-d60c41c3fc2c","6a8c08c9-ef66-48b0-a68e-e9e0b7b40fcc","Alibag","Maharashtra","India","2026-01-10 12:02:52"
"49cb5a93-5c8d-4b77-9951-7cac80ebf970","afb4be0a-0173-4248-b0b9-9c7ba0e3ce8f","Indore","Madhya Pradesh","India","2026-01-10 12:02:52"
"92d981bc-8ffc-473a-8cd9-06bc2e7a7acf","09378ed3-2aa4-4e45-bf5d-6a75d1bdb2f7","Kolkata","West Bengal","India","2026-01-10 12:02:52"
"b710ade2-a041-4dd2-88d8-f4b9a210f74d","09378ed3-2aa4-4e45-bf5d-6a75d1bdb2f7","Bhubaneswar","Odisha","India","2026-01-10 12:02:52"
"e61cac08-e2a9-4ebb-a352-53072bb6a4fd","09378ed3-2aa4-4e45-bf5d-6a75d1bdb2f7","Dhanbad","Jharkhand","India","2026-01-10 12:02:52"
"df902586-b41d-4721-8215-dc5229c6d022","09378ed3-2aa4-4e45-bf5d-6a75d1bdb2f7","Bhagalpur","Bihar","India","2026-01-10 12:02:52"
"736df19c-f1f1-4c53-902a-dc9074f591be","09378ed3-2aa4-4e45-bf5d-6a75d1bdb2f7","Begusarai","Bihar","India","2026-01-10 12:02:52"
"8d384da8-dcfa-44f4-bd72-607d803caa69","09378ed3-2aa4-4e45-bf5d-6a75d1bdb2f7","Guwahati","Assam","India","2026-01-10 12:02:52"
"4d94bbae-2bec-4692-b2f4-0742d4e799fb","09378ed3-2aa4-4e45-bf5d-6a75d1bdb2f7","Agartala","Tripura","India","2026-01-10 12:02:52"
"d7603fed-dbae-4990-b5c4-29e6c0a0aa45","b781fa76-8eaf-4cf9-a15c-b6a1c3503554","Delhi","Delhi","India","2026-01-10 12:02:52"
"74a8b5f8-c905-4a60-be98-fcbf6b03acb0","b781fa76-8eaf-4cf9-a15c-b6a1c3503554","Gurgaon","Haryana","India","2026-01-10 12:02:52"
"329eaed5-23ab-4975-a472-2ff819615f9e","b781fa76-8eaf-4cf9-a15c-b6a1c3503554","Ludhiana","Punjab","India","2026-01-10 12:02:52"
"00b108d1-d868-46e1-b3dd-d67c446ac68c","b781fa76-8eaf-4cf9-a15c-b6a1c3503554","Agra","Uttar Pradesh","India","2026-01-10 12:02:52"
"32104a20-4b7b-4104-8e46-97c9796ff33a","b781fa76-8eaf-4cf9-a15c-b6a1c3503554","Bangalore","Karnataka","India","2026-01-10 12:02:52"
"a618d8a3-1a52-4c51-82b9-15de287414fd","b781fa76-8eaf-4cf9-a15c-b6a1c3503554","Hyderabad","Telangana","India","2026-01-10 12:02:52"
"791e379e-b678-4f7c-9faf-4a79747b3e1f","b781fa76-8eaf-4cf9-a15c-b6a1c3503554","Coimbatore","Tamil Nadu","India","2026-01-10 12:02:52"
"f89be054-610a-44a6-b48e-66c11aff6007","b781fa76-8eaf-4cf9-a15c-b6a1c3503554","Erode","Tamil Nadu","India","2026-01-10 12:02:52"
"e97c376d-31cb-4638-80ca-c3b9da2cc4df","b781fa76-8eaf-4cf9-a15c-b6a1c3503554","Bhopal","Madhya Pradesh","India","2026-01-10 12:02:52"
"b3fd47f7-fb94-4bb7-ac7b-4c9f7eba4de6","b781fa76-8eaf-4cf9-a15c-b6a1c3503554","Jaipur","Rajasthan","India","2026-01-10 12:02:52"
"372434fe-5d57-495d-b69a-16b4d6a3fc18","b781fa76-8eaf-4cf9-a15c-b6a1c3503554","Mumbai","Maharashtra","India","2026-01-10 12:02:52"
"b01519be-e876-4770-b1f6-6e5d6039468d","b781fa76-8eaf-4cf9-a15c-b6a1c3503554","Pune","Maharashtra","India","2026-01-10 12:02:52"
"2b61ac01-c9df-4922-884d-3ce1c838f8df","b781fa76-8eaf-4cf9-a15c-b6a1c3503554","Nashik","Maharashtra","India","2026-01-10 12:02:52"
"3a705cd7-49c4-4584-90b8-2791f331182c","b781fa76-8eaf-4cf9-a15c-b6a1c3503554","Nagpur","Maharashtra","India","2026-01-10 12:02:52"
"6c2cb80c-9210-463a-a1ff-fe1953463914","b781fa76-8eaf-4cf9-a15c-b6a1c3503554","Surat","Gujarat","India","2026-01-10 12:02:52"
"72cf748b-2541-4002-94ae-e9d2e91f2470","b781fa76-8eaf-4cf9-a15c-b6a1c3503554","Belagavi","Karnataka","India","2026-01-10 12:02:53"
"2383da65-e9eb-453d-a7c6-803b8d1badc0","b781fa76-8eaf-4cf9-a15c-b6a1c3503554","Bilaspur","Chhattisgarh","India","2026-01-10 12:02:53"
"f2da733e-e043-4b89-837b-0a4cb86abb36","b781fa76-8eaf-4cf9-a15c-b6a1c3503554","Ranchi","Jharkhand","India","2026-01-10 12:02:53"
"aa4e79c5-d02b-44a1-88bc-6fa2c15ed664","0e50ed02-6937-4c8d-aa31-b4202a5f77cd","Mumbai","Maharashtra","India","2026-01-10 12:02:53"
"c414a9ba-365c-4897-bf2e-3135900e1605","0e50ed02-6937-4c8d-aa31-b4202a5f77cd","Nagpur","Maharashtra","India","2026-01-10 12:02:53"
"17254b83-26c4-44e6-b2e2-946b0c39cc26","0e50ed02-6937-4c8d-aa31-b4202a5f77cd","Satara","Maharashtra","India","2026-01-10 12:02:53"
"9484c96c-f55c-4708-ac17-c0072ec0698e","0e50ed02-6937-4c8d-aa31-b4202a5f77cd","Solapur","Maharashtra","India","2026-01-10 12:02:53"
"f176777f-5abc-4310-b5b1-f13b5e58bf09","0e50ed02-6937-4c8d-aa31-b4202a5f77cd","Amravati","Maharashtra","India","2026-01-10 12:02:53"
"f7fc88b7-7713-4b40-be86-c6fa5c0b1572","0e50ed02-6937-4c8d-aa31-b4202a5f77cd","Jalgaon","Maharashtra","India","2026-01-10 12:02:53"
"701086c5-f6aa-4240-94ec-56a7091ef9a8","0e50ed02-6937-4c8d-aa31-b4202a5f77cd","Varanasi","Uttar Pradesh","India","2026-01-10 12:02:53"
"d35478ee-d14c-43d1-a212-54f6ee146f20","0e50ed02-6937-4c8d-aa31-b4202a5f77cd","Allahabad","Uttar Pradesh","India","2026-01-10 12:02:53"
"6a5df646-5832-4ce9-92bc-4b71ea0cbfea","0e50ed02-6937-4c8d-aa31-b4202a5f77cd","Meerut","Uttar Pradesh","India","2026-01-10 12:02:53"
"c6621b14-28cb-48b0-b725-075e6c977bf5","0e50ed02-6937-4c8d-aa31-b4202a5f77cd","Noida","Uttar Pradesh","India","2026-01-10 12:02:53"
"5401dae5-64cb-4a03-a308-566d0cf055c7","0e50ed02-6937-4c8d-aa31-b4202a5f77cd","Ghaziabad","Uttar Pradesh","India","2026-01-10 12:02:53"
"00befd4f-1847-4c31-b86d-e91d10627381","0e50ed02-6937-4c8d-aa31-b4202a5f77cd","Indore","Madhya Pradesh","India","2026-01-10 12:02:53"
"198a5120-f390-4973-81ce-1f7016826246","0e50ed02-6937-4c8d-aa31-b4202a5f77cd","Bhopal","Madhya Pradesh","India","2026-01-10 12:02:53"
"93fc4133-6c1d-4efe-87e9-f6d824d3b5bd","0e50ed02-6937-4c8d-aa31-b4202a5f77cd","Jabalpur","Madhya Pradesh","India","2026-01-10 12:02:53"
"16c2513b-fff0-4d4d-8df1-70b68ad214c7","0e50ed02-6937-4c8d-aa31-b4202a5f77cd","Gwalior","Madhya Pradesh","India","2026-01-10 12:02:53"
"d3e0d3bd-0179-4c39-95bb-3cacadc48e48","0e50ed02-6937-4c8d-aa31-b4202a5f77cd","Ahmedabad","Gujarat","India","2026-01-10 12:02:53"
"d6f83cbb-0f6a-4388-ae7d-6a5f94591ab5","0e50ed02-6937-4c8d-aa31-b4202a5f77cd","Surat","Gujarat","India","2026-01-10 12:02:53"
"f77c5316-0ec2-48d8-9e27-fe6b68ebc3b6","0e50ed02-6937-4c8d-aa31-b4202a5f77cd","Vadodara","Gujarat","India","2026-01-10 12:02:53"
"7706ae2e-1b7c-41e6-8d16-0e8b7489bffa","0e50ed02-6937-4c8d-aa31-b4202a5f77cd","Rajkot","Gujarat","India","2026-01-10 12:02:53"
"a37b60cb-5327-4faf-9476-f50df85c5a91","0e50ed02-6937-4c8d-aa31-b4202a5f77cd","Bangalore","Karnataka","India","2026-01-10 12:02:53"
"4b2babc4-8922-4703-b57f-eda6daae4b44","0e50ed02-6937-4c8d-aa31-b4202a5f77cd","Mysore","Karnataka","India","2026-01-10 12:02:53"
"0414f82c-237d-424c-aa63-354d35dab3b5","0e50ed02-6937-4c8d-aa31-b4202a5f77cd","Mangalore","Karnataka","India","2026-01-10 12:02:53"
"8c8e46b8-1726-4337-8e9a-f3624e655cc0","0e50ed02-6937-4c8d-aa31-b4202a5f77cd","Hubli","Karnataka","India","2026-01-10 12:02:53"
"77e44c7e-91cd-4834-ad42-80d4ea8a3964","0e50ed02-6937-4c8d-aa31-b4202a5f77cd","Jaipur","Rajasthan","India","2026-01-10 12:02:53"
"35febe74-5bc4-4156-98ce-6032baa2dc89","0e50ed02-6937-4c8d-aa31-b4202a5f77cd","Udaipur","Rajasthan","India","2026-01-10 12:02:53"
"53384320-c35d-40c9-8314-effc47f470b3","0e50ed02-6937-4c8d-aa31-b4202a5f77cd","Jodhpur","Rajasthan","India","2026-01-10 12:02:53"
"7ae9c6c5-78fa-4e18-ab49-ef5e7fdb93ba","0e50ed02-6937-4c8d-aa31-b4202a5f77cd","Kota","Rajasthan","India","2026-01-10 12:02:53"
"42464605-449e-4c84-bd47-931063ea6f6a","0e50ed02-6937-4c8d-aa31-b4202a5f77cd","Goa","Goa","India","2026-01-10 12:02:53"
"4e2629c6-3cdc-4f36-989f-bb5d360fd652","0e50ed02-6937-4c8d-aa31-b4202a5f77cd","Chandigarh","Chandigarh","India","2026-01-10 12:02:53"
"0c726def-a3f0-4198-997a-385c0a1da06f","0e50ed02-6937-4c8d-aa31-b4202a5f77cd","Dehradun","Uttarakhand","India","2026-01-10 12:02:53"
"7d03e5ab-fef9-4ced-9f59-a9264ad7d123","0e50ed02-6937-4c8d-aa31-b4202a5f77cd","Patna","Bihar","India","2026-01-10 12:02:53"
"c6ab90df-f44d-431e-ab13-5996f5e0b400","0e50ed02-6937-4c8d-aa31-b4202a5f77cd","Ranchi","Jharkhand","India","2026-01-10 12:02:53"
"382603e0-ca57-46a2-9561-df97c5ef8313","7e62e026-71a1-4b49-971d-e8bcd1cc4e54","Delhi","Delhi","India","2026-01-10 12:02:53"
"858ba4f8-973a-426e-8dba-7df4e7b7d535","7e62e026-71a1-4b49-971d-e8bcd1cc4e54","Uttar Pradesh","Uttar Pradesh","India","2026-01-10 12:02:53"
"fc17df9d-e763-4bba-8733-b5362001bf0c","7e62e026-71a1-4b49-971d-e8bcd1cc4e54","Haryana","Haryana","India","2026-01-10 12:02:53"
"6c1fa70c-62e7-42db-aa30-19fff2908b71","7e62e026-71a1-4b49-971d-e8bcd1cc4e54","Punjab","Punjab","India","2026-01-10 12:02:53"
"811878c3-c770-4aa5-893f-eedabc66cf43","7e62e026-71a1-4b49-971d-e8bcd1cc4e54","Himachal Pradesh","Himachal Pradesh","India","2026-01-10 12:02:53"
"113e35ad-7a09-4205-97c7-4373fe035e83","7e62e026-71a1-4b49-971d-e8bcd1cc4e54","Uttarakhand","Uttarakhand","India","2026-01-10 12:02:53"
"3d166652-fb17-42c9-80da-7e1e45040b41","7e62e026-71a1-4b49-971d-e8bcd1cc4e54","Jammu & Kashmir","Jammu & Kashmir","India","2026-01-10 12:02:53"
"9d09f954-d45d-4284-af16-6d28e713965c","7e62e026-71a1-4b49-971d-e8bcd1cc4e54","Karnataka","Karnataka","India","2026-01-10 12:02:53"
"3790d6e6-1e56-44bd-9179-412cb20d155e","7e62e026-71a1-4b49-971d-e8bcd1cc4e54","Tamil Nadu","Tamil Nadu","India","2026-01-10 12:02:53"
"1767f99f-b9dc-4c7c-b807-4234e1ab4200","7e62e026-71a1-4b49-971d-e8bcd1cc4e54","Kerala","Kerala","India","2026-01-10 12:02:53"
"9c8df45f-3c55-469c-9265-b02edf725564","7e62e026-71a1-4b49-971d-e8bcd1cc4e54","Andhra Pradesh","Andhra Pradesh","India","2026-01-10 12:02:53"
"bd7d036b-fe84-4214-b353-11953af6be9d","7e62e026-71a1-4b49-971d-e8bcd1cc4e54","Telangana","Telangana","India","2026-01-10 12:02:53"
"cbb10b6a-0d02-4d27-b33a-39ae8e91a9dd","7e62e026-71a1-4b49-971d-e8bcd1cc4e54","West Bengal","West Bengal","India","2026-01-10 12:02:53"
"b087cfe1-11af-4f35-9ec4-d71c6bde4e72","7e62e026-71a1-4b49-971d-e8bcd1cc4e54","Assam","Assam","India","2026-01-10 12:02:53"
"1766f4d9-bd0a-4441-8e02-5b1af2fdf86c","7e62e026-71a1-4b49-971d-e8bcd1cc4e54","Odisha","Odisha","India","2026-01-10 12:02:53"
"aa11675c-5bc3-4ccd-8f44-6c3f44aec7eb","7e62e026-71a1-4b49-971d-e8bcd1cc4e54","Bihar","Bihar","India","2026-01-10 12:02:53"
"548aecc5-0c7d-4f28-b963-21fc395f1f64","7e62e026-71a1-4b49-971d-e8bcd1cc4e54","Jharkhand","Jharkhand","India","2026-01-10 12:02:53"
"db2e7ca5-17ee-4c3d-aa6a-3e606314ef19","7e62e026-71a1-4b49-971d-e8bcd1cc4e54","Sikkim","Sikkim","India","2026-01-10 12:02:53"
"abbd3bed-b358-4753-82b4-b04929091751","7e62e026-71a1-4b49-971d-e8bcd1cc4e54","Meghalaya","Meghalaya","India","2026-01-10 12:02:53"
"43f2e2f4-59af-4905-96fa-9a3beda16188","7e62e026-71a1-4b49-971d-e8bcd1cc4e54","Manipur","Manipur","India","2026-01-10 12:02:53"
"96b51f7e-1639-46ca-bf4b-442f97e3a4d1","7e62e026-71a1-4b49-971d-e8bcd1cc4e54","Tripura","Tripura","India","2026-01-10 12:02:53"
"161d6490-bfb9-482b-82a5-db719eee7338","7e62e026-71a1-4b49-971d-e8bcd1cc4e54","Nagaland","Nagaland","India","2026-01-10 12:02:53"
"121c9df7-8584-4b5e-bc5d-4a6e2c0a3e2d","7e62e026-71a1-4b49-971d-e8bcd1cc4e54","Arunachal Pradesh","Arunachal Pradesh","India","2026-01-10 12:02:53"
"14d34a9e-fdba-4bef-9499-79992206b869","7e62e026-71a1-4b49-971d-e8bcd1cc4e54","Mizoram","Mizoram","India","2026-01-10 12:02:53"
"50e3fe79-78c5-4b3b-a124-46cd2efd0758","7e62e026-71a1-4b49-971d-e8bcd1cc4e54","Maharashtra","Maharashtra","India","2026-01-10 12:02:53"
"8444a546-b022-46fc-8b40-4ebf5168c215","7e62e026-71a1-4b49-971d-e8bcd1cc4e54","Gujarat","Gujarat","India","2026-01-10 12:02:53"
"e9dfb61c-687b-414f-8a81-eff905bf7b3e","7e62e026-71a1-4b49-971d-e8bcd1cc4e54","Rajasthan","Rajasthan","India","2026-01-10 12:02:53"
"b666d413-9beb-40b0-98b9-98c1ae56fdfe","7e62e026-71a1-4b49-971d-e8bcd1cc4e54","Goa","Goa","India","2026-01-10 12:02:53"
"b31cebaf-cbc4-4b79-9c30-cd4774ce9a61","7e62e026-71a1-4b49-971d-e8bcd1cc4e54","Madhya Pradesh","Madhya Pradesh","India","2026-01-10 12:02:53"
"6ee72fff-1314-40d0-a2de-d18e83a6466b","7e62e026-71a1-4b49-971d-e8bcd1cc4e54","Chhattisgarh","Chhattisgarh","India","2026-01-10 12:02:53"
"e29624a7-498f-4623-87c1-b5b71a60d540","7e62e026-71a1-4b49-971d-e8bcd1cc4e54","Chandigarh","Chandigarh","India","2026-01-10 12:02:53"
"b41f4ada-d65a-4075-867b-c94ffa9def95","7e62e026-71a1-4b49-971d-e8bcd1cc4e54","Puducherry","Puducherry","India","2026-01-10 12:02:53"
"b0a60064-3be1-4526-bf40-9c03e1bcb0a6","7e62e026-71a1-4b49-971d-e8bcd1cc4e54","Andaman & Nicobar Islands","Andaman & Nicobar Islands","India","2026-01-10 12:02:53"
"267d2579-e71b-49c4-aebb-6ccc4c5a09ac","7e62e026-71a1-4b49-971d-e8bcd1cc4e54","Lakshadweep","Lakshadweep","India","2026-01-10 12:02:53"
"eb5fb769-76e8-4cd8-a172-054e063a3321","7e62e026-71a1-4b49-971d-e8bcd1cc4e54","Daman & Diu","Daman & Diu","India","2026-01-10 12:02:53"
"e0fb960d-a4a8-42b9-83aa-f52257e2b6c7","8a873fc8-8a68-461e-81f4-55d7f192f2b1","Pune","Maharashtra","India","2026-01-10 12:02:53"
"db9bd3d2-d73d-4ad1-8716-bf275c3467b3","fc244900-e4b1-4eec-8e70-eb778beac3a5","Gurugram","Haryana","India","2026-01-10 12:02:53"
"d332ddec-a852-4af6-853a-cfd7eb3e2d21","fc244900-e4b1-4eec-8e70-eb778beac3a5","Delhi","Delhi","India","2026-01-10 12:02:53"
"040cc780-a83a-4f58-b4a2-638fa70fadfd","a6ae3e8e-b3da-4406-9a53-1f411523033b","Mumbai","Maharashtra","India","2026-01-10 12:02:53"
"7dbe2cbe-e605-40e1-a6c5-12cd9b3837f5","a6ae3e8e-b3da-4406-9a53-1f411523033b","Bangalore","Karnataka","India","2026-01-10 12:02:53"
"842f973c-58a4-4ee3-bd3c-1f61ccede789","a6ae3e8e-b3da-4406-9a53-1f411523033b","Delhi","Delhi","India","2026-01-10 12:02:53"
"9678f767-e09e-41da-abb1-14a74dc54cb6","a6ae3e8e-b3da-4406-9a53-1f411523033b","Lucknow","Uttar Pradesh","India","2026-01-10 12:02:53"
"10233127-85a9-4160-b66f-e334feefa57f","a6ae3e8e-b3da-4406-9a53-1f411523033b","Indore","Madhya Pradesh","India","2026-01-10 12:02:53"
"c8b05096-10ad-458e-afb4-fd001d330ff9","a6ae3e8e-b3da-4406-9a53-1f411523033b","Raipur","Chhattisgarh","India","2026-01-10 12:02:53"
"765d3484-e86e-49a6-8681-32099aedaad5","a6ae3e8e-b3da-4406-9a53-1f411523033b","Ranchi","Jharkhand","India","2026-01-10 12:02:53"
"e7a3709b-b48e-443d-89cc-5391131c03f8","f610d893-650e-46e2-89a6-c50f59036275","Ahmedabad","Gujarat","India","2026-01-10 12:02:53"
"a75d7a96-c122-4a18-95e3-04bd79ed3a50","f610d893-650e-46e2-89a6-c50f59036275","Jaipur","Rajasthan","India","2026-01-10 12:02:53"
"8db9bb06-6b3c-4ad8-88fe-28aa64318628","f610d893-650e-46e2-89a6-c50f59036275","Surat","Gujarat","India","2026-01-10 12:02:53"
"e59206e2-d092-44e9-917e-79a3588cdb2d","f610d893-650e-46e2-89a6-c50f59036275","Jodhpur","Rajasthan","India","2026-01-10 12:02:53"
"edc01951-cdc8-4220-9815-6e6972a16256","f610d893-650e-46e2-89a6-c50f59036275","Ludhiana","Punjab","India","2026-01-10 12:02:53"
"1d54e819-7f4f-44ac-b991-0de749ace422","f610d893-650e-46e2-89a6-c50f59036275","Bhopal","Madhya Pradesh","India","2026-01-10 12:02:53"
"3d85cb65-96a3-4b73-aece-0e4a48033e41","f610d893-650e-46e2-89a6-c50f59036275","Delhi NCR","Delhi","India","2026-01-10 12:02:53"
"c67ca17f-8be3-4367-9271-0d6208f06f11","1dac1aa2-22c2-41e9-a608-2ffb1cefdf84","Ahmedabad","Gujarat","India","2026-01-10 12:02:53"
"5702c95e-7976-43b2-8816-a2510bf4c080","1dac1aa2-22c2-41e9-a608-2ffb1cefdf84","Mumbai","Maharashtra","India","2026-01-10 12:02:53"
"39019bd5-69f0-471f-a343-0ffd5b0dbf89","1dac1aa2-22c2-41e9-a608-2ffb1cefdf84","Jaipur","Rajasthan","India","2026-01-10 12:02:53"
"17bf90f4-7a53-4deb-bfe3-ed0f8b272ffa","1dac1aa2-22c2-41e9-a608-2ffb1cefdf84","Delhi NCR","Delhi","India","2026-01-10 12:02:53"
"b59b8187-61d3-4c2e-84f7-e47859df081e","1dac1aa2-22c2-41e9-a608-2ffb1cefdf84","Bengaluru","Karnataka","India","2026-01-10 12:02:53"
"269b817a-487b-42d3-a8db-85b24accf2af","1dac1aa2-22c2-41e9-a608-2ffb1cefdf84","Chandigarh","Chandigarh","India","2026-01-10 12:02:53"
"23ca3dcc-a0bb-4fa9-a839-1d70d227acb0","1dac1aa2-22c2-41e9-a608-2ffb1cefdf84","Kolkata","West Bengal","India","2026-01-10 12:02:53"
"91b4682e-dc24-4a60-af91-7e5d12f98b53","1ee2cd39-dcf0-4e78-971d-967b8f1e2f12","Bengaluru","Karnataka","India","2026-01-10 12:02:53"
"6a2d7ee9-24ef-4737-a705-7ad1def14953","1ee2cd39-dcf0-4e78-971d-967b8f1e2f12","Hyderabad","Telangana","India","2026-01-10 12:02:53"
"06f210d8-8640-4e48-aebb-28ba07a200b7","1ee2cd39-dcf0-4e78-971d-967b8f1e2f12","Mumbai","Maharashtra","India","2026-01-10 12:02:53"
"62ea21c6-9891-4d8e-98a4-47ad2ad9f16c","1c97dc61-7708-4958-8222-3fe8fa9275bc","Delhi","Delhi","India","2026-01-10 12:02:53"
"6c718cb4-434c-4223-87e2-652277e5b53f","1c97dc61-7708-4958-8222-3fe8fa9275bc","Bengaluru","Karnataka","India","2026-01-10 12:02:53"
"9a08d41f-b43f-418f-afd6-b5d61fd3706c","1c97dc61-7708-4958-8222-3fe8fa9275bc","Mumbai","Maharashtra","India","2026-01-10 12:02:53"
"a17d25ff-0e87-4f88-b38a-63cacffeccf2","9ab139e7-cf16-4085-9352-c51d74e61115","Delhi","Delhi","India","2026-01-10 12:02:53"
"f396f3ad-3f5c-4e3b-97c0-bf72792135d6","9ab139e7-cf16-4085-9352-c51d74e61115","Gujarat","Gujarat","India","2026-01-10 12:02:53"
"92c26cb0-45fe-4225-8872-366b5790078b","9ab139e7-cf16-4085-9352-c51d74e61115","Maharashtra","Maharashtra","India","2026-01-10 12:02:53"
"dfdd80ed-2c7e-475b-923b-b63290f2e1c4","ac303bf7-2a32-471d-9be1-a1dbb2e915e7","Delhi","Delhi","India","2026-01-10 12:02:53"
"2fcfd21c-3222-4ea5-9377-f29a3538bee8","ac303bf7-2a32-471d-9be1-a1dbb2e915e7","Mumbai","Maharashtra","India","2026-01-10 12:02:53"
"40b56bf8-2357-40cc-8bbb-db1bb1aed2b7","ac303bf7-2a32-471d-9be1-a1dbb2e915e7","Bengaluru","Karnataka","India","2026-01-10 12:02:53"
"dc374fe3-02a0-4be6-97f4-2727fcf29cec","df361e73-da0e-4e50-992d-e95e57306357","Bengaluru","Karnataka","India","2026-01-10 12:02:53"
"4e7ace87-f3d5-4f52-815a-44bd9cc8b936","df361e73-da0e-4e50-992d-e95e57306357","Pune","Maharashtra","India","2026-01-10 12:02:53"
"6c3add71-6fb3-42a3-ad00-6f0c52f9c029","df361e73-da0e-4e50-992d-e95e57306357","Sangli","Maharashtra","India","2026-01-10 12:02:53"
"fc7e0db5-c663-4105-a201-f8622e8f1cd7","c8bbd1a5-9676-4a19-b8c4-1b2f22fe8148","Pan India","Various","India","2026-01-10 12:02:53"
"07cde3dc-446c-4ee4-88e9-99a309d00d05","88848236-153f-41d1-85cd-4a9001af249c","Pan India","Various","India","2026-01-10 12:02:53"
"b4134315-d43a-4179-b8d9-5c2e30b285d2","d96ac4e8-daa4-4d60-9a4d-f7dcb54412b7","North Indian Cities","Various","India","2026-01-10 12:02:53"
"bfcf5eaf-cc7b-45ca-b480-4633e0467208","d451263c-43df-4ba1-b652-cbac27ff7846","Pan-India","Various","India","2026-01-10 12:02:53"
"31fefcb6-e1a2-4af0-a989-337739832bab","a3d5f27f-978c-48e7-97cf-21e8aea6d359","All major Indian cities","Various","India","2026-01-10 12:02:53"
"0411cce5-5158-4df2-aa3f-3f6f94af7b10","780dabc4-787e-4001-9c4b-a07c9874ffab","All major Indian cities","Various","India","2026-01-10 12:02:53"
"dbc80f5c-bfbb-4259-867a-22af7da17c37","499ed48e-a3e7-480e-900b-f384cd1ec21f","All major Indian cities","Various","India","2026-01-10 12:02:53"
"36e13d46-1ce4-47db-ba68-69978b0cc4b0","fc554f5b-c10b-4835-b81b-6eb90deb8862","All major Indian cities","Various","India","2026-01-10 12:02:53"
"60505c23-9bb8-4327-aa55-9f405c9df748","ab2c97a4-15c8-4105-902b-e6b961445825","Towns and pocket towns","Kerala","India","2026-01-10 12:02:53"
"9afe23d2-76cf-4c2b-97fe-5dfc7a61ba04","0fe579f2-a816-4116-a312-a340923dbfe6","Towns and smaller cities","Karnataka","India","2026-01-10 12:02:53"
"4a9b984b-d89f-4b20-86e7-d2f0dca1a1ff","a0160a9a-fe08-485e-9592-67df5f2e6235","Rajahmundry","Andhra Pradesh","India","2026-01-10 12:02:53"
"ceda20f8-7ecc-445c-ba86-6b076692cf49","a0160a9a-fe08-485e-9592-67df5f2e6235","Hyderabad","Telangana","India","2026-01-10 12:02:53"
"b1f34b84-4aa8-4019-bccf-08ad24201f97","a0160a9a-fe08-485e-9592-67df5f2e6235","Bengaluru","Karnataka","India","2026-01-10 12:02:53"
"1191c11e-4c6b-4575-af12-3b2db6885b36","a0160a9a-fe08-485e-9592-67df5f2e6235","Chennai","Tamil Nadu","India","2026-01-10 12:02:53"
"482c958e-5fda-47f4-a6b3-38d47f7520b1","a0160a9a-fe08-485e-9592-67df5f2e6235","Kolkata","West Bengal","India","2026-01-10 12:02:53"
"99fc6f8f-03b2-481f-b282-3fdf5e19569a","ba736baa-47d2-4b53-8969-661dbce6e6a1","Mumbai","Maharashtra","India","2026-01-10 12:02:53"
"e781c707-99c0-48fd-9f89-aa5bec95eaff","ba736baa-47d2-4b53-8969-661dbce6e6a1","Delhi NCR","Delhi","India","2026-01-10 12:02:53"
"567b1971-c276-4d02-a84f-8141e11606da","ba736baa-47d2-4b53-8969-661dbce6e6a1","Bengaluru","Karnataka","India","2026-01-10 12:02:53"
"9b685096-9c11-42f1-8a17-b9728c85a325","ba736baa-47d2-4b53-8969-661dbce6e6a1","Chennai","Tamil Nadu","India","2026-01-10 12:02:53"
"62cc5c0c-15b0-4367-bc88-8dc3a5195ed1","ba736baa-47d2-4b53-8969-661dbce6e6a1","Kochi","Kerala","India","2026-01-10 12:02:53"
"1a3ff4b1-8624-495c-b32e-daca37eb639d","f943babd-ea6a-444b-b645-315f491c40a6","Bengaluru","Karnataka","India","2026-01-10 12:02:53"
"ac2cfef1-e82e-4ca4-9530-4e7dd1450f75","f943babd-ea6a-444b-b645-315f491c40a6","Delhi NCR","Delhi","India","2026-01-10 12:02:53"
"9cad20d1-1553-40f3-9970-8c51be247c6d","f943babd-ea6a-444b-b645-315f491c40a6","Mumbai","Maharashtra","India","2026-01-10 12:02:53"
"604bb20d-1a03-434d-89c5-58b59840f191","f943babd-ea6a-444b-b645-315f491c40a6","Pune","Maharashtra","India","2026-01-10 12:02:53"
"97fa6967-1c8e-474e-a7b5-aec2e116f5f3","f943babd-ea6a-444b-b645-315f491c40a6","Hyderabad","Telangana","India","2026-01-10 12:02:53"
"54dda884-4cc2-4b91-a125-f5c8a576e89f","e277efc3-55a1-40a9-8fad-b3149ffe9d2f","Kadapa","Andhra Pradesh","India","2026-01-10 12:02:53"
"4b9a40f8-8f78-44ee-ba95-931bacb89ff8","e277efc3-55a1-40a9-8fad-b3149ffe9d2f","Tirupati","Andhra Pradesh","India","2026-01-10 12:02:53"
"08fb63e9-e551-44c5-ace8-f3072c341aab","e277efc3-55a1-40a9-8fad-b3149ffe9d2f","Hyderabad","Telangana","India","2026-01-10 12:02:53"
"551c4896-8d26-414d-9fc3-fc48155d5b56","e277efc3-55a1-40a9-8fad-b3149ffe9d2f","Bengaluru","Karnataka","India","2026-01-10 12:02:53"
"1533a34a-d6b0-457b-8ec9-a6b5405c1a2d","347dcb07-5002-4376-b056-fc37fe48eac8","Bengaluru","Karnataka","India","2026-01-10 12:02:53"
"16893965-fe6b-4d0b-b2f4-9b7eca4db934","4024b1c9-12fd-451e-8a5f-0a5025e55819","Chennai","Tamil Nadu","India","2026-01-10 12:02:53"
"4fdeff2f-78a7-423b-839d-31c48cb6ff07","4024b1c9-12fd-451e-8a5f-0a5025e55819","Bengaluru","Karnataka","India","2026-01-10 12:02:53"
"e6957d5d-998d-4acf-8cc0-3197465042a6","4024b1c9-12fd-451e-8a5f-0a5025e55819","Hyderabad","Telangana","India","2026-01-10 12:02:53"
"880e90a0-b8e2-4e9e-b02a-17e563cdaa41","4024b1c9-12fd-451e-8a5f-0a5025e55819","Vijayawada","Andhra Pradesh","India","2026-01-10 12:02:53"
"d5bf0661-1198-44c6-abc0-76dfba4a4832","4024b1c9-12fd-451e-8a5f-0a5025e55819","Kochi","Kerala","India","2026-01-10 12:02:53"
"49a0c84c-d826-46bd-88b4-7e4c2b5694e0","8be9d5c3-86aa-4cd5-be33-3b39dfd647fa","Bengaluru","Karnataka","India","2026-01-10 12:02:53"
"b04d71a6-3b28-470b-a086-52dcea06a8cb","8be9d5c3-86aa-4cd5-be33-3b39dfd647fa","Mumbai","Maharashtra","India","2026-01-10 12:02:53"
"c2d801c8-d8bb-48f5-af03-9d6625f1b78d","8be9d5c3-86aa-4cd5-be33-3b39dfd647fa","Delhi NCR","Delhi","India","2026-01-10 12:02:53"
"b2d0e04a-6725-44ec-ac8d-f3bae1c764df","8be9d5c3-86aa-4cd5-be33-3b39dfd647fa","Pune","Maharashtra","India","2026-01-10 12:02:53"
"868e2f38-cd36-400e-9828-19d7ec9fc80b","8be9d5c3-86aa-4cd5-be33-3b39dfd647fa","Hyderabad","Telangana","India","2026-01-10 12:02:53"
"2d7a5b3d-d329-4891-8e74-fa4d4ff9158e","8be9d5c3-86aa-4cd5-be33-3b39dfd647fa","Chennai","Tamil Nadu","India","2026-01-10 12:02:53"
"79cf2b63-9efa-4946-add1-0fdf231371f3","8be9d5c3-86aa-4cd5-be33-3b39dfd647fa","Kolkata","West Bengal","India","2026-01-10 12:02:53"
"a55dd7c5-6fde-43d7-924a-79b75a32b7be","bb0d140f-d9e5-4b4a-8182-4376a439422f","Surat","Gujarat","India","2026-01-10 12:02:53"
"bdda2587-a7f3-4ed8-8475-3a81cd3432f2","bb0d140f-d9e5-4b4a-8182-4376a439422f","Ahmedabad","Gujarat","India","2026-01-10 12:02:53"
"2878e739-8360-40c8-9127-fe17cd5189c8","bb0d140f-d9e5-4b4a-8182-4376a439422f","Indore","Madhya Pradesh","India","2026-01-10 12:02:53"
"4cce998a-baa9-41ad-b71e-599b681dd676","bb0d140f-d9e5-4b4a-8182-4376a439422f","Raipur","Chhattisgarh","India","2026-01-10 12:02:53"
"295a01fb-0ca6-4ecd-85f0-9429a3434897","bb0d140f-d9e5-4b4a-8182-4376a439422f","Patna","Bihar","India","2026-01-10 12:02:53"
"957f9178-82d3-4839-ad23-4f9430537634","bb0d140f-d9e5-4b4a-8182-4376a439422f","Ranchi","Jharkhand","India","2026-01-10 12:02:53"
"058dc72f-cf98-494e-8ffb-ea321163bbc2","bb0d140f-d9e5-4b4a-8182-4376a439422f","Chandigarh","Chandigarh","India","2026-01-10 12:02:53"
"11f95760-5ad4-49b4-a72c-b68bc869ce31","bb0d140f-d9e5-4b4a-8182-4376a439422f","Puducherry","Puducherry","India","2026-01-10 12:02:53"
"fcbd878b-1573-4012-8344-a3947a666d09","243ecbfb-c97d-42f8-b56c-31ca4f742263","Jalandhar","Punjab","India","2026-01-10 12:02:53"
"00bcbe92-3d15-4d6b-9ee8-48fbdcdc15ab","243ecbfb-c97d-42f8-b56c-31ca4f742263","Delhi","Delhi","India","2026-01-10 12:02:53"
"f13d8845-89c0-4bc6-a8e2-34310fb688ff","243ecbfb-c97d-42f8-b56c-31ca4f742263","Mumbai","Maharashtra","India","2026-01-10 12:02:53"
"fd4cb93b-fc11-4e53-91bb-043b16c5cb90","243ecbfb-c97d-42f8-b56c-31ca4f742263","Bengaluru","Karnataka","India","2026-01-10 12:02:53"
"17dcbbc4-76ff-4139-a33c-35ffb5924f5a","243ecbfb-c97d-42f8-b56c-31ca4f742263","Chennai","Tamil Nadu","India","2026-01-10 12:02:53"
"d7e1049e-4889-4b0f-ab47-bd7d6dd3a4cf","5b707bb6-7325-4cd8-961e-8eff582d5328","Bengaluru","Karnataka","India","2026-01-10 12:02:53"
"d54cd73e-1bf8-4478-b178-b76fa3007911","5b707bb6-7325-4cd8-961e-8eff582d5328","Hyderabad","Telangana","India","2026-01-10 12:02:53"
"706dac6e-a227-4bc5-9059-7ba12bd62c35","5b707bb6-7325-4cd8-961e-8eff582d5328","Surat","Gujarat","India","2026-01-10 12:02:53"
"d834ac81-2fe4-4d9c-898e-e6aa08bc3ab7","5b707bb6-7325-4cd8-961e-8eff582d5328","Ahmedabad","Gujarat","India","2026-01-10 12:02:53"
"6bc90b8b-e427-49b2-b8b4-d2d0e5ebfd08","5b707bb6-7325-4cd8-961e-8eff582d5328","Vadodara","Gujarat","India","2026-01-10 12:02:53"
"3babb525-0f28-43d7-b848-3eb821eeed64","5b707bb6-7325-4cd8-961e-8eff582d5328","Warangal","Telangana","India","2026-01-10 12:02:53"
"7bce1ddb-4eff-46e5-a93d-780616312605","5b707bb6-7325-4cd8-961e-8eff582d5328","Udupi","Karnataka","India","2026-01-10 12:02:53"
"08dbbf3e-4863-49b0-af78-c2c016a50978","5b707bb6-7325-4cd8-961e-8eff582d5328","Mangalore","Karnataka","India","2026-01-10 12:02:53"
"9c08d30a-aca2-478d-b69e-d24e8ec06133","5b707bb6-7325-4cd8-961e-8eff582d5328","Madikeri","Karnataka","India","2026-01-10 12:02:53"
"7249db45-c954-44f1-9494-ad72c12839d1","5b707bb6-7325-4cd8-961e-8eff582d5328","Manipal","Karnataka","India","2026-01-10 12:02:53"
"f7ca74fe-68a4-471a-9b7d-d21fba975e37","5b707bb6-7325-4cd8-961e-8eff582d5328","Dwarka","Delhi","India","2026-01-10 12:02:53"
"1f3391b7-5b90-439a-82fb-793516ab8e32","f796a38b-1d81-4e48-ad0c-4ebeb485b41d","Noida","Uttar Pradesh","India","2026-01-10 12:02:53"
"1fdb29bc-0de2-44cd-9c73-93c626c9110d","f796a38b-1d81-4e48-ad0c-4ebeb485b41d","Delhi","Delhi","India","2026-01-10 12:02:53"
"04ac0afe-d8ea-4fac-938e-aadaf98c0743","f796a38b-1d81-4e48-ad0c-4ebeb485b41d","Mumbai","Maharashtra","India","2026-01-10 12:02:53"
"f6b297db-5796-40d2-8c90-a0c9b34be83c","e909318a-6b26-4da4-a189-c7e5e01c2226","Vadodara","Gujarat","India","2026-01-10 12:02:53"
"b6e54e4d-59fa-4448-8858-8b066856ce8d","e909318a-6b26-4da4-a189-c7e5e01c2226","Mumbai","Maharashtra","India","2026-01-10 12:02:53"
"ef8952f4-5a86-484a-a5b0-d8d19d6bb8a8","e909318a-6b26-4da4-a189-c7e5e01c2226","Delhi","Delhi","India","2026-01-10 12:02:53"
"83605382-11eb-4a58-a155-724de9530cbc","ad81abe8-369b-42cc-b233-fa5e90258116","Mumbai","Maharashtra","India","2026-01-10 12:02:53"
"02ed897c-1ea3-4365-9cad-90c09fa7860e","ad81abe8-369b-42cc-b233-fa5e90258116","Delhi","Delhi","India","2026-01-10 12:02:53"
"908e112c-bfc2-4e6a-9127-54b91bd25da1","ad81abe8-369b-42cc-b233-fa5e90258116","Hyderabad","Telangana","India","2026-01-10 12:02:53"
"da47613f-7186-48fa-9a53-fd4910e38d59","ad81abe8-369b-42cc-b233-fa5e90258116","Bangalore","Karnataka","India","2026-01-10 12:02:53"
"1b4a991e-1716-42fc-907a-79c6431f2a6f","98ecc642-3342-4704-bc19-7da7d34461df","Noida","Uttar Pradesh","India","2026-01-10 12:02:53"
"462a7909-a7b9-4600-95f6-b45369326caf","98ecc642-3342-4704-bc19-7da7d34461df","Delhi","Delhi","India","2026-01-10 12:02:53"
"ae650643-a251-4221-9b35-8b56910b8b3c","98ecc642-3342-4704-bc19-7da7d34461df","Mumbai","Maharashtra","India","2026-01-10 12:02:53"
"49dea1fc-b64a-4dec-8ca2-fa09f91bc1f7","98ecc642-3342-4704-bc19-7da7d34461df","Bangalore","Karnataka","India","2026-01-10 12:02:53"
"408bd123-02b1-44c7-9061-d473f5569b34","98ecc642-3342-4704-bc19-7da7d34461df","Kolkata","West Bengal","India","2026-01-10 12:02:53"
"c77752ae-db91-43a8-bf08-6daebbd9e98d","290bec96-ad40-46e1-ad88-33c3cf6536b9","Nashik","Maharashtra","India","2026-01-10 12:02:53"
"c358e961-16e0-4700-80ec-29ea1d8845e4","290bec96-ad40-46e1-ad88-33c3cf6536b9","Mumbai","Maharashtra","India","2026-01-10 12:02:53"
"9e576880-1caf-4f2e-9d0a-17d3e0a984c9","290bec96-ad40-46e1-ad88-33c3cf6536b9","Delhi","Delhi","India","2026-01-10 12:02:53"
"6c2f251b-e729-4f62-be93-6dccc975ce05","290bec96-ad40-46e1-ad88-33c3cf6536b9","Bangalore","Karnataka","India","2026-01-10 12:02:53"
"34bc4471-93d4-4e18-a360-1623edbc7100","0ce95acf-1221-45aa-ae6a-d496a33d1fa8","Kanpur","Uttar Pradesh","India","2026-01-10 12:02:53"
"47a52fc0-ce74-446a-9393-b03765419b26","0ce95acf-1221-45aa-ae6a-d496a33d1fa8","Delhi","Delhi","India","2026-01-10 12:02:53"
"f0c5fe8f-7873-4609-9086-16aa37ac3b30","0ce95acf-1221-45aa-ae6a-d496a33d1fa8","Mumbai","Maharashtra","India","2026-01-10 12:02:53"
"745b1d2f-dfaa-44cb-861b-f8025e46f33f","0ce95acf-1221-45aa-ae6a-d496a33d1fa8","Bangalore","Karnataka","India","2026-01-10 12:02:53"
"1c8d9f6f-989d-48e2-8229-9d09d004d023","3d7a177b-20bf-4b7d-a8a1-7c3514daa4a5","Chennai","Tamil Nadu","India","2026-01-10 12:02:53"
"47cfbc46-f8de-41f0-aec4-29b0135bbe9a","3d7a177b-20bf-4b7d-a8a1-7c3514daa4a5","Bangalore","Karnataka","India","2026-01-10 12:02:53"
"e32cdb0e-f115-4c92-b7a1-d79414ad9d08","3d7a177b-20bf-4b7d-a8a1-7c3514daa4a5","Mumbai","Maharashtra","India","2026-01-10 12:02:53"
"d7d6f8a8-93f8-4e56-b517-8654998f5bdd","3d7a177b-20bf-4b7d-a8a1-7c3514daa4a5","Delhi","Delhi","India","2026-01-10 12:02:53"
"c38e574e-84e3-48d9-9ae9-5387342f9ff9","2155ba74-85c2-4123-9485-75b3c9e07def","Mumbai","Maharashtra","India","2026-01-10 12:02:53"
"dbb562bb-0295-45ae-8394-da228fcb3e06","2155ba74-85c2-4123-9485-75b3c9e07def","Navi Mumbai","Maharashtra","India","2026-01-10 12:02:53"
"63ba87ea-d0fc-4681-87bf-e27a14d79250","2155ba74-85c2-4123-9485-75b3c9e07def","Delhi","Delhi","India","2026-01-10 12:02:53"
"9b4d5494-6014-4ac5-8041-f0f2abf90974","2155ba74-85c2-4123-9485-75b3c9e07def","Bangalore","Karnataka","India","2026-01-10 12:02:53"
"5866e950-43ee-44b6-b57b-c5182d65b8c7","a61d62b8-582d-4179-9603-789f0ee2bece","Tirupur","Tamil Nadu","India","2026-01-10 12:02:53"
"10bd3fac-fa43-4fbf-89c7-685f2358d4c7","a61d62b8-582d-4179-9603-789f0ee2bece","Chennai","Tamil Nadu","India","2026-01-10 12:02:53"
"b74d80d0-3b9b-4432-89a1-cb1d9716482c","a61d62b8-582d-4179-9603-789f0ee2bece","Bangalore","Karnataka","India","2026-01-10 12:02:53"
"fb27b726-3d7b-4575-b20d-f0a91dfc49c6","a61d62b8-582d-4179-9603-789f0ee2bece","Mumbai","Maharashtra","India","2026-01-10 12:02:53"
"8535b9b6-f3a7-46bc-a600-d48dfd046381","7cbee3c6-e9d5-40f1-9be2-ac2fe5053add","Ahmedabad","Gujarat","India","2026-01-10 12:02:53"
"05ab126a-a4fe-4444-844b-c4b7529497df","7cbee3c6-e9d5-40f1-9be2-ac2fe5053add","Pune","Maharashtra","India","2026-01-10 12:02:53"
"b9b76e47-9fff-4f39-9641-d41b869018ec","7cbee3c6-e9d5-40f1-9be2-ac2fe5053add","Mumbai","Maharashtra","India","2026-01-10 12:02:53"
"86ceebcd-653d-4c88-897d-fcd129f31fe6","7cbee3c6-e9d5-40f1-9be2-ac2fe5053add","Aurangabad","Maharashtra","India","2026-01-10 12:02:53"
"93956dc3-c16a-4052-bbde-2f7c320dbfbd","ca257ac6-7d5b-4292-a6e1-9d71b5c73ada","Delhi","Delhi","India","2026-01-10 12:02:53"
"0c0bac77-cd94-4514-9582-b75c5f1a8c21","ca257ac6-7d5b-4292-a6e1-9d71b5c73ada","Mumbai","Maharashtra","India","2026-01-10 12:02:53"
"a7a9dff5-f373-4f8f-b120-9870a1c9f58f","ca257ac6-7d5b-4292-a6e1-9d71b5c73ada","Bangalore","Karnataka","India","2026-01-10 12:02:53"
"857ea572-3e01-4983-bb3a-c83e9abac87c","ca257ac6-7d5b-4292-a6e1-9d71b5c73ada","Kolkata","West Bengal","India","2026-01-10 12:02:53"
"d1316d81-9206-43f4-b5cb-45ac8f531c54","80126705-23b0-47c5-bf0b-bcce2bb4b417","Ahmedabad","Gujarat","India","2026-01-10 12:02:53"
"d035c7f8-e85a-49da-abce-14d835939851","80126705-23b0-47c5-bf0b-bcce2bb4b417","Mumbai","Maharashtra","India","2026-01-10 12:02:53"
"071c8fe3-6ed3-4ae2-a43f-4a388ef474ec","80126705-23b0-47c5-bf0b-bcce2bb4b417","Delhi","Delhi","India","2026-01-10 12:02:53"
"0ffa17d8-1ccd-490b-8702-17d6a5caffdb","80126705-23b0-47c5-bf0b-bcce2bb4b417","Bangalore","Karnataka","India","2026-01-10 12:02:53"
"4c25ee42-f0e9-4062-80b9-fcb63d176719","ae70ee5e-ea25-47b0-9b80-aba3400b5cd3","Ernakulam","Kerala","India","2026-01-10 12:02:53"
"e52df283-0584-4fbf-b1af-acb6c8b8ca65","ae70ee5e-ea25-47b0-9b80-aba3400b5cd3","Delhi","Delhi","India","2026-01-10 12:02:53"
"65138a0f-6183-4f9d-817c-4726e5080481","ae70ee5e-ea25-47b0-9b80-aba3400b5cd3","Mumbai","Maharashtra","India","2026-01-10 12:02:53"
"5db6a051-e9a2-43de-8140-c1991a4d1b28","ae70ee5e-ea25-47b0-9b80-aba3400b5cd3","Bangalore","Karnataka","India","2026-01-10 12:02:53"
"c375d5be-5f46-4792-9610-67754a0de8d3","f648ef1c-c7c1-4d7f-b04a-91bf04a6718d","Delhi","Delhi","India","2026-01-10 12:02:53"
"6f043270-0c5a-40a4-9deb-03e2ee6ad6cd","f648ef1c-c7c1-4d7f-b04a-91bf04a6718d","Mumbai","Maharashtra","India","2026-01-10 12:02:53"
"f12136fd-6217-4f88-a983-9bce6c6d411b","f648ef1c-c7c1-4d7f-b04a-91bf04a6718d","Bangalore","Karnataka","India","2026-01-10 12:02:53"
"7f958040-0dc0-4150-82fd-d2d03eb46723","f648ef1c-c7c1-4d7f-b04a-91bf04a6718d","Hyderabad","Telangana","India","2026-01-10 12:02:53"
"31e8543d-7130-4b81-8232-ba3b7b5f3335","319210e7-b5f8-45c0-a3d0-9e384b46c5ca","Ahmedabad","Gujarat","India","2026-01-10 12:02:53"
"25ce541e-7eab-4d67-acc0-3e52398a56fa","319210e7-b5f8-45c0-a3d0-9e384b46c5ca","Noida","Uttar Pradesh","India","2026-01-10 12:02:53"
"7850b6b3-f9f8-462a-86a6-fc059630b1e8","319210e7-b5f8-45c0-a3d0-9e384b46c5ca","Gurgaon","Haryana","India","2026-01-10 12:02:53"
"2e448eaf-9b23-4c92-a25b-3b4fe4714f30","319210e7-b5f8-45c0-a3d0-9e384b46c5ca","Pune","Maharashtra","India","2026-01-10 12:02:53"
"6683ecfc-8b7d-446e-9fa4-d7b2ec5dd472","58b4e1a8-1418-4da0-a57e-23d285891faf","Ahmedabad","Gujarat","India","2026-01-10 12:02:53"
"ed245940-27c7-41fd-b427-d4f34e016d07","58b4e1a8-1418-4da0-a57e-23d285891faf","Mumbai","Maharashtra","India","2026-01-10 12:02:53"
"9205ceca-45e2-4a3b-a807-039c69b5c988","58b4e1a8-1418-4da0-a57e-23d285891faf","Delhi","Delhi","India","2026-01-10 12:02:53"
"f1f983ef-72ae-4a49-b653-0ad272849de8","58b4e1a8-1418-4da0-a57e-23d285891faf","Bangalore","Karnataka","India","2026-01-10 12:02:53"
"92ece4da-9970-42af-91a1-fb4cbef940fc","b9e6ee77-95a5-4782-819e-2e9f0e39a9db","Jalandhar","Punjab","India","2026-01-10 12:02:53"
"3338aa60-39a4-480d-a34a-b51da573430b","b9e6ee77-95a5-4782-819e-2e9f0e39a9db","Delhi","Delhi","India","2026-01-10 12:02:53"
"ef441913-dc8c-49f3-85b4-ddea7b870dd9","b9e6ee77-95a5-4782-819e-2e9f0e39a9db","Mumbai","Maharashtra","India","2026-01-10 12:02:53"
"e0884d0f-2eca-4ffc-9121-7307050440a5","b9e6ee77-95a5-4782-819e-2e9f0e39a9db","Bangalore","Karnataka","India","2026-01-10 12:02:53"
"285ada07-8386-4608-8874-34f23a989e64","7484b19e-814d-4ca1-bfab-c1050e50b712","Chennai","Tamil Nadu","India","2026-01-10 12:02:53"
"d5ae849f-096a-482c-a7f2-63a472b38127","7484b19e-814d-4ca1-bfab-c1050e50b712","Delhi","Delhi","India","2026-01-10 12:02:53"
"7bd70b82-551d-4d3a-a93c-77b08eb25563","7484b19e-814d-4ca1-bfab-c1050e50b712","Mumbai","Maharashtra","India","2026-01-10 12:02:53"
"09de9e07-2a52-4e6a-bba7-fa4efb9d5f96","7484b19e-814d-4ca1-bfab-c1050e50b712","Bangalore","Karnataka","India","2026-01-10 12:02:53"
"eb190411-0fde-4f23-818b-a91779abdcac","e0d7a709-6146-4915-83d7-1906b24f9ce6","Chennai","Tamil Nadu","India","2026-01-10 12:02:53"
"6ac4c13e-c16c-4961-9b33-5657130e3fb8","e0d7a709-6146-4915-83d7-1906b24f9ce6","Bangalore","Karnataka","India","2026-01-10 12:02:53"
"3e3f36ea-ffeb-48be-a9ab-43e649c0adf5","e0d7a709-6146-4915-83d7-1906b24f9ce6","Mumbai","Maharashtra","India","2026-01-10 12:02:53"
"4ec9d9ed-ba96-478a-a909-377e5f18c9b9","e0d7a709-6146-4915-83d7-1906b24f9ce6","Delhi","Delhi","India","2026-01-10 12:02:53"
"c92c61c4-3339-4d06-80e7-da1a0dfce5dc","605dc402-64b7-4ba9-9069-e705f4746b7c","Bengaluru","Karnataka","India","2026-01-10 12:02:53"
"274348a4-f556-410a-99e1-d3d127f5b4f8","605dc402-64b7-4ba9-9069-e705f4746b7c","Pune","Maharashtra","India","2026-01-10 12:02:53"
"6496ddf5-6f63-4c43-8f34-d7d031ce848c","605dc402-64b7-4ba9-9069-e705f4746b7c","Hubli","Karnataka","India","2026-01-10 12:02:53"
"699ad1d3-a719-4871-a0eb-64725457aeea","605dc402-64b7-4ba9-9069-e705f4746b7c","Hyderabad","Telangana","India","2026-01-10 12:02:53"
"3e587d9e-f759-486e-b36f-b1ac11f513c6","3f8fddd3-f75d-4d55-8622-c998930adc92","Nashik","Maharashtra","India","2026-01-10 12:02:53"
"cde89d4d-d849-43df-8dcd-29a2adf1b139","3f8fddd3-f75d-4d55-8622-c998930adc92","Mumbai","Maharashtra","India","2026-01-10 12:02:53"
"cf81d82e-5b70-4164-9561-7d9701fbfb2e","3f8fddd3-f75d-4d55-8622-c998930adc92","Delhi","Delhi","India","2026-01-10 12:02:53"
"7d1001fb-94a3-46a1-819d-eb1a350ff502","3f8fddd3-f75d-4d55-8622-c998930adc92","Bengaluru","Karnataka","India","2026-01-10 12:02:53"
"55b11fc7-30f8-421d-acd7-62a891a8e3fa","be9dc891-8287-4cbd-9093-b658cae87d07","Bengaluru","Karnataka","India","2026-01-10 12:02:53"
"3253feae-b9fd-43cb-8dea-099bd2541de3","be9dc891-8287-4cbd-9093-b658cae87d07","Mumbai","Maharashtra","India","2026-01-10 12:02:53"
"71d3c46d-01c1-4986-bb94-51eb045b3e27","be9dc891-8287-4cbd-9093-b658cae87d07","Delhi","Delhi","India","2026-01-10 12:02:53"
"d418fcf8-4fc7-4331-a47f-33ca7d77dcfb","be9dc891-8287-4cbd-9093-b658cae87d07","Hyderabad","Telangana","India","2026-01-10 12:02:53"
"0d6650db-0bc7-4e1e-8fef-0f4d5721a4ad","20eb604e-6144-4ec8-9dfc-e504cfc576ea","Kolkata","West Bengal","India","2026-01-10 12:02:53"
"51b723cb-c3c0-41d0-ba0b-bc6377371ca2","20eb604e-6144-4ec8-9dfc-e504cfc576ea","Delhi","Delhi","India","2026-01-10 12:02:53"
"b7e00692-e2d0-4da8-9536-8fc75bd758f8","20eb604e-6144-4ec8-9dfc-e504cfc576ea","Mumbai","Maharashtra","India","2026-01-10 12:02:53"
"3fedfc2b-d04f-4c9f-8653-ecdf57100cd2","20eb604e-6144-4ec8-9dfc-e504cfc576ea","Bengaluru","Karnataka","India","2026-01-10 12:02:53"
"195e10eb-219d-4990-be50-c3a31c2c8d9b","945cd8b9-47c7-4093-b0ea-4531c6ced200","Bengaluru","Karnataka","India","2026-01-10 12:02:53"
"34f78cda-aa69-45d0-90a4-8202907f0edb","945cd8b9-47c7-4093-b0ea-4531c6ced200","Delhi","Delhi","India","2026-01-10 12:02:53"
"977f5886-c03f-4128-b437-dc2fcf1b8289","945cd8b9-47c7-4093-b0ea-4531c6ced200","Mumbai","Maharashtra","India","2026-01-10 12:02:53"
"00739ae3-c364-41c1-998c-f34a46a74bc3","945cd8b9-47c7-4093-b0ea-4531c6ced200","Kolkata","West Bengal","India","2026-01-10 12:02:53"
"0be6292f-a2d5-4829-a64c-fbcfcaae1873","945cd8b9-47c7-4093-b0ea-4531c6ced200","Chennai","Tamil Nadu","India","2026-01-10 12:02:53"
"4fdb9400-3234-488e-9a5f-a176daf13543","23483a03-aa1e-4e9e-862e-23a723901474","Mumbai","Maharashtra","India","2026-01-10 12:02:53"
"25ae603c-deca-4e4f-8164-fc52720f33af","23483a03-aa1e-4e9e-862e-23a723901474","Coimbatore","Tamil Nadu","India","2026-01-10 12:02:53"
"4645097a-cf7e-46c8-8c55-d9e68dd64bfc","23483a03-aa1e-4e9e-862e-23a723901474","Bengaluru","Karnataka","India","2026-01-10 12:02:53"
"b8623878-a8cc-4cd8-b620-34742a181fb9","23483a03-aa1e-4e9e-862e-23a723901474","Erode","Tamil Nadu","India","2026-01-10 12:02:53"
"56326762-8f5b-4e10-a3cf-e3bf5a935755","23483a03-aa1e-4e9e-862e-23a723901474","Pollachi","Tamil Nadu","India","2026-01-10 12:02:53"
"28da5d38-bc08-44fb-bbd1-3b9c19089e1f","70628840-212f-4377-8b18-8aa145bc292a","Nashik","Maharashtra","India","2026-01-10 12:02:53"
"ec57fb3b-bfba-4b85-a8b4-25c39eccb206","70628840-212f-4377-8b18-8aa145bc292a","Mumbai","Maharashtra","India","2026-01-10 12:02:53"
"d5f525e5-19c9-4d43-947b-7be6c75b26e7","70628840-212f-4377-8b18-8aa145bc292a","Pune","Maharashtra","India","2026-01-10 12:02:53"
"3ef5b6d1-5ba5-4401-b3a0-5068524818c9","70628840-212f-4377-8b18-8aa145bc292a","Ahmedabad","Gujarat","India","2026-01-10 12:02:53"
"927cde72-5b23-4466-b52a-c25a8681c6ce","70628840-212f-4377-8b18-8aa145bc292a","Surat","Gujarat","India","2026-01-10 12:02:53"
"1e9f6000-5e63-4961-ad7d-8682814513c9","70628840-212f-4377-8b18-8aa145bc292a","Vadodara","Gujarat","India","2026-01-10 12:02:53"
"7381d424-226d-49e6-8cca-42575db24886","6855aba8-d2c9-4cd6-aa86-bed08d0acfc8","Bengaluru","Karnataka","India","2026-01-10 12:02:53"
"251801ef-ae39-4455-ab0a-5fb065b2e50a","6855aba8-d2c9-4cd6-aa86-bed08d0acfc8","Hyderabad","Telangana","India","2026-01-10 12:02:53"
"85149715-63ed-4b4e-b442-edda57f0f871","6855aba8-d2c9-4cd6-aa86-bed08d0acfc8","Chennai","Tamil Nadu","India","2026-01-10 12:02:53"
"545dbdbd-c9ca-454d-9c77-84f67037430a","6855aba8-d2c9-4cd6-aa86-bed08d0acfc8","Delhi","Delhi","India","2026-01-10 12:02:53"
"eaa3918e-0381-4822-ad66-f90962a3acfd","6855aba8-d2c9-4cd6-aa86-bed08d0acfc8","Mumbai","Maharashtra","India","2026-01-10 12:02:53"
"c9a4089d-f72b-4cb2-9bf6-9c20de232eec","6855aba8-d2c9-4cd6-aa86-bed08d0acfc8","Gurugram","Haryana","India","2026-01-10 12:02:53"
"9ace1735-b1d0-4f9d-b573-9df65d8a242a","9bb91606-f058-4164-bcaa-87892da94227","Mumbai","Maharashtra","India","2026-01-10 12:02:53"
"87da1461-e047-45b4-bcaa-cb774eedafff","9bb91606-f058-4164-bcaa-87892da94227","Delhi","Delhi","India","2026-01-10 12:02:53"
"15fde778-b136-4199-a766-0209055dfcdf","9bb91606-f058-4164-bcaa-87892da94227","Bengaluru","Karnataka","India","2026-01-10 12:02:53"
"796c8c04-4dab-4c19-9d43-5f3960c96f55","9bb91606-f058-4164-bcaa-87892da94227","Chennai","Tamil Nadu","India","2026-01-10 12:02:53"
"fbe2b7e9-87c5-4846-839f-23e2150a475d","9bb91606-f058-4164-bcaa-87892da94227","Hyderabad","Telangana","India","2026-01-10 12:02:53"
"6ea59723-9f5b-41e8-8702-a5f8f94ebae5","9bb91606-f058-4164-bcaa-87892da94227","Kolkata","West Bengal","India","2026-01-10 12:02:53"
"38c57856-a3be-48ff-a0e6-0adc297891ed","5f399d54-407c-4b4a-98c7-aef9ad1600c6","Delhi","Delhi","India","2026-01-10 12:02:53"
"aa0b86f1-ba00-4f38-b019-fd7fb862ba49","5f399d54-407c-4b4a-98c7-aef9ad1600c6","Gurgaon","Haryana","India","2026-01-10 12:02:53"
"79906109-5218-4489-a06e-9212cddfbc67","5f399d54-407c-4b4a-98c7-aef9ad1600c6","Mumbai","Maharashtra","India","2026-01-10 12:02:53"
"7545392f-9237-413a-be2c-099ab168f4bd","5f399d54-407c-4b4a-98c7-aef9ad1600c6","Bangalore","Karnataka","India","2026-01-10 12:02:53"
"abcfc786-edea-4f7d-ba74-b20b644df82d","5f399d54-407c-4b4a-98c7-aef9ad1600c6","Chennai","Tamil Nadu","India","2026-01-10 12:02:53"
"bff115f5-cced-4e74-9662-607061142ffd","5f399d54-407c-4b4a-98c7-aef9ad1600c6","Hyderabad","Telangana","India","2026-01-10 12:02:53"
"d969ebbe-70c4-4454-8c51-c538fb43e9ff","5f399d54-407c-4b4a-98c7-aef9ad1600c6","Pune","Maharashtra","India","2026-01-10 12:02:53"
"5147e902-cf9f-456a-b79a-f68b0f02e369","5f399d54-407c-4b4a-98c7-aef9ad1600c6","Kolkata","West Bengal","India","2026-01-10 12:02:53"
"0324350f-111a-4db5-8e11-3aae2d8da218","489d88bf-1f8d-4de9-b7f1-a863268d3126","Anand","Gujarat","India","2026-01-10 12:02:53"
"7a40ff4a-3ee8-490f-a91a-c154e37b1234","489d88bf-1f8d-4de9-b7f1-a863268d3126","Delhi","Delhi","India","2026-01-10 12:02:53"
"d3c176e1-9e4c-46e4-9f8e-170219e7830d","489d88bf-1f8d-4de9-b7f1-a863268d3126","Mumbai","Maharashtra","India","2026-01-10 12:02:53"
"9cc8c203-1e02-4e97-9498-7b9756f44af2","489d88bf-1f8d-4de9-b7f1-a863268d3126","Bengaluru","Karnataka","India","2026-01-10 12:02:53"
"2d6370be-32cc-4680-8af3-0234206713c1","f1ce23fc-d9bd-4514-83be-543b30357cb1","Delhi","Delhi","India","2026-01-10 12:02:53"
"481db6dd-0051-46d8-b0a5-a308dea8efdf","f1ce23fc-d9bd-4514-83be-543b30357cb1","Gurugram","Haryana","India","2026-01-10 12:02:53"
"a0536bad-8aa7-4f17-a938-5590e0ae7a44","f1ce23fc-d9bd-4514-83be-543b30357cb1","Chandni Chowk","Delhi","India","2026-01-10 12:02:53"
"022b0fba-46f0-406c-848b-a16095f865ce","f1ce23fc-d9bd-4514-83be-543b30357cb1","Kolkata","West Bengal","India","2026-01-10 12:02:53"
"c0338406-95da-4928-9946-7604637c803a","4af9efb4-507c-4d83-bac1-bfcb915174a4","Pune","Maharashtra","India","2026-01-10 12:02:53"
"add5fa4b-8e3c-4e0b-9a0f-a10a06aac9a5","4af9efb4-507c-4d83-bac1-bfcb915174a4","Mumbai","Maharashtra","India","2026-01-10 12:02:53"
"542ce562-5e87-4476-b346-22e2cf82286d","4af9efb4-507c-4d83-bac1-bfcb915174a4","Bangalore","Karnataka","India","2026-01-10 12:02:53"
"dccd489c-515b-4715-a6d3-af3c16f7b332","4af9efb4-507c-4d83-bac1-bfcb915174a4","Delhi NCR","Delhi","India","2026-01-10 12:02:53"
"a8df8ffc-b26b-49e6-a177-091e61e2db37","4af9efb4-507c-4d83-bac1-bfcb915174a4","Ahmedabad","Gujarat","India","2026-01-10 12:02:53"
"8906a597-89ab-4f04-97c2-27f6c36cf70f","38561e9f-265f-4bd5-9e6f-4d4c001fab1e","Delhi","Delhi","India","2026-01-10 12:02:53"
"7e3edd27-acc4-44fb-a701-308cccd37200","38561e9f-265f-4bd5-9e6f-4d4c001fab1e","Mumbai","Maharashtra","India","2026-01-10 12:02:53"
"54672b2a-671d-48d5-a9f5-ba1cebdf6201","38561e9f-265f-4bd5-9e6f-4d4c001fab1e","Bangalore","Karnataka","India","2026-01-10 12:02:53"
"2da6f346-aec7-4088-9954-d962d4792564","38561e9f-265f-4bd5-9e6f-4d4c001fab1e","Chennai","Tamil Nadu","India","2026-01-10 12:02:53"
"522a0022-5248-4476-be20-cd395e6a073e","fb0b305f-4c8f-43af-acc7-5619797e05a7","Bhilwara","Rajasthan","India","2026-01-10 12:02:53"
"963f1d15-a9e3-4e2a-986f-b59f851a3966","fb0b305f-4c8f-43af-acc7-5619797e05a7","Jaipur","Rajasthan","India","2026-01-10 12:02:53"
"9e779b06-2cba-4131-9c1a-6f27374a6a20","fb0b305f-4c8f-43af-acc7-5619797e05a7","Udaipur","Rajasthan","India","2026-01-10 12:02:53"
"60f0105b-ddb9-4df7-a501-5a17fa57fcfa","fbb1242f-32be-4c01-b085-b98486a13802","Gandhinagar","Gujarat","India","2026-01-10 12:02:53"
"e9511551-b160-4802-b34e-749910d7572c","fbb1242f-32be-4c01-b085-b98486a13802","Ahmedabad","Gujarat","India","2026-01-10 12:02:53"
"a0d869d7-8b36-43e9-a8d6-35e3dd6acc0b","fbb1242f-32be-4c01-b085-b98486a13802","Surat","Gujarat","India","2026-01-10 12:02:53"
"0985b88b-6abc-49d6-9953-3092735dca39","bb624860-ff6d-416a-bd40-2458aeefed6c","Hyderabad","Telangana","India","2026-01-10 12:02:53"
"1ff9afed-28f7-45c8-bb82-d65749347495","bb624860-ff6d-416a-bd40-2458aeefed6c","Madhapur","Telangana","India","2026-01-10 12:02:53"
"1a5d585f-6276-4136-952d-96a89258f58d","bb624860-ff6d-416a-bd40-2458aeefed6c","Gachibowli","Telangana","India","2026-01-10 12:02:53"
"b121d007-955d-4e7f-ad51-c654a4a93466","d93c950c-ab6f-4a07-b92b-33b89adc419b","Mumbai","Maharashtra","India","2026-01-10 12:02:53"
"92c87578-9259-4314-bd0e-89831a0c8fa7","d93c950c-ab6f-4a07-b92b-33b89adc419b","Delhi","Delhi","India","2026-01-10 12:02:53"
"25d53b18-cb38-4e30-bb02-87b5a079b3c8","d93c950c-ab6f-4a07-b92b-33b89adc419b","Bengaluru","Karnataka","India","2026-01-10 12:02:53"
"73843a89-540c-4dd4-8dc3-ac16d2b69457","d93c950c-ab6f-4a07-b92b-33b89adc419b","Pune","Maharashtra","India","2026-01-10 12:02:53"
"dcd2db6f-ec71-4e61-8709-89acdfa9ff4d","d93c950c-ab6f-4a07-b92b-33b89adc419b","Chennai","Tamil Nadu","India","2026-01-10 12:02:53"
"183390ec-8bb6-4192-a11f-80f9318b9468","d93c950c-ab6f-4a07-b92b-33b89adc419b","Hyderabad","Telangana","India","2026-01-10 12:02:53"
"5a664852-5af7-4b02-9a6b-9fa20c365ff0","12c8ab8c-e4fd-4910-8bce-ef630b9e6491","Ahmedabad","Gujarat","India","2026-01-10 12:02:53"
"3591a0eb-0f48-4dd5-89d5-1d3335feac37","12c8ab8c-e4fd-4910-8bce-ef630b9e6491","Mumbai","Maharashtra","India","2026-01-10 12:02:53"
"f897a418-dd88-47aa-be2a-e9c7226594fd","12c8ab8c-e4fd-4910-8bce-ef630b9e6491","Delhi","Delhi","India","2026-01-10 12:02:53"
"38fc7f97-31b6-4185-9f25-1d10ef5a372d","12c8ab8c-e4fd-4910-8bce-ef630b9e6491","Bengaluru","Karnataka","India","2026-01-10 12:02:53"
"b17481c7-f1a9-4442-9684-63763a967413","12c8ab8c-e4fd-4910-8bce-ef630b9e6491","Pune","Maharashtra","India","2026-01-10 12:02:53"
"1cb11331-b0e8-44c9-b5f8-827df08ada1f","12c8ab8c-e4fd-4910-8bce-ef630b9e6491","Hyderabad","Telangana","India","2026-01-10 12:02:53"
"9bb20c3b-dd8c-4828-aa39-4139c1fdc2d3","64afff51-8b14-4193-a750-6c03763a23b4","Bengaluru","Karnataka","India","2026-01-10 12:02:53"
"a7cd0585-25de-40ef-be92-9c0cbd33cc6f","64afff51-8b14-4193-a750-6c03763a23b4","Mumbai","Maharashtra","India","2026-01-10 12:02:53"
"7c07bb76-2221-43f5-be53-babdf1c6b631","64afff51-8b14-4193-a750-6c03763a23b4","Delhi","Delhi","India","2026-01-10 12:02:53"
"63efbc94-f565-43a8-8b02-54ccc8ee8312","64afff51-8b14-4193-a750-6c03763a23b4","Hyderabad","Telangana","India","2026-01-10 12:02:53"
"da1d798c-addf-424c-88fa-927c9e78b024","64afff51-8b14-4193-a750-6c03763a23b4","Chennai","Tamil Nadu","India","2026-01-10 12:02:53"
"8ae1f783-3133-44a9-b8a1-6495dd4248b1","64afff51-8b14-4193-a750-6c03763a23b4","Pune","Maharashtra","India","2026-01-10 12:02:53"
"3df87bba-1397-4466-9530-26e8cdfebbb8","3431dd32-d63e-4fce-8a7b-488a02dadf73","Ahmedabad","Gujarat","India","2026-01-10 12:02:53"
"73e444c8-6bbf-42a4-855e-0b3248187681","3431dd32-d63e-4fce-8a7b-488a02dadf73","Surat","Gujarat","India","2026-01-10 12:02:53"
"ee889124-3110-4cfa-869f-a3a4afc2975a","3431dd32-d63e-4fce-8a7b-488a02dadf73","Vadodara","Gujarat","India","2026-01-10 12:02:53"
"eddef340-7c8e-441c-b818-afbef75764f3","3431dd32-d63e-4fce-8a7b-488a02dadf73","Rajkot","Gujarat","India","2026-01-10 12:02:53"
"fa996c33-afee-4943-a07d-06a61ba60254","3431dd32-d63e-4fce-8a7b-488a02dadf73","Jaipur","Rajasthan","India","2026-01-10 12:02:53"
"1ae60131-5bf1-4216-bceb-3598ff21c960","3431dd32-d63e-4fce-8a7b-488a02dadf73","Udaipur","Rajasthan","India","2026-01-10 12:02:53"
"9a13f723-d73f-44fc-a288-a6242f9432ad","c6444da3-7bf0-44e7-a219-85d4e84bded4","Bengaluru","Karnataka","India","2026-01-10 12:02:53"
"c45c25fe-d0e1-4087-bdcd-1aa6d8985db5","c6444da3-7bf0-44e7-a219-85d4e84bded4","Mumbai","Maharashtra","India","2026-01-10 12:02:53"
"6a0bc7c5-97bb-4686-a8e7-5909dfd51cee","c6444da3-7bf0-44e7-a219-85d4e84bded4","Delhi","Delhi","India","2026-01-10 12:02:53"
"78f8a43e-95fe-46b0-90fb-dafadaa35bd6","c6444da3-7bf0-44e7-a219-85d4e84bded4","Hyderabad","Telangana","India","2026-01-10 12:02:53"
"67071fe9-a82c-412b-8efb-47a35fd7d92d","c6444da3-7bf0-44e7-a219-85d4e84bded4","Chennai","Tamil Nadu","India","2026-01-10 12:02:53"
"6db0f7f2-c8eb-4c22-a033-1961c4e30b2b","c6444da3-7bf0-44e7-a219-85d4e84bded4","Pune","Maharashtra","India","2026-01-10 12:02:53"
"81382f86-bae6-4a29-b88f-76f8b4cf25ef","b702b30c-ea16-4a5b-8d78-13f8c41c51d3","Bengaluru","Karnataka","India","2026-01-10 12:02:53"
"c3b30e3e-aa48-4d2f-89d6-0fd95e20204f","b702b30c-ea16-4a5b-8d78-13f8c41c51d3","Delhi","Delhi","India","2026-01-10 12:02:53"
"e2582a4e-70a3-4023-839a-10e70422b386","b702b30c-ea16-4a5b-8d78-13f8c41c51d3","Mumbai","Maharashtra","India","2026-01-10 12:02:53"
"108fb2bd-3138-4836-b4c9-8b83521ba215","b702b30c-ea16-4a5b-8d78-13f8c41c51d3","Chennai","Tamil Nadu","India","2026-01-10 12:02:53"
"1dd7bc81-1e01-44d3-9149-98a2ad90a35d","b702b30c-ea16-4a5b-8d78-13f8c41c51d3","Hyderabad","Telangana","India","2026-01-10 12:02:53"
"9eb047bd-7db7-4558-837e-1d23b7637b64","b702b30c-ea16-4a5b-8d78-13f8c41c51d3","Pune","Maharashtra","India","2026-01-10 12:02:53"
"142cfd02-23b7-4743-a007-e78e760edcca","7d07fbd9-d1a5-4820-8ff8-c1120ea6ff06","Mumbai","Maharashtra","India","2026-01-10 12:02:53"
"853118b1-6ab3-410e-9051-9eab4d38fb73","7d07fbd9-d1a5-4820-8ff8-c1120ea6ff06","Delhi","Delhi","India","2026-01-10 12:02:53"
"ea59f253-f0ac-488b-a300-6932e11b2ad5","7d07fbd9-d1a5-4820-8ff8-c1120ea6ff06","Kolkata","West Bengal","India","2026-01-10 12:02:53"
"a1ba591c-aa93-4eb4-863c-e33e0b93abbe","7d07fbd9-d1a5-4820-8ff8-c1120ea6ff06","Bengaluru","Karnataka","India","2026-01-10 12:02:53"
"8ea619b5-ec7f-450b-b488-25e248261e5f","7d07fbd9-d1a5-4820-8ff8-c1120ea6ff06","Chennai","Tamil Nadu","India","2026-01-10 12:02:53"
"b00bdb9f-62d6-4fc8-bcec-354a59ede733","7d07fbd9-d1a5-4820-8ff8-c1120ea6ff06","Hyderabad","Telangana","India","2026-01-10 12:02:53"
"653c065c-bd0b-4e26-ac58-710a86e68ec6","0b66ede6-6a9d-4dc1-a71e-d4ac5db22f6f","Delhi","Delhi","India","2026-01-10 12:02:53"
"f02e02d1-59dd-4454-9d62-610c7a38cb7b","0b66ede6-6a9d-4dc1-a71e-d4ac5db22f6f","Bengaluru","Karnataka","India","2026-01-10 12:02:53"
"a2576262-286a-4afa-b683-8d1ced1c26f4","0b66ede6-6a9d-4dc1-a71e-d4ac5db22f6f","Kolkata","West Bengal","India","2026-01-10 12:02:53"
"ceb91d9c-832c-4012-9879-ae4f14e12beb","0b66ede6-6a9d-4dc1-a71e-d4ac5db22f6f","Chennai","Tamil Nadu","India","2026-01-10 12:02:53"
"fb2e4a46-fc71-43f9-989f-f67a1a07cc61","0b66ede6-6a9d-4dc1-a71e-d4ac5db22f6f","Hyderabad","Telangana","India","2026-01-10 12:02:53"
"c3dbae44-1d7d-4423-aef1-6c0769716647","0b66ede6-6a9d-4dc1-a71e-d4ac5db22f6f","Pune","Maharashtra","India","2026-01-10 12:02:53"
"2aaa60e2-61a5-434c-945a-88ab592451ea","606a879b-da69-4f28-bb62-7d6928c5bfda","Kottayam","Kerala","India","2026-01-10 12:02:53"
"91cc0bb6-94b6-41c6-9ca5-96c65955a516","606a879b-da69-4f28-bb62-7d6928c5bfda","Bangalore","Karnataka","India","2026-01-10 12:02:53"
"8738d13e-0798-40e4-aa9e-c3d11de0a005","606a879b-da69-4f28-bb62-7d6928c5bfda","Delhi","Delhi","India","2026-01-10 12:02:53"
"112d965c-ae6f-4455-92bc-36cd3146f15b","606a879b-da69-4f28-bb62-7d6928c5bfda","Mumbai","Maharashtra","India","2026-01-10 12:02:53"
"d3926d61-ac12-4ea6-85aa-e75a2a855a67","51de79ee-7094-4b9e-8fd8-36c14770b17d","Bangalore","Karnataka","India","2026-01-10 12:02:53"
"f6213e9e-f67e-4d9d-aad0-8508f24b438e","51de79ee-7094-4b9e-8fd8-36c14770b17d","Mumbai","Maharashtra","India","2026-01-10 12:02:53"
"eb3fce50-0731-48be-bba0-f5fc37d1b479","51de79ee-7094-4b9e-8fd8-36c14770b17d","Delhi","Delhi","India","2026-01-10 12:02:53"
"bab6e840-26a4-42ae-8827-619b5c288574","51de79ee-7094-4b9e-8fd8-36c14770b17d","Hyderabad","Telangana","India","2026-01-10 12:02:53"
"1c40cbfd-4986-4b4a-90a3-944eb2fabee8","51de79ee-7094-4b9e-8fd8-36c14770b17d","Chennai","Tamil Nadu","India","2026-01-10 12:02:53"
"970ec627-e86a-4d40-b6b6-9589877b89e6","51de79ee-7094-4b9e-8fd8-36c14770b17d","Kolkata","West Bengal","India","2026-01-10 12:02:53"
"8cff3892-0deb-4eea-be4c-7e868f76210a","1fac6fce-3ca3-41c6-a470-541370486496","Jaipur","Rajasthan","India","2026-01-10 12:02:53"
"167bfc36-ccee-4b6e-9795-41d57267614b","1fac6fce-3ca3-41c6-a470-541370486496","Delhi","Delhi","India","2026-01-10 12:02:53"
"212fa804-09cf-404a-bedd-107af83061b1","1fac6fce-3ca3-41c6-a470-541370486496","Mumbai","Maharashtra","India","2026-01-10 12:02:53"
"7ac06b69-5cb7-41e8-aa98-a8f176b62818","1fac6fce-3ca3-41c6-a470-541370486496","Bengaluru","Karnataka","India","2026-01-10 12:02:53"
"4db5fcd3-5ca6-43a3-8a36-9853de54f5a3","1fac6fce-3ca3-41c6-a470-541370486496","Chennai","Tamil Nadu","India","2026-01-10 12:02:53"
"613ad0d1-e5f7-4fae-8ead-fc769cc8ed2d","7ead3192-9970-4ca4-9492-1e653cba5c40","Hyderabad","Telangana","India","2026-01-10 12:02:53"
"455aa2bd-b46a-4ee0-90fd-c3e34b624b25","7ead3192-9970-4ca4-9492-1e653cba5c40","Bengaluru","Karnataka","India","2026-01-10 12:02:53"
"120e9def-36ad-4a00-b9d7-dc39599a0f5b","7ead3192-9970-4ca4-9492-1e653cba5c40","Chennai","Tamil Nadu","India","2026-01-10 12:02:53"
"88c29972-b94e-459c-ae94-0bf3a829780c","7ead3192-9970-4ca4-9492-1e653cba5c40","Mumbai","Maharashtra","India","2026-01-10 12:02:53"
"07f46ac1-d969-4d65-9299-7ddc9cf2a6cc","7ead3192-9970-4ca4-9492-1e653cba5c40","Vijayawada","Andhra Pradesh","India","2026-01-10 12:02:53"
"b5ca8468-99ac-4c37-86d8-883dca2ff43d","b369aafb-788d-48c2-a292-1227e246c5e2","Delhi","Delhi","India","2026-01-10 12:02:53"
"6bad6d51-4dbf-4574-af7a-c83a0f01e682","b369aafb-788d-48c2-a292-1227e246c5e2","Chandigarh","Chandigarh","India","2026-01-10 12:02:53"
"01fadc3e-6cf0-4c7c-9d68-6b6a5efd354f","b369aafb-788d-48c2-a292-1227e246c5e2","Bengaluru","Karnataka","India","2026-01-10 12:02:53"
"df5c504a-08c3-460a-93e6-ea15836d51f4","b369aafb-788d-48c2-a292-1227e246c5e2","Mumbai","Maharashtra","India","2026-01-10 12:02:53"
"c8627dcc-a114-43f7-8190-b54a7f044aff","b369aafb-788d-48c2-a292-1227e246c5e2","Kolkata","West Bengal","India","2026-01-10 12:02:53"
"ffdf62cb-f57b-4a38-9bd3-34ca3e7ca9ff","b369aafb-788d-48c2-a292-1227e246c5e2","Jaipur","Rajasthan","India","2026-01-10 12:02:53"
"f1c35684-07c6-4622-9eb8-777e86a07ee5","4aafb50c-8cb6-4610-9232-89902077d0a3","Delhi","Delhi","India","2026-01-10 12:02:53"
"badb0134-6184-43f3-9851-97ebcc5756c9","4aafb50c-8cb6-4610-9232-89902077d0a3","Chennai","Tamil Nadu","India","2026-01-10 12:02:53"
"7df0489e-1551-4445-8022-aba6af915da2","4aafb50c-8cb6-4610-9232-89902077d0a3","Bengaluru","Karnataka","India","2026-01-10 12:02:53"
"3aaeacf2-d5d4-4d5b-9613-1fd9553be332","4aafb50c-8cb6-4610-9232-89902077d0a3","Mumbai","Maharashtra","India","2026-01-10 12:02:53"
"11580e03-1f74-42fc-9ba1-755ec5603667","4aafb50c-8cb6-4610-9232-89902077d0a3","Kolkata","West Bengal","India","2026-01-10 12:02:53"
"0946cf6c-dfbc-48da-bacd-a265aac0538b","4aafb50c-8cb6-4610-9232-89902077d0a3","Coimbatore","Tamil Nadu","India","2026-01-10 12:02:53"
"c91b7d7f-feec-49c2-aeef-c9fec04b2d58","30a2d954-c1e6-4ca8-8b82-c27241094307","Noida","Uttar Pradesh","India","2026-01-10 12:02:53"
"8f844a0b-ea7d-474f-9efa-2f55f324a7c2","30a2d954-c1e6-4ca8-8b82-c27241094307","Delhi","Delhi","India","2026-01-10 12:02:53"
"34c47a30-f995-4b61-8dd1-bc862c23b15e","30a2d954-c1e6-4ca8-8b82-c27241094307","Haryana","Haryana","India","2026-01-10 12:02:53"
"83ab288a-ede3-4523-b51d-b512a0c710cf","490c8da9-056b-42c8-953b-790ae0d96980","Jaipur","Rajasthan","India","2026-01-10 12:02:53"
"11ffe92c-4173-456f-a929-21b65357e647","490c8da9-056b-42c8-953b-790ae0d96980","Delhi","Delhi","India","2026-01-10 12:02:53"
"f8e53dc7-a075-470d-b171-f94cc33ea16d","490c8da9-056b-42c8-953b-790ae0d96980","Haryana","Haryana","India","2026-01-10 12:02:53"
"f3fae500-fcd0-444b-95e3-568b504d6fd9","490c8da9-056b-42c8-953b-790ae0d96980","Kerala","Kerala","India","2026-01-10 12:02:53"
"dd85de31-5923-4473-85bb-6a9886ae1846","490c8da9-056b-42c8-953b-790ae0d96980","Karnataka","Karnataka","India","2026-01-10 12:02:53"
"5ce8b5be-2f03-45b8-8e07-438b062ae12c","e75e0dd4-68dc-4253-ba10-c66dbc68af66","Mumbai","Maharashtra","India","2026-01-10 12:02:53"
"68ddc567-f45f-4992-b465-1851f5d436fb","e75e0dd4-68dc-4253-ba10-c66dbc68af66","Delhi","Delhi","India","2026-01-10 12:02:53"
"d545691c-2903-40dd-a952-70d8ad323c8d","e75e0dd4-68dc-4253-ba10-c66dbc68af66","Karnataka","Karnataka","India","2026-01-10 12:02:53"
"69440570-1fd3-4d77-af91-6af39d16a1b3","e75e0dd4-68dc-4253-ba10-c66dbc68af66","Tamil Nadu","Tamil Nadu","India","2026-01-10 12:02:53"
"9175c4b7-6d7e-4783-a396-9a4a6559e0d1","3ab4cfd1-65bf-4466-b000-fa986136cf8a","Kolkata","West Bengal","India","2026-01-10 12:02:53"
"0ed870ae-a07a-4817-94a4-5fedc83c33a5","3ab4cfd1-65bf-4466-b000-fa986136cf8a","Assam","Assam","India","2026-01-10 12:02:53"
"55c65587-945f-4a00-b55b-a55a98a4b1fc","3ab4cfd1-65bf-4466-b000-fa986136cf8a","Sikkim","Sikkim","India","2026-01-10 12:02:53"
"f8ee9ee8-1287-41be-bfa2-5daf5176efa7","3ab4cfd1-65bf-4466-b000-fa986136cf8a","Odisha","Odisha","India","2026-01-10 12:02:53"
"88af3eb9-bba9-4b42-a7ad-75d3f3fab00f","52e386d0-16ce-48fa-91c9-75e6dc633959","Mumbai","Maharashtra","India","2026-01-10 12:02:53"
"68faf3b8-8aa0-46b0-a170-56fa53d937b0","52e386d0-16ce-48fa-91c9-75e6dc633959","Himachal Pradesh","Himachal Pradesh","India","2026-01-10 12:02:53"
"e74321e4-28fc-4f9d-b508-bc9cb8ddae7f","52e386d0-16ce-48fa-91c9-75e6dc633959","Jammu and Kashmir","Jammu and Kashmir","India","2026-01-10 12:02:53"
"b1a7ddbb-02c9-46f2-9a72-f7f0f961597b","52e386d0-16ce-48fa-91c9-75e6dc633959","Uttarakhand","Uttarakhand","India","2026-01-10 12:02:53"
"85da8306-dae6-4a98-ba83-a250877f56d7","52e386d0-16ce-48fa-91c9-75e6dc633959","Kerala","Kerala","India","2026-01-10 12:02:53"
"5f722ceb-45b9-4699-84ae-27badf340d5d","52e386d0-16ce-48fa-91c9-75e6dc633959","Karnataka","Karnataka","India","2026-01-10 12:02:53"
"17170736-3acb-4a5d-864f-4f23cb0675a4","52e386d0-16ce-48fa-91c9-75e6dc633959","Tamil Nadu","Tamil Nadu","India","2026-01-10 12:02:53"
"7be01152-81d4-4a76-a83f-30cf98b26d1d","52e386d0-16ce-48fa-91c9-75e6dc633959","Andhra Pradesh","Andhra Pradesh","India","2026-01-10 12:02:53"
"44a69b6e-0993-4678-b62c-401594cdde70","52e386d0-16ce-48fa-91c9-75e6dc633959","Telangana","Telangana","India","2026-01-10 12:02:53"
"e67570d1-e416-47be-bd29-a03c40159228","52e386d0-16ce-48fa-91c9-75e6dc633959","Assam","Assam","India","2026-01-10 12:02:53"
"665db81c-dd7a-4524-a3c6-982f48406db6","52e386d0-16ce-48fa-91c9-75e6dc633959","Meghalaya","Meghalaya","India","2026-01-10 12:02:53"
"ce9bfa1b-a604-444f-b29a-51b69dae7531","52e386d0-16ce-48fa-91c9-75e6dc633959","Mizoram","Mizoram","India","2026-01-10 12:02:54"
"58cc6ade-6c2d-42ee-b28a-1183fb5bb159","52e386d0-16ce-48fa-91c9-75e6dc633959","Tripura","Tripura","India","2026-01-10 12:02:54"
"a3e519a5-cfaa-419e-9855-7e324255cf8e","52e386d0-16ce-48fa-91c9-75e6dc633959","Arunachal Pradesh","Arunachal Pradesh","India","2026-01-10 12:02:54"
"d74bfbeb-8998-4c64-a3ba-090ca2a86784","52e386d0-16ce-48fa-91c9-75e6dc633959","Manipur","Manipur","India","2026-01-10 12:02:54"
"09436dd9-a16e-40bb-944c-c4bea757b9e0","52e386d0-16ce-48fa-91c9-75e6dc633959","Nagaland","Nagaland","India","2026-01-10 12:02:54"
"7d285a5a-8e31-4fe8-9015-92094dff2692","52e386d0-16ce-48fa-91c9-75e6dc633959","West Bengal","West Bengal","India","2026-01-10 12:02:54"
"2cddebb1-cbf8-47d4-bfee-76835d5ec5cb","52e386d0-16ce-48fa-91c9-75e6dc633959","Sikkim","Sikkim","India","2026-01-10 12:02:54"
"5e6b47ca-1d52-4690-85ca-948690267f02","52e386d0-16ce-48fa-91c9-75e6dc633959","Odisha","Odisha","India","2026-01-10 12:02:54"
"c7ef379f-43a0-46cc-87c0-5a248f99ee44","52e386d0-16ce-48fa-91c9-75e6dc633959","Gujarat","Gujarat","India","2026-01-10 12:02:54"
"71d562ff-b4cb-489e-83cb-bd776f0745bb","52e386d0-16ce-48fa-91c9-75e6dc633959","Rajasthan","Rajasthan","India","2026-01-10 12:02:54"
"cfb03a8f-656b-4b7f-bed7-ca1d90e8c291","52e386d0-16ce-48fa-91c9-75e6dc633959","Goa","Goa","India","2026-01-10 12:02:54"
"e352664b-0674-44c9-a583-dce349d37742","52e386d0-16ce-48fa-91c9-75e6dc633959","Chhattisgarh","Chhattisgarh","India","2026-01-10 12:02:54"
"6e13cec9-099c-4fe3-8df6-15f61c8b31d5","52e386d0-16ce-48fa-91c9-75e6dc633959","Madhya Pradesh","Madhya Pradesh","India","2026-01-10 12:02:54"
"12434157-63ce-4fd8-98c9-376a55c262f2","52e386d0-16ce-48fa-91c9-75e6dc633959","Bihar","Bihar","India","2026-01-10 12:02:54"
"66d7d1bd-261f-4c2c-9f66-fca20d444497","52e386d0-16ce-48fa-91c9-75e6dc633959","Jharkhand","Jharkhand","India","2026-01-10 12:02:54"
"ac57f203-f380-478b-bdcd-bee41dfc7627","52e386d0-16ce-48fa-91c9-75e6dc633959","Andaman and Nicobar","Andaman and Nicobar","India","2026-01-10 12:02:54"
"e3476e23-657f-4ab8-848a-24d522e939db","52e386d0-16ce-48fa-91c9-75e6dc633959","Pondicherry","Pondicherry","India","2026-01-10 12:02:54"
"1ae87aaa-82a0-4c40-a5d7-34ec969cd6ba","52e386d0-16ce-48fa-91c9-75e6dc633959","Chandigarh","Chandigarh","India","2026-01-10 12:02:54"
"6103e262-b9d4-4cf0-9bc6-91e152449d67","52e386d0-16ce-48fa-91c9-75e6dc633959","Lakshadweep","Lakshadweep","India","2026-01-10 12:02:54"
"8ec26ec4-3946-4c24-a47c-8c137eda3a8b","52e386d0-16ce-48fa-91c9-75e6dc633959","Daman and Diu","Daman and Diu","India","2026-01-10 12:02:54"
