id,franchise_id,instagram_url,facebook_url,twitter_url,linkedin_url,created_at,updated_at
0407cf14-00dc-49ac-97e7-87f55d94e99c,b38c39c0-b9f6-495f-b8be-a65b1c0b9221,https://instagram.com/chaipoint,https://facebook.com/chaipoint,,https://linkedin.com/company/chaipoint,2026-01-10 12:02:56,2026-01-10 12:02:56
e96df10b-736d-4ddf-94c3-9e9b03a67251,c8f6989c-d785-4cf7-b127-b7ba288a3314,https://instagram.com/charepublic,https://facebook.com/charepublic,,,2026-01-10 12:02:56,2026-01-10 12:02:56
89fa9191-5634-47b9-b6c5-c657c03ccf69,b297c5b9-82e3-4c3d-88fc-c509ae881207,https://instagram.com/chaitopup,https://facebook.com/chaitopup,,https://linkedin.com/company/chaitopup,2026-01-10 12:02:56,2026-01-10 12:02:56
90785c76-9ff3-4157-9dcc-09e2d9db5549,6a8c08c9-ef66-48b0-a68e-e9e0b7b40fcc,https://instagram.com/cafedurga,https://facebook.com/cafedurga,,,2026-01-10 12:02:56,2026-01-10 12:02:56
fb8aacb4-590c-433e-8ab5-fcb2df1e4f32,afb4be0a-0173-4248-b0b9-9c7ba0e3ce8f,https://instagram.com/espressobarco,,,,2026-01-10 12:02:56,2026-01-10 12:02:56
11d88599-85ba-4eec-a4a0-43048d1f4f37,09378ed3-2aa4-4e45-bf5d-6a75d1bdb2f7,https://instagram.com/indiansilkhouseagencies,,,https://www.linkedin.com/company/indian-silk-house-agencies,2026-01-10 12:02:56,2026-01-10 12:02:56
b8b7e215-4c6b-415d-8239-81999aa07a88,b781fa76-8eaf-4cf9-a15c-b6a1c3503554,https://instagram.com/flyrobe,https://facebook.com/flyrobe,https://twitter.com/flyrobe,https://linkedin.com/company/flyrobe,2026-01-10 12:02:56,2026-01-10 12:02:56
a6a2db71-51d0-4656-8463-576c0645124e,0e50ed02-6937-4c8d-aa31-b4202a5f77cd,https://www.instagram.com/cottonculture.co.in,https://www.facebook.com/cottonculture.co.in,https://twitter.com/CottonCulture4,https://www.linkedin.com/company/cotton-culture-co-in,2026-01-10 12:02:56,2026-01-10 12:02:56
b8ceb207-c4a7-4e13-9ab9-18f4c240a53e,7e62e026-71a1-4b49-971d-e8bcd1cc4e54,,,,https://www.linkedin.com/company/giordano,2026-01-10 12:02:56,2026-01-10 12:02:56
5c87aa18-ff59-4ab9-9744-09caad72bb7c,8a873fc8-8a68-461e-81f4-55d7f192f2b1,,,,https://www.linkedin.com/company/liker-fashion,2026-01-10 12:02:56,2026-01-10 12:02:56
d605635a-9859-4a7b-a954-082d1c033ec6,fc244900-e4b1-4eec-8e70-eb778beac3a5,,,,,2026-01-10 12:02:56,2026-01-10 12:02:56
b8e80bb2-e93d-4c9a-8e72-f9c51293055e,a6ae3e8e-b3da-4406-9a53-1f411523033b,https://instagram.com/peachmodeinsta,https://facebook.com/peachmode1,https://twitter.com/peachmode1,,2026-01-10 12:02:56,2026-01-10 12:02:56
0bbca87f-9165-4c03-ae30-ff0218ffe9ce,f610d893-650e-46e2-89a6-c50f59036275,,,,,2026-01-10 12:02:56,2026-01-10 12:02:56
edbc77a7-94aa-4476-b2c6-ccd413756dc6,1dac1aa2-22c2-41e9-a608-2ffb1cefdf84,,,,,2026-01-10 12:02:56,2026-01-10 12:02:56
54eca7a8-0aee-4f10-9771-bc006f904854,1ee2cd39-dcf0-4e78-971d-967b8f1e2f12,https://instagram.com/_banana_club,https://facebook.com/BananaClub,,https://linkedin.com/company/banana-club-in-vogue,2026-01-10 12:02:56,2026-01-10 12:02:56
cb45de5d-d9b9-4d79-9e85-3172c65197a2,1c97dc61-7708-4958-8222-3fe8fa9275bc,,,,,2026-01-10 12:02:56,2026-01-10 12:02:56
a7a3d0dd-a03f-4e67-9dc6-e910226535e1,9ab139e7-cf16-4085-9352-c51d74e61115,https://www.instagram.com/dazzlesportswear/,,,,2026-01-10 12:02:56,2026-01-10 12:02:56
ab5918dd-312c-4bf1-a7aa-d0120edadd85,ac303bf7-2a32-471d-9be1-a1dbb2e915e7,https://www.instagram.com/adidas,,,,2026-01-10 12:02:56,2026-01-10 12:02:56
2d960581-8cb5-434d-90aa-cd92ef6a7ef6,df361e73-da0e-4e50-992d-e95e57306357,https://www.justdial.com/Bangalore/Maverick-Turf-Corporation,,,,2026-01-10 12:02:56,2026-01-10 12:02:56
3e0f4f74-c272-4704-81e3-54f9dcd2ae8b,c8bbd1a5-9676-4a19-b8c4-1b2f22fe8148,https://in.linkedin.com/company/cricket-academy-of-pathans-cap,,,,2026-01-10 12:02:56,2026-01-10 12:02:56
18fdd61b-bbfc-41ab-8d8c-973512fc302a,88848236-153f-41d1-85cd-4a9001af249c,,,,,2026-01-10 12:02:56,2026-01-10 12:02:56
f8b159ba-87d1-4b14-bab9-40f8614f1d96,d96ac4e8-daa4-4d60-9a4d-f7dcb54412b7,,,,,2026-01-10 12:02:56,2026-01-10 12:02:56
bd334845-b4d1-4d82-a712-656effd83f2b,d451263c-43df-4ba1-b652-cbac27ff7846,https://www.instagram.com/nitsaholidays,https://www.facebook.com/FranchiseIndiaMedia/posts,,,2026-01-10 12:02:56,2026-01-10 12:02:56
df330648-877d-4128-8de7-7319011d975e,a3d5f27f-978c-48e7-97cf-21e8aea6d359,https://www.instagram.com/easemytrip,https://www.facebook.com/EaseMyTrip/posts,,,2026-01-10 12:02:56,2026-01-10 12:02:56
a441c87a-798e-472e-bfed-5c8158361e2f,780dabc4-787e-4001-9c4b-a07c9874ffab,https://www.instagram.com/makemytrip,https://www.facebook.com/MakeMyTrip,https://twitter.com/MakeMyTrip,,2026-01-10 12:02:56,2026-01-10 12:02:56
6a049d79-d0e3-4b51-b400-a6b992f92c28,499ed48e-a3e7-480e-900b-f384cd1ec21f,https://www.instagram.com/cloud9trip.in,https://www.facebook.com/cloud9trip,,,2026-01-10 12:02:56,2026-01-10 12:02:56
d05581e3-d4f8-4177-a2c3-4640152f75ff,fc554f5b-c10b-4835-b81b-6eb90deb8862,https://www.instagram.com/thomascookindia,https://www.facebook.com/thomascookindia,https://twitter.com/thomascookindia,https://www.linkedin.com/company/thomascookindia,2026-01-10 12:02:56,2026-01-10 12:02:56
c588bbc8-7441-48d1-9ad5-f68f134bb74d,ab2c97a4-15c8-4105-902b-e6b961445825,,,,,2026-01-10 12:02:56,2026-01-10 12:02:56
c0a41c98-0441-45c3-aeb4-00d736dc95d2,0fe579f2-a816-4116-a312-a340923dbfe6,,,,,2026-01-10 12:02:56,2026-01-10 12:02:56
bbb71930-f81e-410c-907c-244dc45dafea,ba736baa-47d2-4b53-8969-661dbce6e6a1,,https://www.facebook.com/NexottelHotelResorts,,https://www.linkedin.com/company/nexottel-hotel-resorts,2026-01-10 12:02:56,2026-01-10 12:02:56
9e5b6554-bda6-4c0b-b8fe-cda69ba2356c,f943babd-ea6a-444b-b645-315f491c40a6,https://www.instagram.com/tripfactory,https://www.facebook.com/tripfactory,,https://www.linkedin.com/company/tripfactory-com,2026-01-10 12:02:56,2026-01-10 12:02:56
469173c4-3de2-47fa-bdb7-cf71bf6faeb6,e277efc3-55a1-40a9-8fad-b3149ffe9d2f,https://www.instagram.com/sonix_car_decors,https://www.facebook.com/share/1En41f96c4/,,,2026-01-10 12:02:56,2026-01-10 12:02:56
1006ba9c-6962-4c1b-a75f-a9c80ecde6e8,347dcb07-5002-4376-b056-fc37fe48eac8,,,,https://www.linkedin.com/company/swank-autocare/,2026-01-10 12:02:56,2026-01-10 12:02:56
0d8f508b-9871-4594-9afe-ab36505fc9d2,4024b1c9-12fd-451e-8a5f-0a5025e55819,,,,https://www.linkedin.com/company/reluxelectric/,2026-01-10 12:02:56,2026-01-10 12:02:56
5857cdfd-8e77-4dc8-b51f-2f59ac62e44c,8be9d5c3-86aa-4cd5-be33-3b39dfd647fa,https://www.instagram.com/bliveindia/,https://www.facebook.com/bliveindia,,https://in.linkedin.com/company/bliveindia,2026-01-10 12:02:56,2026-01-10 12:02:56
657370b0-2847-4b6c-a356-c4ed3b496cc1,bb0d140f-d9e5-4b4a-8182-4376a439422f,,,,,2026-01-10 12:02:56,2026-01-10 12:02:56
2a81a24a-d98c-47de-a0e5-ac4dd564ef0c,243ecbfb-c97d-42f8-b56c-31ca4f742263,https://www.instagram.com/wavexstore.mt/?hl=en,,,https://in.linkedin.com/company/wavex-auto-care,2026-01-10 12:02:56,2026-01-10 12:02:56
260cefb7-8bc0-4ce8-a495-447c684cecbd,5b707bb6-7325-4cd8-961e-8eff582d5328,,,,https://www.linkedin.com/company/onnbikes/about/,2026-01-10 12:02:56,2026-01-10 12:02:56
d7dc9840-c471-445c-a7b6-315bb9ebfaf8,f796a38b-1d81-4e48-ad0c-4ebeb485b41d,https://www.instagram.com/amoelectricbikes,https://www.facebook.com/amoelectricbikes,,https://in.linkedin.com/company/amoelectricbikes,2026-01-10 12:02:56,2026-01-10 12:02:56
f3576f2c-5813-4e6c-aa08-d41afc7c6440,e909318a-6b26-4da4-a189-c7e5e01c2226,https://www.instagram.com/doctorgarage.in,https://www.facebook.com/doctorgarage,,https://in.linkedin.com/company/doctor-garage,2026-01-10 12:02:56,2026-01-10 12:02:56
90d46926-ac39-4a56-b385-437570fbddaf,ad81abe8-369b-42cc-b233-fa5e90258116,https://www.instagram.com/youstafashion,,,,2026-01-10 12:02:56,2026-01-10 12:02:56
0318ac99-f9be-495c-a279-8c0a7cdc9762,98ecc642-3342-4704-bc19-7da7d34461df,https://www.instagram.com/redtapeindia,https://www.facebook.com/RedTapeIndia,,,2026-01-10 12:02:56,2026-01-10 12:02:56
6aef29e2-b1bc-4f94-815b-3abb94f5c866,290bec96-ad40-46e1-ad88-33c3cf6536b9,https://www.instagram.com/carriall,https://www.facebook.com/carriall,,,2026-01-10 12:02:56,2026-01-10 12:02:56
779cb8a1-84ae-46ed-ab8a-baad5a3c392c,0ce95acf-1221-45aa-ae6a-d496a33d1fa8,,https://www.facebook.com/CanaryLondonOfficial,,,2026-01-10 12:02:56,2026-01-10 12:02:56
fca4e698-aae1-443b-817b-1b205c34eb1e,3d7a177b-20bf-4b7d-a8a1-7c3514daa4a5,https://www.instagram.com/specsmakersofficial,,,,2026-01-10 12:02:56,2026-01-10 12:02:56
f73a34da-f81e-4335-bf38-7c50145bae5e,2155ba74-85c2-4123-9485-75b3c9e07def,https://www.instagram.com/siaartjewellery,,,,2026-01-10 12:02:56,2026-01-10 12:02:56
72814f68-89d1-45a6-a634-fc59bdea3358,a61d62b8-582d-4179-9603-789f0ee2bece,,https://www.facebook.com/classicpolos,,,2026-01-10 12:02:56,2026-01-10 12:02:56
bab79d3c-c7fc-4791-aff6-1d71701adb25,7cbee3c6-e9d5-40f1-9be2-ac2fe5053add,https://www.instagram.com/silverleafclothing,,,,2026-01-10 12:02:56,2026-01-10 12:02:56
ab6e4e30-7ed9-406c-a815-6513452933d7,ca257ac6-7d5b-4292-a6e1-9d71b5c73ada,https://www.instagram.com/chhabra555official,,,,2026-01-10 12:02:56,2026-01-10 12:02:56
14a27e4f-6613-47e2-acd4-6a987e759153,80126705-23b0-47c5-bf0b-bcce2bb4b417,,https://www.facebook.com/LiverpoolLosAngeles,,,2026-01-10 12:02:56,2026-01-10 12:02:56
9c092995-0359-448e-9de1-f6882db78aea,ae70ee5e-ea25-47b0-9b80-aba3400b5cd3,,,,,2026-01-10 12:02:56,2026-01-10 12:02:56
ef801a5a-6192-4179-9de2-4814a09eb7a0,f648ef1c-c7c1-4d7f-b04a-91bf04a6718d,,https://www.facebook.com/KumonIndia,,https://www.linkedin.com/company/kumon,2026-01-10 12:02:56,2026-01-10 12:02:56
5b11f145-2a1c-43f2-b82e-a60bb93e21ae,319210e7-b5f8-45c0-a3d0-9e384b46c5ca,,,,https://www.linkedin.com/company/msm-unify,2026-01-10 12:02:56,2026-01-10 12:02:56
df2c38bc-dd4d-4305-8cbe-c5c72728e414,58b4e1a8-1418-4da0-a57e-23d285891faf,https://www.instagram.com/instituteofquantummarketing,https://www.facebook.com/instituteofquantummarketing,,https://www.linkedin.com/company/institute-of-quantum-marketing,2026-01-10 12:02:56,2026-01-10 12:02:56
6e8dae20-32a7-40b3-b125-3c38f4b55515,b9e6ee77-95a5-4782-819e-2e9f0e39a9db,,,,,2026-01-10 12:02:56,2026-01-10 12:02:56
468ecd99-f780-4072-abd7-e013cdca7135,7484b19e-814d-4ca1-bfab-c1050e50b712,https://www.instagram.com/spellbeeinternational,https://www.facebook.com/spellbeeinternational,,https://www.linkedin.com/company/spellbee-international,2026-01-10 12:02:56,2026-01-10 12:02:56
e85c59ef-117b-4754-ab93-685f7a69be3a,e0d7a709-6146-4915-83d7-1906b24f9ce6,https://www.instagram.com/skilllync,https://www.facebook.com/skilllync,,https://www.linkedin.com/company/skill-lync,2026-01-10 12:02:56,2026-01-10 12:02:56
b5ab8d83-cd2b-4cda-a511-09d6d76ab0b0,605dc402-64b7-4ba9-9069-e705f4746b7c,,,,https://www.linkedin.com/company/apponix-academy,2026-01-10 12:02:56,2026-01-10 12:02:56
06f2d2c9-c4c9-439d-b8fd-3932fdcedeb7,3f8fddd3-f75d-4d55-8622-c998930adc92,,,,https://www.linkedin.com/company/brain-checker,2026-01-10 12:02:56,2026-01-10 12:02:56
9c2a96c8-55c1-42f0-b6a8-e8b2c846cf40,be9dc891-8287-4cbd-9093-b658cae87d07,https://www.instagram.com/frozenbottle_official,https://www.facebook.com/frozenbottle,,,2026-01-10 12:02:56,2026-01-10 12:02:56
5a52a4bf-e228-4fb2-a347-9e127eae5b94,20eb604e-6144-4ec8-9dfc-e504cfc576ea,https://www.instagram.com/pabrais,https://www.facebook.com/pabrais,,,2026-01-10 12:02:56,2026-01-10 12:02:56
9d7f2d21-0805-474d-9398-6776775ced0a,945cd8b9-47c7-4093-b0ea-4531c6ced200,https://www.instagram.com/creamandfudgeindia/,https://www.facebook.com/creamandfudgeindia/,,,2026-01-10 12:02:56,2026-01-10 12:02:56
178b0eb7-908f-4acf-871d-8f859d21e7b2,23483a03-aa1e-4e9e-862e-23a723901474,https://www.instagram.com/thefruitcreamery/,https://www.facebook.com/thefruitcreameryindia/,,,2026-01-10 12:02:56,2026-01-10 12:02:56
9ffb707f-1d56-42ba-be9b-ab15105e0439,70628840-212f-4377-8b18-8aa145bc292a,https://www.instagram.com/dairydon_official/,https://www.facebook.com/dairydonofficial/,,,2026-01-10 12:02:56,2026-01-10 12:02:56
4c7262aa-c1aa-421b-ada4-a3f9812e5a40,6855aba8-d2c9-4cd6-aa86-bed08d0acfc8,https://www.instagram.com/michaelsicecreamburger/,https://www.facebook.com/michaelsicecreamburger/,,,2026-01-10 12:02:56,2026-01-10 12:02:56
9dbe17e5-f716-400c-b70d-4aa0a54b5e35,9bb91606-f058-4164-bcaa-87892da94227,,,,,2026-01-10 12:02:56,2026-01-10 12:02:56
dd1d07e7-55fd-4b88-a036-6d1d9ef041c5,5f399d54-407c-4b4a-98c7-aef9ad1600c6,https://www.instagram.com/cocoberryindia/,https://www.facebook.com/Cocoberry,,https://in.linkedin.com/in/laksh-h-yadav-a49048a0,2026-01-10 12:02:56,2026-01-10 12:02:56
e9d5f3e5-da21-4fb4-95ae-7d560d0dc9fc,489d88bf-1f8d-4de9-b7f1-a863268d3126,https://www.instagram.com/icecream_amul,https://www.facebook.com/AmulIcecream,https://twitter.com/Amul_Coop,,2026-01-10 12:02:56,2026-01-10 12:02:56
3f404833-d0bc-4796-8758-508a8820101d,f1ce23fc-d9bd-4514-83be-543b30357cb1,https://www.instagram.com/gianiicecream/,https://www.facebook.com/Gianisicecream1956/,,,2026-01-10 12:02:56,2026-01-10 12:02:56
c0f18457-b1c7-4802-8b76-f076099a6599,4af9efb4-507c-4d83-bac1-bfcb915174a4,https://www.instagram.com/kioskkaffeeofficial/,https://www.facebook.com/Kiosk-Kaffee,,https://www.linkedin.com/company/kiosk-kaffee,2026-01-10 12:02:56,2026-01-10 12:02:56
f93e08fc-7e2f-4e3a-97be-20b01bf040b4,38561e9f-265f-4bd5-9e6f-4d4c001fab1e,https://www.instagram.com/midwaycafeindia,https://www.facebook.com/midwaycafeindia,,https://www.linkedin.com/company/midwaycafeindia,2026-01-10 12:02:56,2026-01-10 12:02:56
86b023e6-57c1-43d6-952f-eb8c6e4afcdf,fb0b305f-4c8f-43af-acc7-5619797e05a7,https://www.instagram.com/kulhadrani,,,https://www.linkedin.com/company/kulhad-rani,2026-01-10 12:02:56,2026-01-10 12:02:56
1f5263e0-2d31-40f0-8481-7a4a515fdd11,fbb1242f-32be-4c01-b085-b98486a13802,https://www.instagram.com/_creamoholiccafe_gandhinagar,https://www.facebook.com/CreamoholicGandhinagar/,,,2026-01-10 12:02:56,2026-01-10 12:02:56
e62b280a-cb92-4375-a5ba-4b1673eb8724,bb624860-ff6d-416a-bd40-2458aeefed6c,https://www.instagram.com/thebrewtribe,https://www.facebook.com/thebrewtribe,,,2026-01-10 12:02:56,2026-01-10 12:02:56
8e852b5c-506d-4d44-ae94-b5dccaaad1b1,d93c950c-ab6f-4a07-b92b-33b89adc419b,https://www.instagram.com/simba.toysindia/,https://www.facebook.com/simbaindia,,https://www.linkedin.com/company/simba-toys-india/,2026-01-10 12:02:56,2026-01-10 12:02:56
a9c47976-8e05-4fa6-8566-b6446c961b53,12c8ab8c-e4fd-4910-8bce-ef630b9e6491,https://www.instagram.com/justdogsindia,https://www.facebook.com/justdogsindia,,,2026-01-10 12:02:56,2026-01-10 12:02:56
cf1ee17d-0232-46a7-b263-116aa0ece40d,64afff51-8b14-4193-a750-6c03763a23b4,https://www.instagram.com/homelane_india/,https://www.facebook.com/homelaneinteriors,,https://www.linkedin.com/company/homelane/,2026-01-10 12:02:56,2026-01-10 12:02:56
1fd546b8-2996-4df4-96ec-682d532b63c2,3431dd32-d63e-4fce-8a7b-488a02dadf73,https://www.instagram.com/medkartpharmacy/,https://www.facebook.com/medkartpharmacy/,,https://in.linkedin.com/company/medkart-pharmacy,2026-01-10 12:02:56,2026-01-10 12:02:56
4b856069-5b2d-4fb5-a4f0-78d1c7892651,c6444da3-7bf0-44e7-a219-85d4e84bded4,https://www.instagram.com/bluestoneindia/,https://www.facebook.com/bluestonejewels,https://twitter.com/bluestone_com,https://in.linkedin.com/company/bluestone-jewellery,2026-01-10 12:02:56,2026-01-10 12:02:56
6adad0e1-0262-4f34-b0b5-50cc4b5dc132,b702b30c-ea16-4a5b-8d78-13f8c41c51d3,https://www.instagram.com/livspace.in/,https://www.facebook.com/livspace,https://x.com/livspace,https://in.linkedin.com/company/livspace,2026-01-10 12:02:56,2026-01-10 12:02:56
698d878b-ae36-41f0-b773-13c0b07cdac8,7d07fbd9-d1a5-4820-8ff8-c1120ea6ff06,https://www.instagram.com/duckback_india_ltd/,https://www.facebook.com/p/Duckback-100076418766164/,,https://in.linkedin.com/company/duckback-india-limited,2026-01-10 12:02:56,2026-01-10 12:02:56
9e4c256c-ef19-46b7-9fcb-edc7baa52479,0b66ede6-6a9d-4dc1-a71e-d4ac5db22f6f,https://www.instagram.com/bestforindia/,https://www.facebook.com/BestForIN/,https://twitter.com/BestForIN,https://www.linkedin.com/company/best-for-in?originalSubdomain=in,2026-01-10 12:02:56,2026-01-10 12:02:56
0d92d156-13b5-4909-8d64-d9408774ff6d,606a879b-da69-4f28-bb62-7d6928c5bfda,https://www.instagram.com/paragon_footwear,https://www.facebook.com/ParagonShoes,,https://www.linkedin.com/company/paragon-footwear,2026-01-10 12:02:56,2026-01-10 12:02:56
7544fe71-9037-499d-bd81-a68ce8d6a266,51de79ee-7094-4b9e-8fd8-36c14770b17d,https://www.instagram.com/wurfel.in,https://www.facebook.com/WurfelKitchen,,https://www.linkedin.com/company/wurfel/,2026-01-10 12:02:56,2026-01-10 12:02:56
812b7bfb-aa72-4fcf-ab07-8cf91f24a035,1fac6fce-3ca3-41c6-a470-541370486496,https://www.instagram.com/kiranakingofficial/,https://www.facebook.com/share/1GtVuygbuT/,https://x.com/Kiranaking,https://www.linkedin.com/company/kirana-king/,2026-01-10 12:02:56,2026-01-10 12:02:56
2f0e2414-427f-4ecf-b571-c068f1642584,7ead3192-9970-4ca4-9492-1e653cba5c40,https://www.instagram.com/polimeraas/,https://www.facebook.com/Polimeraas/,,https://www.linkedin.com/company/polimeraas/,2026-01-10 12:02:56,2026-01-10 12:02:56
709f1a57-5aa7-441c-98a6-e8a6b0734558,b369aafb-788d-48c2-a292-1227e246c5e2,https://www.instagram.com/ekirana_store/,https://www.facebook.com/ekiranastorezirakpur/,,https://www.linkedin.com/in/ekirana-store-68a3a21b3/,2026-01-10 12:02:56,2026-01-10 12:02:56
c55e13ef-f0c4-4567-ac2c-79b321cbb7b5,4aafb50c-8cb6-4610-9232-89902077d0a3,,https://www.facebook.com/solomonsoftware/about/,,https://www.linkedin.com/company/solomon-software/?originalSubdomain=in,2026-01-10 12:02:56,2026-01-10 12:02:56
9c9f546c-0c0e-4165-92ce-162469894f0a,30a2d954-c1e6-4ca8-8b82-c27241094307,,https://www.facebook.com/delbertoindia91/,,https://www.linkedin.com/company/delbertoclub/?originalSubdomain=in,2026-01-10 12:02:56,2026-01-10 12:02:56
30384cf7-bb7d-42e3-bd45-0592f5e48a92,490c8da9-056b-42c8-953b-790ae0d96980,https://www.instagram.com/ekirana_store/,https://www.facebook.com/ekiranastorezirakpur/,,https://www.linkedin.com/company/ezeesteps-online-retail,2026-01-10 12:02:56,2026-01-10 12:02:56
f634c563-a317-4394-a823-0ad59ea345a0,e75e0dd4-68dc-4253-ba10-c66dbc68af66,,https://www.facebook.com/pay2cartofficial/,,https://www.linkedin.com/company/pay2cart-private-limited/,2026-01-10 12:02:56,2026-01-10 12:02:56
eff12e73-a726-494b-abcf-dfb34701dc68,3ab4cfd1-65bf-4466-b000-fa986136cf8a,https://www.instagram.com/ajanta_footcare/?hl=en,https://www.facebook.com/AjantaFootcare/,,https://www.linkedin.com/company/ajanta/,2026-01-10 12:02:56,2026-01-10 12:02:56
c0b8b280-2602-48b9-a209-1363b1202cbd,52e386d0-16ce-48fa-91c9-75e6dc633959,,,,https://www.linkedin.com/company/inbsys/,2026-01-10 12:02:56,2026-01-10 12:02:56
