id,franchise_id,rating,rating_count,follow_count,likes_count,view_count,save_count,share_count,enquiry_count,news_count,created_at,updated_at
4fa2cca6-3660-478c-a1c4-3c087c9f9af3,b38c39c0-b9f6-495f-b8be-a65b1c0b9221,,0,0,0,0,0,0,0,0,2026-01-10 12:02:52,2026-01-10 12:02:52
96c6a571-0061-4589-85bd-331505420ba0,c8f6989c-d785-4cf7-b127-b7ba288a3314,,0,0,0,0,0,0,0,2,2026-01-10 12:02:52,2026-01-10 12:02:52
a86a5963-0980-4d5e-af2a-b32cc0ed0492,b297c5b9-82e3-4c3d-88fc-c509ae881207,,0,0,0,0,0,0,0,2,2026-01-10 12:02:52,2026-01-10 12:02:52
99e7b950-4b26-436d-aa3e-a76139a2baf7,6a8c08c9-ef66-48b0-a68e-e9e0b7b40fcc,,0,0,0,0,0,0,0,1,2026-01-10 12:02:52,2026-01-10 12:02:52
7b651a3d-d310-4af3-9ab2-e5ae7103c3eb,09378ed3-2aa4-4e45-bf5d-6a75d1bdb2f7,,0,0,0,0,0,0,0,1,2026-01-10 12:02:52,2026-01-10 12:02:52
6ce3087b-be1a-4314-a435-38d12717aba0,b781fa76-8eaf-4cf9-a15c-b6a1c3503554,,0,0,0,0,0,0,0,1,2026-01-10 12:02:52,2026-01-10 12:02:52
2b7f95a1-b5bb-418f-a97a-415e8de471f8,0e50ed02-6937-4c8d-aa31-b4202a5f77cd,,0,0,0,0,0,0,0,0,2026-01-10 12:02:52,2026-01-10 12:02:52
66e2e273-a623-4a90-a7fb-bf12ebf340d3,7e62e026-71a1-4b49-971d-e8bcd1cc4e54,,0,0,0,0,0,0,0,0,2026-01-10 12:02:52,2026-01-10 12:02:52
b5eb9657-f5b4-4e19-a492-0fefaf3864bb,8a873fc8-8a68-461e-81f4-55d7f192f2b1,,0,0,0,0,0,0,0,0,2026-01-10 12:02:52,2026-01-10 12:02:52
28903e1f-ed41-4e90-a0a2-44efba6a26e4,fc244900-e4b1-4eec-8e70-eb778beac3a5,,0,0,0,0,0,0,0,0,2026-01-10 12:02:52,2026-01-10 12:02:52
77f97227-0cc8-41ec-845b-ab80cb429dbf,a6ae3e8e-b3da-4406-9a53-1f411523033b,,0,0,0,0,0,0,0,0,2026-01-10 12:02:52,2026-01-10 12:02:52
b55b428e-1f7c-402d-8424-19aebca6a309,f610d893-650e-46e2-89a6-c50f59036275,,0,0,0,0,0,0,0,0,2026-01-10 12:02:52,2026-01-10 12:02:52
6c36c52b-dd18-496c-ba0c-1b66e029b41d,1dac1aa2-22c2-41e9-a608-2ffb1cefdf84,,0,0,0,0,0,0,0,0,2026-01-10 12:02:52,2026-01-10 12:02:52
001fc9f3-068a-4a45-ae02-ada4896eaa30,1ee2cd39-dcf0-4e78-971d-967b8f1e2f12,,0,196000,0,0,0,0,0,0,2026-01-10 12:02:52,2026-01-10 12:02:52
3b1e1f61-516e-4962-ad2c-ac7450d1deb4,1c97dc61-7708-4958-8222-3fe8fa9275bc,,0,0,0,0,0,0,0,0,2026-01-10 12:02:52,2026-01-10 12:02:52
5a407073-0954-4bb3-842f-4b9bf65cb7dd,9ab139e7-cf16-4085-9352-c51d74e61115,,0,0,0,0,0,0,0,0,2026-01-10 12:02:52,2026-01-10 12:02:52
d44164e6-7ee7-4513-aa0d-a71111862f9a,ac303bf7-2a32-471d-9be1-a1dbb2e915e7,,0,0,0,0,0,0,0,1,2026-01-10 12:02:52,2026-01-10 12:02:52
4cf98297-f6a4-4551-a121-435f47803270,df361e73-da0e-4e50-992d-e95e57306357,,0,0,0,0,0,0,0,0,2026-01-10 12:02:52,2026-01-10 12:02:52
ab7e2994-5543-43e0-ac21-84bd6d99307f,c8bbd1a5-9676-4a19-b8c4-1b2f22fe8148,,0,0,0,0,0,0,0,0,2026-01-10 12:02:52,2026-01-10 12:02:52
e5891909-27af-40ab-a2ef-0f92ce1b7c8b,88848236-153f-41d1-85cd-4a9001af249c,,0,0,0,0,0,0,0,0,2026-01-10 12:02:52,2026-01-10 12:02:52
d8e2f649-0328-4d3b-b381-ea1837ba816a,d96ac4e8-daa4-4d60-9a4d-f7dcb54412b7,,0,0,0,0,0,0,0,0,2026-01-10 12:02:52,2026-01-10 12:02:52
8c6bfbf4-436b-4178-8407-baef4c87fb04,d451263c-43df-4ba1-b652-cbac27ff7846,,0,0,0,0,0,0,0,0,2026-01-10 12:02:52,2026-01-10 12:02:52
b4de47eb-dad4-4ec2-807d-8b71c9d65664,a3d5f27f-978c-48e7-97cf-21e8aea6d359,,0,0,0,0,0,0,0,0,2026-01-10 12:02:52,2026-01-10 12:02:52
a494abc0-6469-4a23-b65a-f1f0290bd126,780dabc4-787e-4001-9c4b-a07c9874ffab,,0,0,0,0,0,0,0,0,2026-01-10 12:02:52,2026-01-10 12:02:52
b9c5da0e-3f95-4b2b-9103-f8573851fcaa,499ed48e-a3e7-480e-900b-f384cd1ec21f,,0,0,0,0,0,0,0,0,2026-01-10 12:02:52,2026-01-10 12:02:52
8f8de3ba-92f5-4e69-b38f-cbd738d9f6f8,fc554f5b-c10b-4835-b81b-6eb90deb8862,,0,0,0,0,0,0,0,0,2026-01-10 12:02:52,2026-01-10 12:02:52
f2c8c275-adcf-45a2-b81c-e58e3a3d21a4,ab2c97a4-15c8-4105-902b-e6b961445825,,0,0,0,0,0,0,0,0,2026-01-10 12:02:52,2026-01-10 12:02:52
83854a68-2ac1-42f8-8530-bd3d7b0e68ec,0fe579f2-a816-4116-a312-a340923dbfe6,,0,0,0,0,0,0,0,0,2026-01-10 12:02:52,2026-01-10 12:02:52
ae7bbeac-24b1-43cc-a16a-d4fd6fb3b80b,a0160a9a-fe08-485e-9592-67df5f2e6235,,0,0,0,0,0,0,0,0,2026-01-10 12:02:52,2026-01-10 12:02:52
711b486f-2073-4520-a677-cb62727c2ee5,ba736baa-47d2-4b53-8969-661dbce6e6a1,,0,0,0,0,0,0,0,0,2026-01-10 12:02:52,2026-01-10 12:02:52
262983f7-3fbf-4c2c-bbad-1de628fd1acc,f943babd-ea6a-444b-b645-315f491c40a6,,0,0,0,0,0,0,0,0,2026-01-10 12:02:52,2026-01-10 12:02:52
66889eba-1779-4687-90e1-c37be34b8283,e277efc3-55a1-40a9-8fad-b3149ffe9d2f,,0,0,0,0,0,0,0,0,2026-01-10 12:02:52,2026-01-10 12:02:52
691546cb-3c91-43d1-b20d-d9865432427a,347dcb07-5002-4376-b056-fc37fe48eac8,,0,0,0,0,0,0,0,0,2026-01-10 12:02:52,2026-01-10 12:02:52
a2f19c66-caab-4be4-b4bb-23c592a69cb5,4024b1c9-12fd-451e-8a5f-0a5025e55819,,0,0,0,0,0,0,0,0,2026-01-10 12:02:52,2026-01-10 12:02:52
b7bcd7b5-6b08-4d9b-a8f8-2f124df39438,8be9d5c3-86aa-4cd5-be33-3b39dfd647fa,,0,0,0,0,0,0,0,0,2026-01-10 12:02:52,2026-01-10 12:02:52
3e15428f-8332-44d9-a534-32f83caffa5f,bb0d140f-d9e5-4b4a-8182-4376a439422f,,0,0,0,0,0,0,0,0,2026-01-10 12:02:52,2026-01-10 12:02:52
03ab597d-ed62-4985-ba61-c90b8c132c55,243ecbfb-c97d-42f8-b56c-31ca4f742263,,0,0,0,0,0,0,0,0,2026-01-10 12:02:52,2026-01-10 12:02:52
c2f6cc53-249f-4766-b84c-6452f5134eb6,5b707bb6-7325-4cd8-961e-8eff582d5328,,0,0,0,0,0,0,0,0,2026-01-10 12:02:52,2026-01-10 12:02:52
2e158825-05ab-4832-b269-58ac8b7c7758,f796a38b-1d81-4e48-ad0c-4ebeb485b41d,,0,0,0,0,0,0,0,0,2026-01-10 12:02:52,2026-01-10 12:02:52
a2a83c6f-84d7-4d32-99b5-c55ddf85bb76,e909318a-6b26-4da4-a189-c7e5e01c2226,,0,0,0,0,0,0,0,0,2026-01-10 12:02:52,2026-01-10 12:02:52
81e08511-344a-4795-92ff-cc9949e16241,ad81abe8-369b-42cc-b233-fa5e90258116,,0,0,0,0,0,0,0,0,2026-01-10 12:02:52,2026-01-10 12:02:52
8ebb6911-0b21-46d4-8841-2fbbd8d9a2f6,98ecc642-3342-4704-bc19-7da7d34461df,,0,0,0,0,0,0,0,0,2026-01-10 12:02:52,2026-01-10 12:02:52
84045c71-9f66-4382-99b1-51592d411016,290bec96-ad40-46e1-ad88-33c3cf6536b9,,0,0,0,0,0,0,0,0,2026-01-10 12:02:52,2026-01-10 12:02:52
c9c3bcfb-c9c6-4014-879d-ea99905dc5ab,0ce95acf-1221-45aa-ae6a-d496a33d1fa8,,0,0,0,0,0,0,0,0,2026-01-10 12:02:52,2026-01-10 12:02:52
b47e4ecb-8720-4ada-863b-c9b249e44dbb,3d7a177b-20bf-4b7d-a8a1-7c3514daa4a5,,0,0,0,0,0,0,0,0,2026-01-10 12:02:52,2026-01-10 12:02:52
6da596fc-50c9-420e-b9e1-daab020b3d6c,2155ba74-85c2-4123-9485-75b3c9e07def,,0,0,0,0,0,0,0,0,2026-01-10 12:02:52,2026-01-10 12:02:52
619d385f-ea33-4d53-9275-5e8b47549fd9,a61d62b8-582d-4179-9603-789f0ee2bece,,0,0,0,0,0,0,0,0,2026-01-10 12:02:52,2026-01-10 12:02:52
6d312bd0-1916-439c-b9bc-f38596ca9a27,7cbee3c6-e9d5-40f1-9be2-ac2fe5053add,,0,0,0,0,0,0,0,0,2026-01-10 12:02:52,2026-01-10 12:02:52
bc506e1d-21af-4222-a723-7367e3a1df36,ca257ac6-7d5b-4292-a6e1-9d71b5c73ada,,0,0,0,0,0,0,0,0,2026-01-10 12:02:52,2026-01-10 12:02:52
25505610-d703-4799-b223-fd428d6a53b6,80126705-23b0-47c5-bf0b-bcce2bb4b417,,0,0,0,0,0,0,0,0,2026-01-10 12:02:52,2026-01-10 12:02:52
3d1a638d-42fe-4240-ab64-3cced1d9c77c,ae70ee5e-ea25-47b0-9b80-aba3400b5cd3,,0,0,0,0,0,0,0,0,2026-01-10 12:02:52,2026-01-10 12:02:52
bdf7629d-2dbd-41fd-8f83-e53f0972585c,f648ef1c-c7c1-4d7f-b04a-91bf04a6718d,,0,0,0,0,0,0,0,0,2026-01-10 12:02:52,2026-01-10 12:02:52
4d755fea-11b5-4d93-93bb-f30c2fef9a06,319210e7-b5f8-45c0-a3d0-9e384b46c5ca,,0,0,0,0,0,0,0,0,2026-01-10 12:02:52,2026-01-10 12:02:52
4609db25-dc9a-4f26-9e89-05ef1ea0f2e1,58b4e1a8-1418-4da0-a57e-23d285891faf,,0,0,0,0,0,0,0,0,2026-01-10 12:02:52,2026-01-10 12:02:52
42418c9f-df24-492a-98e8-2ef41ac0d844,b9e6ee77-95a5-4782-819e-2e9f0e39a9db,,0,0,0,0,0,0,0,0,2026-01-10 12:02:52,2026-01-10 12:02:52
e70f44e4-9444-49fd-9f31-bbea42df57ab,7484b19e-814d-4ca1-bfab-c1050e50b712,,0,0,0,0,0,0,0,0,2026-01-10 12:02:52,2026-01-10 12:02:52
056a380b-2176-44e2-b04f-10fd5b11b3d5,e0d7a709-6146-4915-83d7-1906b24f9ce6,,0,0,0,0,0,0,0,0,2026-01-10 12:02:52,2026-01-10 12:02:52
1efdfd4c-3997-4474-9d01-fe1a5709862e,605dc402-64b7-4ba9-9069-e705f4746b7c,,0,0,0,0,0,0,0,0,2026-01-10 12:02:52,2026-01-10 12:02:52
8d33dcd1-1274-4c40-a646-92d8b7428883,3f8fddd3-f75d-4d55-8622-c998930adc92,,0,0,0,0,0,0,0,0,2026-01-10 12:02:52,2026-01-10 12:02:52
f6414683-dd3e-4e1b-9fb2-bf548f678fd9,be9dc891-8287-4cbd-9093-b658cae87d07,,0,0,0,0,0,0,0,1,2026-01-10 12:02:52,2026-01-10 12:02:52
be7b2483-6c74-44ec-bf75-f4819e947520,20eb604e-6144-4ec8-9dfc-e504cfc576ea,,0,0,0,0,0,0,0,1,2026-01-10 12:02:52,2026-01-10 12:02:52
e1634ccb-2fdf-46f3-96aa-4f804657d893,945cd8b9-47c7-4093-b0ea-4531c6ced200,,0,0,0,0,0,0,0,1,2026-01-10 12:02:52,2026-01-10 12:02:52
f5c67191-b472-42f5-8afe-6ae799fb1b96,23483a03-aa1e-4e9e-862e-23a723901474,,0,697,983,0,0,0,0,0,2026-01-10 12:02:52,2026-01-10 12:02:52
65cb38a4-8683-4041-8349-8b12f68fdeec,70628840-212f-4377-8b18-8aa145bc292a,,0,3000,4400,0,0,0,0,0,2026-01-10 12:02:52,2026-01-10 12:02:52
7f2212e9-0e84-419e-8b3e-f2ec8daf28c0,6855aba8-d2c9-4cd6-aa86-bed08d0acfc8,,0,323,,0,0,0,0,0,2026-01-10 12:02:52,2026-01-10 12:02:52
69a28e43-4953-4e87-adf7-7d08e890ea67,9bb91606-f058-4164-bcaa-87892da94227,,0,,,0,0,0,0,0,2026-01-10 12:02:52,2026-01-10 12:02:52
63a1f58a-9411-4fe0-b0c2-9d3c3e2ebdf7,5f399d54-407c-4b4a-98c7-aef9ad1600c6,,0,0,0,0,0,0,0,0,2026-01-10 12:02:52,2026-01-10 12:02:52
22a97839-f05c-4f1a-b67d-6f3e12ba3279,489d88bf-1f8d-4de9-b7f1-a863268d3126,,0,0,0,0,0,0,0,0,2026-01-10 12:02:52,2026-01-10 12:02:52
bc7564d7-e2e1-4520-acab-b03725d5d50e,f1ce23fc-d9bd-4514-83be-543b30357cb1,,0,0,0,0,0,0,0,0,2026-01-10 12:02:52,2026-01-10 12:02:52
9968e79b-74f7-45b2-a1fe-e35593a80e27,4af9efb4-507c-4d83-bac1-bfcb915174a4,,0,0,0,0,0,0,0,0,2026-01-10 12:02:52,2026-01-10 12:02:52
99f3e62a-365e-4aad-8615-1cf6621e9915,38561e9f-265f-4bd5-9e6f-4d4c001fab1e,,0,0,0,0,0,0,0,0,2026-01-10 12:02:52,2026-01-10 12:02:52
a636e47d-14bb-4d3e-9df2-216a13cf75ea,fb0b305f-4c8f-43af-acc7-5619797e05a7,,0,0,0,0,0,0,0,0,2026-01-10 12:02:52,2026-01-10 12:02:52
dec8d4fd-9121-4e1e-8be1-6a34e624f5f1,fbb1242f-32be-4c01-b085-b98486a13802,,0,0,0,0,0,0,0,0,2026-01-10 12:02:52,2026-01-10 12:02:52
158dc526-8393-4a9f-b5ff-c0fe29c5aae9,bb624860-ff6d-416a-bd40-2458aeefed6c,,0,0,0,0,0,0,0,0,2026-01-10 12:02:52,2026-01-10 12:02:52
3f366a20-7263-4eea-8b4d-26ed4716e9cf,d93c950c-ab6f-4a07-b92b-33b89adc419b,,0,0,0,0,0,0,0,0,2026-01-10 12:02:52,2026-01-10 12:02:52
d9df3935-5de2-44ab-9468-d3f5b32cc940,12c8ab8c-e4fd-4910-8bce-ef630b9e6491,,0,0,0,0,0,0,0,0,2026-01-10 12:02:52,2026-01-10 12:02:52
07ed6155-bf32-4689-a15b-ddfefe1ef0d9,64afff51-8b14-4193-a750-6c03763a23b4,,0,0,0,0,0,0,0,0,2026-01-10 12:02:52,2026-01-10 12:02:52
b9ddf989-2eb0-4169-baaf-d9445fa8c204,3431dd32-d63e-4fce-8a7b-488a02dadf73,,0,0,0,0,0,0,0,0,2026-01-10 12:02:52,2026-01-10 12:02:52
28d64bb8-3674-4cfe-943e-aed8d31b759d,c6444da3-7bf0-44e7-a219-85d4e84bded4,,0,0,0,0,0,0,0,0,2026-01-10 12:02:52,2026-01-10 12:02:52
79fb9378-eb5b-404d-9c18-bff43c517ef8,b702b30c-ea16-4a5b-8d78-13f8c41c51d3,,0,0,0,0,0,0,0,0,2026-01-10 12:02:52,2026-01-10 12:02:52
578b088d-5804-410d-8ad6-c6f704b4eeb5,7d07fbd9-d1a5-4820-8ff8-c1120ea6ff06,,0,0,0,0,0,0,0,0,2026-01-10 12:02:52,2026-01-10 12:02:52
5c973dfd-ba7a-47a7-abde-706d1bc42efb,0b66ede6-6a9d-4dc1-a71e-d4ac5db22f6f,,0,0,0,0,0,0,0,0,2026-01-10 12:02:52,2026-01-10 12:02:52
a52a863a-bc72-452b-bea1-afe1e64dc7a5,606a879b-da69-4f28-bb62-7d6928c5bfda,,0,0,0,0,0,0,0,0,2026-01-10 12:02:52,2026-01-10 12:02:52
d571bbf5-e56b-4b90-9067-ba4d2f9d5fa9,51de79ee-7094-4b9e-8fd8-36c14770b17d,,0,0,0,0,0,0,0,0,2026-01-10 12:02:52,2026-01-10 12:02:52
9e7c0eb2-5c6c-4e8f-aea8-f6bef56fed75,1fac6fce-3ca3-41c6-a470-541370486496,,0,0,0,0,0,0,0,0,2026-01-10 12:02:52,2026-01-10 12:02:52
9fe16c87-e515-46f9-9c07-1ed0a1d73e58,7ead3192-9970-4ca4-9492-1e653cba5c40,,0,0,0,0,0,0,0,0,2026-01-10 12:02:52,2026-01-10 12:02:52
6a3191f7-662e-4e15-b2fb-55e4cd8030e1,b369aafb-788d-48c2-a292-1227e246c5e2,,0,0,0,0,0,0,0,0,2026-01-10 12:02:52,2026-01-10 12:02:52
cdcaff21-8b45-4bd1-8a25-73e781f8579d,4aafb50c-8cb6-4610-9232-89902077d0a3,,0,0,0,0,0,0,0,0,2026-01-10 12:02:52,2026-01-10 12:02:52
092ed9e7-ed64-4446-9a95-2cffc8ab18a9,30a2d954-c1e6-4ca8-8b82-c27241094307,,0,0,0,0,0,0,0,0,2026-01-10 12:02:52,2026-01-10 12:02:52
15532d6e-aca3-4bae-9a32-6b2829bfd38e,490c8da9-056b-42c8-953b-790ae0d96980,,0,0,0,0,0,0,0,0,2026-01-10 12:02:52,2026-01-10 12:02:52
fc85cdf4-0fe7-4d08-8b96-2f645a01248c,e75e0dd4-68dc-4253-ba10-c66dbc68af66,,0,0,0,0,0,0,0,0,2026-01-10 12:02:52,2026-01-10 12:02:52
965b8fb2-9692-475a-9cc1-0fbe82d599cb,3ab4cfd1-65bf-4466-b000-fa986136cf8a,,0,0,0,0,0,0,0,0,2026-01-10 12:02:52,2026-01-10 12:02:52
41ec8184-40e4-4e07-8aa7-fe2332d85b21,52e386d0-16ce-48fa-91c9-75e6dc633959,,0,0,0,0,0,0,0,0,2026-01-10 12:02:52,2026-01-10 12:02:52
7594d705-4c8b-4962-8dc3-5b70b333a1e5,1ae94dc8-64ad-42e0-9650-72d9fe7e83c5,,0,0,0,0,0,0,0,0,2026-1-10 12:02,2026-1-10 12:02
ecb8f316-29dd-461b-bb1e-1150d2857c79,b1966850-3f94-4893-8f7e-c6d27ee51461,,0,0,0,0,0,0,0,0,2026-1-10 12:02,2026-1-10 12:02
da231959-3c33-4df8-a794-7f7ee94683e3,3fdfc493-e614-4001-b564-8169665b6043,,0,0,0,0,0,0,0,0,2026-1-10 12:02,2026-1-10 12:02
e7ce0585-80d0-4daf-87b1-f174212f62b5,7c3e49a3-81b4-48ae-b744-c00b8dc05568,,0,0,0,0,0,0,0,0,2026-1-10 12:02,2026-1-10 12:02
18608de5-c7b2-48c2-bb93-b146c03ad036,5c90c0fb-38e7-441d-a4b3-932c8d19d915,,0,0,0,0,0,0,0,0,2026-1-10 12:02,2026-1-10 12:02
5b15c767-3930-4f5a-b2c6-f88cce05f969,58e2d28f-d82e-4377-ae5d-34600e0382a9,,0,0,0,0,0,0,0,0,2026-1-10 12:02,2026-1-10 12:02
ed03ee54-c8e3-48ec-a343-b993e3093b86,9dfffdd4-1e58-4269-9d0e-cf773083ffaf,,0,0,0,0,0,0,0,0,2026-1-10 12:02,2026-1-10 12:02
4d0cbb6e-24c6-44ed-8d09-bd85fa1fd1a3,b6cb22e1-d94a-4a31-a69c-d7cebd7e2da1,,0,0,0,0,0,0,0,0,2026-1-10 12:02,2026-1-10 12:02
5f6b81d6-ec1c-4e71-88b5-9b42321608c9,b5e867d7-e04d-4974-b1dc-1e8d7a45c77f,,0,0,0,0,0,0,0,0,2026-1-10 12:02,2026-1-10 12:02
19b83ec3-e2ad-4e54-80f7-bc2fb05de836,5d6e645a-ca76-4ed6-9c3a-65688ee1dd02,,0,0,0,0,0,0,0,0,2026-1-10 12:02,2026-1-10 12:02
65537a2c-ad1b-4bcf-8594-bcef7b002fe4,9aaac6a3-893d-407f-bc56-2440ef3e5e74,,0,0,0,0,0,0,0,0,2026-1-10 12:02,2026-1-10 12:02
42a68d74-b992-48a9-958f-ad52b0b261a6,6efcf26f-b96d-467f-b08d-40957a446d85,,0,0,0,0,0,0,0,0,2026-1-10 12:02,2026-1-10 12:02
45aa527c-986b-42a6-b180-b916ce19a437,5aec5231-9a13-4ec6-b378-d5964efadc4a,,0,0,0,0,0,0,0,0,2026-1-10 12:02,2026-1-10 12:02
e64db985-febb-42a4-bb11-288c4abace1e,f8b3e14e-2a1b-4ca1-a862-ff8ba9e173ca,,0,0,0,0,0,0,0,0,2026-1-10 12:02,2026-1-10 12:02
187d6728-7ff0-49f9-b9ea-892bf59f28d6,2181d9cf-6d6b-4078-acee-317b4cc66ce9,,0,0,0,0,0,0,0,0,2026-1-10 12:02,2026-1-10 12:02
0c55ccaf-2ea3-422f-8a64-fc67ad9dfca0,42b424ae-4fe6-499f-8da7-eba2f6369b6b,,0,0,0,0,0,0,0,0,2026-1-10 12:02,2026-1-10 12:02
23cc5cc5-7d06-49a9-ad34-64c253d3122e,c6e5a3dd-2b86-49aa-b104-e0a6873c8d0a,,0,0,0,0,0,0,0,0,2026-1-10 12:02,2026-1-10 12:02
351629f2-bac2-4166-8f0a-6bf2b526b9bf,d38aabdb-219c-4f57-a903-7cc8b78a3158,,0,0,0,0,0,0,0,0,2026-1-10 12:02,2026-1-10 12:02
b67738d3-8fb5-4e7e-b1dc-c5542c44d8f4,8d1f2c2b-4dd4-4959-8ec7-375edd59f999,,0,0,0,0,0,0,0,0,2026-1-10 12:02,2026-1-10 12:02
57883437-482e-40ba-a1fa-edd354d8492e,a7eebaa7-a429-4489-b0f0-1f29b069af63,,0,0,0,0,0,0,0,0,2026-1-10 12:02,2026-1-10 12:02
6ba455fc-4b58-4d99-abb5-65ac9e3b446c,496ce3e5-cf47-4bf4-8874-b4572a97def5,,0,0,0,0,0,0,0,0,2026-1-10 12:02,2026-1-10 12:02
57e8c0f3-73ce-4f93-beac-b5308e8d38f3,a42c35fe-e9bd-42b0-8787-966596a54f97,,0,0,0,0,0,0,0,0,2026-1-10 12:02,2026-1-10 12:02
f0ba551b-fb32-433a-9c92-f84d37067736,5d130317-45b7-4caa-aa92-b38fabf64bd8,,0,0,0,0,0,0,0,0,2026-1-10 12:02,2026-1-10 12:02
13e7403c-acc1-44b7-8cd8-e334cab42380,757661f5-15bb-4634-87a2-e83e5e4ac1be,,0,0,0,0,0,0,0,0,2026-1-10 12:02,2026-1-10 12:02
f573e155-08e9-44a1-b559-ef1cb04f6f49,46bdfbfd-5076-4275-808a-0654c0f16d64,,0,0,0,0,0,0,0,0,2026-1-10 12:02,2026-1-10 12:02
59d75655-2bac-4ebe-bb1b-2b1b76f04622,13b02d85-0b21-41df-a42b-a3e69627c361,,0,0,0,0,0,0,0,0,2026-1-10 12:02,2026-1-10 12:02
7ab031cc-9abc-4280-b462-d5c59c34c5b3,685e5824-24fc-4845-b14b-c910e3724267,,0,0,0,0,0,0,0,0,2026-1-10 12:02,2026-1-10 12:02
bf2ec0d3-37de-406a-91d2-812e78bc86d8,c7b53088-088e-47c7-880c-33fff141f5cc,,0,0,0,0,0,0,0,0,2026-1-10 12:02,2026-1-10 12:02
482e0c2e-e7b9-4a59-8a6f-532437e0b85e,0c1a24dd-8ba8-49c0-9201-209dcec335ff,,0,0,0,0,0,0,0,0,2026-1-10 12:02,2026-1-10 12:02
ffbd325d-1fcf-4044-aff2-1a6b5927d2b0,513980c6-0171-4aff-a7f3-b55f1a3e291d,,0,0,0,0,0,0,0,0,2026-1-10 12:02,2026-1-10 12:02
8d355ee8-05cb-413a-9562-18de03b7f82d,9ed14b2b-c050-40f4-a1be-9a0681fc1fcf,,0,0,0,0,0,0,0,0,2026-1-10 12:02,2026-1-10 12:02
31a4c8e2-b3c9-4e61-8e86-8c3e6d9f99ce,306adbb9-1cd9-4b86-a202-0cdd8351a725,,0,0,0,0,0,0,0,0,2026-1-10 12:02,2026-1-10 12:02
5e5ebea4-604a-4b7f-be62-257fb241cd3e,ac9a69a5-6742-4c61-a0fc-357ffaacb990,,0,0,0,0,0,0,0,0,2026-1-10 12:02,2026-1-10 12:02
a398d4f6-31dd-4b4e-9c3a-09e2ac4d9d22,dea2856c-266c-404b-ba9a-660bf0018d47,,0,0,0,0,0,0,0,0,2026-1-10 12:02,2026-1-10 12:02
41ed7c44-6806-4703-9e5d-0ec34ba7cf1e,6e7e1589-f738-4d22-98b1-15f122e473ce,,0,0,0,0,0,0,0,0,2026-1-10 12:02,2026-1-10 12:02
f1c1f1fb-e56f-46fc-ab31-5c491832d56e,1984c3e0-e84b-4f1b-9983-778f9dfd90fc,,0,0,0,0,0,0,0,0,2026-1-10 12:02,2026-1-10 12:02
32067529-ccba-4174-8511-939bb578ee52,fa32c4a3-f72f-4edc-85d4-51bde717a0a9,,0,0,0,0,0,0,0,0,2026-1-10 12:02,2026-1-10 12:02
2e441705-7d8b-4b10-96cb-d36c30d79424,add4ca64-cde4-4c81-8e58-d521d898372b,,0,0,0,0,0,0,0,0,2026-1-10 12:02,2026-1-10 12:02
a033b2c4-a80f-4c73-94ce-92763290d258,a39cf9a7-18eb-40d7-a536-ac1a43690702,,0,0,0,0,0,0,0,0,2026-1-10 12:02,2026-1-10 12:02
501c7f61-5647-4e0b-92ad-0a0f75204bca,9c4c8994-4d2e-45ee-98ff-0dc08f89f6dc,,0,0,0,0,0,0,0,0,2026-1-10 12:02,2026-1-10 12:02
067ed3f5-78e1-4251-a3fc-a698a26e3ad8,11ec541c-8d14-4ee5-ba4c-dabf82387746,,0,0,0,0,0,0,0,0,2026-1-10 12:02,2026-1-10 12:02
9af1387f-1b99-4edc-8f9e-fa4f96b1e0fb,e82dbdfb-34d6-4427-99f1-7334e55a59eb,,0,0,0,0,0,0,0,0,2026-1-10 12:02,2026-1-10 12:02
1a0c804b-eb77-4522-a2fb-b47780ec0954,4a4b2be6-742f-4690-bdb4-7f307761ef4c,,0,0,0,0,0,0,0,0,2026-1-10 12:02,2026-1-10 12:02
3d191f49-0e40-4aeb-a1f1-0fa09e469a88,b30cf2fe-a449-40e7-9afa-3ce7a29cf2ec,,0,0,0,0,0,0,0,0,2026-1-10 12:02,2026-1-10 12:02
db62ccf5-29ac-40c2-8db9-91474ceefb35,7a48f43c-7ccb-480c-8b26-77c5994cb82e,,0,0,0,0,0,0,0,0,2026-1-10 12:02,2026-1-10 12:02
ef9ce7fa-bf05-4db6-9109-47febf41134d,6e313ad1-9e12-4d70-853a-944f567a0acb,,0,0,0,0,0,0,0,0,2026-1-10 12:02,2026-1-10 12:02
5d6c7c6f-a7a4-4a57-9e56-af629d33b19d,3cac3d1d-27d2-4009-8a0f-9cd03a389407,,0,0,0,0,0,0,0,0,2026-1-10 12:02,2026-1-10 12:02
af3989e3-48ac-4e32-a5e7-9232fbd4a094,0646a3ac-eaf3-406e-ac72-d59fddb63b78,,0,0,0,0,0,0,0,0,2026-1-10 12:02,2026-1-10 12:02
fdbbf3f0-a5dc-4e9a-aa97-2f66d618fae9,c4c6e592-e9bc-4518-b791-482f31803ead,,0,0,0,0,0,0,0,0,2026-1-10 12:02,2026-1-10 12:02
50410254-ecfc-4280-80a6-52eddd4a36e7,b99cc638-61d0-49c1-ba47-9fbd822a1ccf,,0,0,0,0,0,0,0,0,2026-1-10 12:02,2026-1-10 12:02
5b5725f3-14e2-4e06-9bd8-18b702511c59,91dd4711-5e07-4a7e-8a75-d8384fc158b9,,0,0,0,0,0,0,0,0,2026-1-10 12:02,2026-1-10 12:02
494e86fc-eaad-4ef6-b6ea-6345d8f65b81,3b4bb16e-1882-4bbf-b79f-0ffd13491af4,,0,0,0,0,0,0,0,0,2026-1-10 12:02,2026-1-10 12:02
1fbc5ea2-7ecb-4d7f-bc6a-588d0fe5cb52,5e12d3d4-5738-4955-94e3-03608f6a6ab8,,0,0,0,0,0,0,0,0,2026-1-10 12:02,2026-1-10 12:02
cdf964ac-1d37-48d7-bf2e-3486a11a2822,3ae8b196-9e9d-443e-b1e5-df65526686e3,,0,0,0,0,0,0,0,0,2026-1-10 12:02,2026-1-10 12:02
5fad5b3e-942f-4de8-9d4e-08586aa484f0,146c0b9a-7f1a-4349-acbb-9e635b67f0ed,,0,0,0,0,0,0,0,0,2026-1-10 12:02,2026-1-10 12:02
b481086b-c8d2-4536-8fba-aa6226f2e8ac,668b8c49-6dd3-4e0d-ab5a-1ae6a0e1829d,,0,0,0,0,0,0,0,0,2026-1-10 12:02,2026-1-10 12:02
cabc6ecb-2599-4a9a-b69e-3656c73285d5,f3a87cae-1f95-490d-9dbc-8f0759a06895,,0,0,0,0,0,0,0,0,2026-1-10 12:02,2026-1-10 12:02
3d473bd4-204f-4ec9-bf89-dff872e6832d,58e082bd-8ad9-4ee9-92ca-be29f3892f4b,,0,0,0,0,0,0,0,0,2026-1-10 12:02,2026-1-10 12:02
3bf08515-7f29-46ba-90af-d89277aa513a,5ac44d91-d7c0-4ddb-ba5c-e152d8954bf7,,0,0,0,0,0,0,0,0,2026-1-10 12:02,2026-1-10 12:02
3f5a4cf2-1d58-43e9-a96d-bda010e45155,be84dd74-61cb-46bf-b3a8-953d79be7933,,0,0,0,0,0,0,0,0,2026-1-10 12:02,2026-1-10 12:02
9909e4c4-c70f-4f61-a1e4-a5c89306481c,a1396a46-d38e-4e0b-877e-7e0fd55be66a,,0,0,0,0,0,0,0,0,2026-1-10 12:02,2026-1-10 12:02
5460e1b4-1456-40a6-8f41-526266650587,368e80d9-3ba0-46d2-9979-67cbdb69ce6f,,0,0,0,0,0,0,0,0,2026-1-10 12:02,2026-1-10 12:02
db19fffd-6d1d-4f69-b77a-2cccb590e8e9,0db4c3ee-7282-42aa-be41-21732c3658b6,,0,0,0,0,0,0,0,0,2026-1-10 12:02,2026-1-10 12:02
6c66a266-43b1-4d1d-bd1c-8a18bb821147,3f29e1a8-d818-4cc7-ae35-d92c4bcfa357,,0,0,0,0,0,0,0,0,2026-1-10 12:02,2026-1-10 12:02
704bb0e1-12c0-4d76-aac3-6ca287fe5b0f,a5e859b4-6b8c-4036-b87b-04a4cb2b0181,,0,0,0,0,0,0,0,0,2026-1-10 12:02,2026-1-10 12:02
23d261d9-9430-4af2-9865-40157287d186,49b564d1-e211-41fb-901b-bc102d9bea80,,0,0,0,0,0,0,0,0,2026-1-10 12:02,2026-1-10 12:02
e116b605-dd6f-40d7-b2cc-e5bca813818d,f75aaa41-acce-4021-99a0-070a49650240,,0,0,0,0,0,0,0,0,2026-1-10 12:02,2026-1-10 12:02
8e5fba4e-c522-4568-9996-f8de132b4f8c,e2d6be80-968a-41d6-985c-3d1526410c64,,0,0,0,0,0,0,0,0,2026-1-10 12:02,2026-1-10 12:02
1abd8d76-f497-41ff-aefa-580596a4b49a,4412b726-961e-4fd1-8338-a5b8552490bc,,0,0,0,0,0,0,0,0,2026-1-10 12:02,2026-1-10 12:02
49c8783c-369f-4c6e-9913-9f62eff96175,ffc26e8a-e1ca-436f-86c0-8947b436fd79,,0,0,0,0,0,0,0,0,2026-1-10 12:02,2026-1-10 12:02
4d3b3afb-fce1-419c-acbf-7aa8f84394ba,7e6708bc-282e-4db5-b896-947f0d407cb2,,0,0,0,0,0,0,0,0,2026-1-10 12:02,2026-1-10 12:02
5d8839a1-b162-4b66-961e-0c3a7109235e,63e8fcdd-17af-4413-8cd1-39e2012795b1,,0,0,0,0,0,0,0,0,2026-1-10 12:02,2026-1-10 12:02
916090c0-065e-40eb-8580-455546d6273f,b92f6992-01e1-4a17-ae71-059cf3c0f4c5,,0,0,0,0,0,0,0,0,2026-1-10 12:02,2026-1-10 12:02
8b54a95e-2d4b-4d7b-b384-005cb77938dd,9cb52bae-6893-483a-9614-22be48d7030a,,0,0,0,0,0,0,0,0,2026-1-10 12:02,2026-1-10 12:02
ad46d6f4-5538-409a-aeff-a5f8024137a6,06b6e3d7-2a69-4879-8453-d20a2e06ac72,,0,0,0,0,0,0,0,0,2026-1-10 12:02,2026-1-10 12:02
e3d50a05-2fd1-4b24-95c2-be24309dcad7,4dba6b15-ff3f-4c41-8b51-0946518c35ab,,0,0,0,0,0,0,0,0,2026-1-10 12:02,2026-1-10 12:02
359489e8-c951-4dfc-9512-46f194ee2026,1aee7828-e8ca-4951-b955-3d272a66dbc4,,0,0,0,0,0,0,0,0,2026-1-10 12:02,2026-1-10 12:02
cbdb9213-52bd-4d14-87dd-87a3ccab667c,641d1345-19c9-4711-89e0-b9bd5db58643,,0,0,0,0,0,0,0,0,2026-1-10 12:02,2026-1-10 12:02
98441b52-7bf0-47be-94cc-f465184ff128,e22fba63-c32b-4be4-8707-c42476609842,,0,0,0,0,0,0,0,0,2026-1-10 12:02,2026-1-10 12:02
fcf2f084-c181-43f5-baf0-582377797de0,9d3c202d-9381-4147-92a2-c889ecd68121,,0,0,0,0,0,0,0,0,2026-1-10 12:02,2026-1-10 12:02
d4addf37-7df5-4afc-bc63-f68f8503aea9,f73cf74b-e2d3-469e-959f-52fc1a245bce,,0,0,0,0,0,0,0,0,2026-1-10 12:02,2026-1-10 12:02
b2027a62-a702-4d6f-ab13-c9b0b04ca213,2ab72a84-be1d-4f96-bfc6-cbf4113c345d,,0,0,0,0,0,0,0,0,2026-1-10 12:02,2026-1-10 12:02
cba4106d-3bff-4486-a4ee-73492feec605,f90c3450-c059-4971-afde-fa199ffc1790,,0,0,0,0,0,0,0,0,2026-1-10 12:02,2026-1-10 12:02
76895a63-3711-400f-90ba-fa3f3c806549,8ffc9f7a-c3a4-404a-8794-b81f3fa7176d,,0,0,0,0,0,0,0,0,2026-1-10 12:02,2026-1-10 12:02
06ff7d6b-e555-46e2-97cc-7072a84590f3,2bded616-68d1-448d-ae54-1bcf470b058f,,0,0,0,0,0,0,0,0,2026-1-10 12:02,2026-1-10 12:02
1d4fc72b-ef91-4a21-a38c-289274b8282c,61a026f1-84fe-4e23-981c-dc964514ca67,,0,0,0,0,0,0,0,0,2026-1-10 12:02,2026-1-10 12:02
1c3be40b-d4a6-4ba4-8be2-903eb09af327,d39d234b-6ab8-4219-809e-d08dcb0e0f25,,0,0,0,0,0,0,0,0,2026-1-10 12:02,2026-1-10 12:02
84c7be57-4ee2-4434-b2ce-3d5c24e6d370,5e827729-112a-49f4-8575-eb8cfc74b271,,0,0,0,0,0,0,0,0,2026-1-10 12:02,2026-1-10 12:02
89b61aec-ab77-4147-a6bb-5af11f522eec,72e6add9-4743-4221-8a37-504502dbca6b,,0,0,0,0,0,0,0,0,2026-1-10 12:02,2026-1-10 12:02
1fa91478-026c-4f35-abe9-1e2a0659794a,8bda802f-25a5-4d3b-a073-e775b8254f4d,,0,0,0,0,0,0,0,0,2026-1-10 12:02,2026-1-10 12:02
144797fd-8e21-41bb-8b22-86ebb64f3546,ad2f745b-ddda-4165-b428-6274b3a3294c,,0,0,0,0,0,0,0,0,2026-1-10 12:02,2026-1-10 12:02
386d731d-26a0-4391-8450-fafbbbfef2f4,26e419c5-022d-401b-81b0-e1c58f24aa39,,0,0,0,0,0,0,0,0,2026-1-10 12:02,2026-1-10 12:02
94a0a403-4e02-410f-a45b-2a26e0390634,ee22ea13-04d5-4669-b113-1ee8a1c679f7,,0,0,0,0,0,0,0,0,2026-1-10 12:02,2026-1-10 12:02
2fcaf0d2-27d6-4aeb-8502-8b7e509767ef,dbe4e874-1e0a-44f1-9c88-23243a97f81d,,0,0,0,0,0,0,0,0,2026-1-10 12:02,2026-1-10 12:02
1d531229-b37e-4287-8eb4-d42a39d22afb,7b1471a1-c276-4f1c-9750-efa7cf61e6f1,,0,0,0,0,0,0,0,0,2026-1-10 12:02,2026-1-10 12:02
eed12ac6-5280-4584-a7cc-3ea3de3ab6d2,285a8087-2909-4baa-b959-149231119cea,,0,0,0,0,0,0,0,0,2026-1-10 12:02,2026-1-10 12:02
04c47e93-5645-4004-a6e0-96eff3574ef8,7d4c71df-a292-4891-88e5-5beda4329583,,0,0,0,0,0,0,0,0,2026-1-10 12:02,2026-1-10 12:02
f5fef804-a587-4169-bca6-04d30c7733fb,c1719752-43d5-4d87-bc55-62bed966380d,,0,0,0,0,0,0,0,0,2026-1-10 12:02,2026-1-10 12:02
d6d7f003-4b92-4eb6-9d30-d818d9f30bb6,757c944a-c4f9-4134-9add-083e6a6d56fd,,0,0,0,0,0,0,0,0,2026-1-10 12:02,2026-1-10 12:02
e973d636-d72f-4c9d-8fbc-3fce45bb4005,4e56972b-761c-4f40-9a9f-7f636ecd4200,,0,0,0,0,0,0,0,0,2026-1-10 12:02,2026-1-10 12:02
bd67f5b8-ef8b-4017-b525-f857caee7cd7,da3d6166-4173-4a53-99bd-458944546172,,0,0,0,0,0,0,0,0,2026-1-10 12:02,2026-1-10 12:02
adea0f73-891b-4716-baff-64681d2a674b,33e33b88-95cc-4c7c-86f6-bb90ba44b957,,0,0,0,0,0,0,0,0,2026-1-10 12:02,2026-1-10 12:02
d1075ab9-f689-49e0-8c15-8bf7374d0f34,22315914-73c8-4e93-bffa-3e10e9040df0,,0,0,0,0,0,0,0,0,2026-1-10 12:02,2026-1-10 12:02
f9fefc3f-7797-44e0-be0e-110e17caae46,f14dff5b-0538-465c-bc0c-d69cd2276f8e,,0,0,0,0,0,0,0,0,2026-1-10 12:02,2026-1-10 12:02
780b1ca8-956e-458e-b093-0c9abb90bf2d,75039b3b-5884-4db7-802a-1aaa9e74a3ec,,0,0,0,0,0,0,0,0,2026-1-10 12:02,2026-1-10 12:02
b60cf2d1-e27c-4b39-b1ba-45902be44a42,6e8ec2e7-0bdf-4dcd-a470-1796fecfca0e,,0,0,0,0,0,0,0,0,2026-1-10 12:02,2026-1-10 12:02
e0afbf97-a5a2-4cdc-b57e-7c0bafb7072a,a98ca601-52f4-442e-88f0-472b1708df1d,,0,0,0,0,0,0,0,0,2026-1-10 12:02,2026-1-10 12:02
6c791637-42bc-4a87-b4ef-a93f239caca6,eeb9d325-2e52-4a03-94b8-9a670ad67ec2,,0,0,0,0,0,0,0,0,2026-1-10 12:02,2026-1-10 12:02
82f23068-d140-4e71-a15e-922049da8145,2341d0f7-22a2-42e5-9bff-ec9b7adfb974,,0,0,0,0,0,0,0,0,2026-1-10 12:02,2026-1-10 12:02
1d7fa785-3ec3-4931-82cb-64cad8c06925,9972b15c-9e05-4cc9-b316-2f83608ae522,,0,0,0,0,0,0,0,0,2026-1-10 12:02,2026-1-10 12:02
6823e492-f0bd-4cf3-8903-a8b771247e61,06150d99-d60c-4ac0-8c8f-85c06d1db882,,0,0,0,0,0,0,0,0,2026-1-10 12:02,2026-1-10 12:02
31be0f77-ef5c-4ceb-82b2-44fa5bfe8a4e,076f9595-f226-4efe-addd-f5ed721a824d,,0,0,0,0,0,0,0,0,2026-1-10 12:02,2026-1-10 12:02
c3ecb225-c996-43c9-8192-5df91845dc4c,aed4ba4a-1cd7-40f2-a2f3-9e984cfa41a7,,0,0,0,0,0,0,0,0,2026-1-10 12:02,2026-1-10 12:02
b0bed290-3ce8-484d-a3c5-1d7eeb382f7b,775e0274-77e9-4ad4-8bfb-c06aa4769738,,0,0,0,0,0,0,0,0,2026-1-10 12:02,2026-1-10 12:02
c48f55c0-e0f5-4374-88c6-2f2ec3ec84de,8f1e19a6-2f62-4caf-9650-4515099fd387,,0,0,0,0,0,0,0,0,2026-1-10 12:02,2026-1-10 12:02
e73170b6-673e-40ab-8794-130a20589f53,aa385e8a-8282-4a6b-ba9e-0f4687c5521b,,0,0,0,0,0,0,0,0,2026-1-10 12:02,2026-1-10 12:02
0ea20e9e-2963-442a-9d1f-972c8322a609,6bedb6b8-7dce-47de-b44e-d8e064f19564,,0,0,0,0,0,0,0,0,2026-1-10 12:02,2026-1-10 12:02
144d74f9-5b36-49cf-a10a-5d4ac12528e7,4de1a6a0-2773-413e-8c96-0f0b26d0c816,,0,0,0,0,0,0,0,0,2026-1-10 12:02,2026-1-10 12:02
af4308ca-b7be-4ae9-b895-28b18746f96f,6f207baf-467a-4bc9-9d03-bde54065a98c,,0,0,0,0,0,0,0,0,2026-1-10 12:02,2026-1-10 12:02
481bb324-eb51-4528-be89-f4ac5719910c,f499f3af-585e-42f3-8e89-14cdcc13fd6b,,0,0,0,0,0,0,0,0,2026-1-10 12:02,2026-1-10 12:02
379a1c56-9f9f-4c8d-8dca-3e6971f19f9d,09b8df2f-b30f-498f-b8f6-92d468d6540b,,0,0,0,0,0,0,0,0,2026-1-10 12:02,2026-1-10 12:02
39f15517-af04-4cd4-9c4a-6eb75d6c281d,674336f4-d914-409b-a647-fb25d34bf997,,0,0,0,0,0,0,0,0,2026-1-10 12:02,2026-1-10 12:02
0bfd2460-c18d-47e0-9ad6-5669d3be89e4,e31242a1-2af2-4f86-9d6c-d03bf00a4344,,0,0,0,0,0,0,0,0,2026-1-10 12:02,2026-1-10 12:02
8a2c86aa-753f-4e1d-936e-ce7f07e3787c,3c04ecc6-758e-4309-9772-ea49ae30fc60,,0,0,0,0,0,0,0,0,2026-1-10 12:02,2026-1-10 12:02
44928145-de7b-4aec-9047-613b89086ec1,82f31048-406f-4d7f-a046-99ec10729294,,0,0,0,0,0,0,0,0,2026-1-10 12:02,2026-1-10 12:02
d788d5bf-dab7-4b57-bd24-2c023a467081,7e62eaf4-e82d-4412-8156-99b31f23d11a,,0,0,0,0,0,0,0,0,2026-1-10 12:02,2026-1-10 12:02
90259cf4-3d23-4917-ad6a-b5200c266b46,6e904355-935b-417a-afc4-1c1ee02f6c6e,,0,0,0,0,0,0,0,0,2026-1-10 12:02,2026-1-10 12:02
5523e70e-33e7-4e35-8e2e-771083f90aaa,fa9766ba-6af1-4fe6-9226-2e0127fed0dd,,0,0,0,0,0,0,0,0,2026-1-10 12:02,2026-1-10 12:02
f759fb4e-1f39-48e3-b1c7-7175abfc3262,a2806baa-5276-4330-88f9-157074983c9e,,0,0,0,0,0,0,0,0,2026-1-10 12:02,2026-1-10 12:02
3d051cef-bff0-4da1-953e-6341b42889ef,ca92bdd1-644b-4fc3-b09c-96bb1b3a73f8,,0,0,0,0,0,0,0,0,2026-1-10 12:02,2026-1-10 12:02
e9043218-c616-4377-b30b-cc528f0a6fe5,4a8e40e2-1a1a-4772-91db-67b726796311,,0,0,0,0,0,0,0,0,2026-1-10 12:02,2026-1-10 12:02
9455c44b-6139-493e-b621-5b163a6668ab,0998e044-04d4-450d-84a4-ee3c9202c54a,,0,0,0,0,0,0,0,0,2026-1-10 12:02,2026-1-10 12:02
43122fa6-008f-4bc6-898b-a4aa4ff82fc4,2c933293-67d1-4607-942f-368e051b750f,,0,0,0,0,0,0,0,0,2026-1-10 12:02,2026-1-10 12:02
7425c0d4-79f7-41b7-a88a-3082856af79d,e99d0859-5f5c-44b7-ac06-667d0a2369b9,,0,0,0,0,0,0,0,0,2026-1-10 12:02,2026-1-10 12:02
d8b16c9d-7d17-4408-84fa-65841876e574,218c53f0-6e82-4f96-99ff-3c2eb52272e3,,0,0,0,0,0,0,0,0,2026-1-10 12:02,2026-1-10 12:02
7fc8a0b9-30b0-4ab1-baf9-e16f63977d6a,1e28de06-db80-4a2c-aaa8-030a7d216912,,0,0,0,0,0,0,0,0,2026-1-10 12:02,2026-1-10 12:02
56913704-e8e8-4b3c-b1a6-8f15239b6c41,f343d665-d06c-4faa-8187-ad6e20892009,,0,0,0,0,0,0,0,0,2026-1-10 12:02,2026-1-10 12:02
8d75d191-9630-4688-8a8d-2885084c0831,4f2a1151-2589-40f8-af5b-e54701367688,,0,0,0,0,0,0,0,0,2026-1-10 12:02,2026-1-10 12:02
73e155d9-32dc-406d-bd46-db92b3309c70,5daa71f2-08a5-43cc-89e1-635c356945e4,,0,0,0,0,0,0,0,0,2026-1-10 12:02,2026-1-10 12:02
d58bd10a-96b1-46fe-a65b-5178c29da0d7,ba806bbb-f5c0-4134-ab42-4c8563b70467,,0,0,0,0,0,0,0,0,2026-1-10 12:02,2026-1-10 12:02
e15e5f19-ff03-448d-8ac3-a786522dc445,66e3a60e-b5dc-4f9c-b0df-26bd3798f3c6,,0,0,0,0,0,0,0,0,2026-1-10 12:02,2026-1-10 12:02
b079a631-4174-47b3-a1da-8519c7939e28,4005711e-07a2-45cc-8977-01fb3982dfef,,0,0,0,0,0,0,0,0,2026-1-10 12:02,2026-1-10 12:02
cd225cb3-b445-4cca-a0e4-cf60680fd569,c589e3a2-f85f-4f10-b8e3-7046fa1cc8a7,,0,0,0,0,0,0,0,0,2026-1-10 12:02,2026-1-10 12:02
a311bd5a-fa2d-41fd-bdc7-696023d018c4,a0a00897-4556-4e9f-b321-063241732b52,,0,0,0,0,0,0,0,0,2026-1-10 12:02,2026-1-10 12:02
e7b8315f-8727-4814-959d-872d0ccae465,a6bad5c6-1430-47a0-a43d-c2476108cd24,,0,0,0,0,0,0,0,0,2026-1-10 12:02,2026-1-10 12:02
13d60a4e-a73e-4647-85a2-ecccfa06e14f,9e2822ea-83fc-4841-9333-0250b98b5eb1,,0,0,0,0,0,0,0,0,2026-1-10 12:02,2026-1-10 12:02
3f5a0b2a-c1f9-4239-a799-130ed50fa5cc,b062b012-f72d-44bb-ad21-d0a179942482,,0,0,0,0,0,0,0,0,2026-1-10 12:02,2026-1-10 12:02
3998aa29-faf8-4438-b593-88a62c72b3b7,d0ba7ddc-8dad-46b9-879f-1b41cf94484a,,0,0,0,0,0,0,0,0,2026-1-10 12:02,2026-1-10 12:02
8087cf4b-27ea-4a32-b04a-26c4aee37eeb,aa9824ad-16d7-4803-ab6c-5fb84749e960,,0,0,0,0,0,0,0,0,2026-1-10 12:02,2026-1-10 12:02
4adc24af-3130-40a6-8b2d-a97aa3827167,4d7c5f23-550b-4ec4-8bd9-e08d5c620d6d,,0,0,0,0,0,0,0,0,2026-1-10 12:02,2026-1-10 12:02
62837bd4-e77b-4426-9481-93b44fe7aae0,4d6bbe5d-c539-4253-8e3d-f9d65f2d9cf8,,0,0,0,0,0,0,0,0,2026-1-10 12:02,2026-1-10 12:02
306f0e97-cfab-4645-8a10-998c011f4a11,f4cbd01c-5086-423e-a1f6-435dcf73faee,,0,0,0,0,0,0,0,0,2026-1-10 12:02,2026-1-10 12:02
3171f54f-43d4-4477-9ebe-6cf43e5707cf,c5aeca23-f605-4353-9da3-4553879fe767,,0,0,0,0,0,0,0,0,2026-1-10 12:02,2026-1-10 12:02
72c701d9-b6ec-45f7-b593-a634b36aa34e,c9b0683f-b9b0-4990-b9a5-cc0aac1a7339,,0,0,0,0,0,0,0,0,2026-1-10 12:02,2026-1-10 12:02
55713975-c728-4060-94b8-e99edfc6bb8d,820ee065-bd1e-4f26-bfab-9921c1de5e27,,0,0,0,0,0,0,0,0,2026-1-10 12:02,2026-1-10 12:02
0de0f776-67e9-4445-b64d-9d32898f7692,601c379d-c035-4344-8031-fd154696ae58,,0,0,0,0,0,0,0,0,2026-1-10 12:02,2026-1-10 12:02
c6175857-286f-4dc0-afd6-49a71923d327,98ead1d7-7791-4749-b637-de01bcbd79fc,,0,0,0,0,0,0,0,0,2026-1-10 12:02,2026-1-10 12:02
7722b7b5-61fc-4bb3-8d7d-f7dc27865a22,264da3ef-6936-4ac7-aedd-dca2124bfaf7,,0,0,0,0,0,0,0,0,2026-1-10 12:02,2026-1-10 12:02
7ce91a3d-cc8d-45e0-bc6b-b18dc0abec68,2420d57d-00d0-4bc8-83d3-b2630b0d89ce,,0,0,0,0,0,0,0,0,2026-1-10 12:02,2026-1-10 12:02
1049362f-fca2-4640-b9e5-35cb7ac87694,55023b30-eb85-4665-b9de-42e3ddab86a5,,0,0,0,0,0,0,0,0,2026-1-10 12:02,2026-1-10 12:02
fae115bc-ea12-485c-8150-43b3b384b9c6,2d447f80-94eb-4f41-be62-efca2c638f4a,,0,0,0,0,0,0,0,0,2026-1-10 12:02,2026-1-10 12:02
32d8cf52-891a-4b85-aa4e-0367de80c22c,ef06aa17-c296-4e34-a384-11667b67f20e,,0,0,0,0,0,0,0,0,2026-1-10 12:02,2026-1-10 12:02
bc80d0e2-7a41-4560-8139-79053e35d25e,2e99317e-e0e2-439e-baaa-a784c7cdab64,,0,0,0,0,0,0,0,0,2026-1-10 12:02,2026-1-10 12:02
e8e549dd-90f3-442c-9f6f-e71e01347dcf,13404652-c573-42cc-8743-5681bd8a8e75,,0,0,0,0,0,0,0,0,2026-1-10 12:02,2026-1-10 12:02
cede7f29-9ace-4178-938e-23ecea2a5a16,cd8b6b50-a004-4dca-a897-8355845accd9,,0,0,0,0,0,0,0,0,2026-1-10 12:02,2026-1-10 12:02
71e0eb5e-8c31-426d-ab50-db051aab39fe,5b2a4879-83f2-436a-a059-88ad61a67d8d,,0,0,0,0,0,0,0,0,2026-1-10 12:02,2026-1-10 12:02
24bb9305-47c5-42f6-9a8b-2570a1099627,4769715b-b180-412d-b45e-e1c0d158ccb0,,0,0,0,0,0,0,0,0,2026-1-10 12:02,2026-1-10 12:02
5c6762bd-9bd2-4e14-b10a-8584ea6a912f,1535d502-0469-4daf-a1d8-160a9bfc25c7,,0,0,0,0,0,0,0,0,2026-1-10 12:02,2026-1-10 12:02
0c9f381d-2405-48b1-9cd3-334d953535d9,800ad2a4-73cd-485e-bf95-2811be10c209,,0,0,0,0,0,0,0,0,2026-1-10 12:02,2026-1-10 12:02
369d348d-8667-40de-96d6-eba703fe0a16,6da0ba7a-7efe-47d8-bb98-631999ec0ed8,,0,0,0,0,0,0,0,0,2026-1-10 12:02,2026-1-10 12:02
9415324c-ec80-483b-8496-c23792d7cb5a,008ba9a0-3420-4c4f-b94b-e98ccfb92464,,0,0,0,0,0,0,0,0,2026-1-10 12:02,2026-1-10 12:02
bf8e4e51-5bb4-43a9-af97-01d4ebc20e40,d22f48ae-d7d8-4a74-ac06-5288a1002b49,,0,0,0,0,0,0,0,0,2026-1-10 12:02,2026-1-10 12:02
4780deb8-5a01-4568-a06f-979ceed9f87c,342e1393-9b22-4e47-902d-b1ffda543e2b,,0,0,0,0,0,0,0,0,2026-1-10 12:02,2026-1-10 12:02
59525dcb-22dc-459a-bb95-48018f496ca0,00b912c4-79de-48fc-b9ea-339afe2dc898,,0,0,0,0,0,0,0,0,2026-1-10 12:02,2026-1-10 12:02
82b15574-e485-4362-824e-72683cbd8d46,414fa8f9-2e34-476a-9214-30c75939ffd9,,0,0,0,0,0,0,0,0,2026-1-10 12:02,2026-1-10 12:02
2b219157-5c21-4382-8d9e-c552e55549aa,9fefdd2b-67cf-4faf-8cf3-3595045d42b5,,0,0,0,0,0,0,0,0,2026-1-10 12:02,2026-1-10 12:02
89fb5bd4-dd38-4631-a001-e0ba787c3c1c,625a2450-a4cc-4dd6-a70f-1700e69cebd9,,0,0,0,0,0,0,0,0,2026-1-10 12:02,2026-1-10 12:02
04cf3176-1235-4a14-9c6a-2bcdee468dec,9842fd12-0947-4aca-b1db-27fd59293d46,,0,0,0,0,0,0,0,0,2026-1-10 12:02,2026-1-10 12:02
c5a7ecf3-f0e5-4fae-ba53-17e4e00d318a,330fae5f-bfe7-4d56-8b99-be93053b076b,,0,0,0,0,0,0,0,0,2026-1-10 12:02,2026-1-10 12:02
5c055266-0477-4e3e-91c2-f46f0d2a98f4,5a16267a-c6bc-48d0-b614-591fe851f2b5,,0,0,0,0,0,0,0,0,2026-1-10 12:02,2026-1-10 12:02
8b170e4e-d0ca-4229-9182-2665091a3407,d4374ab7-d8cb-40c2-8b18-c303f7ac7180,,0,0,0,0,0,0,0,0,2026-1-10 12:02,2026-1-10 12:02
84b8c326-4d34-40df-8958-93a706d73a8b,78eab194-5c79-41ce-a88e-e2c78a25da83,,0,0,0,0,0,0,0,0,2026-1-10 12:02,2026-1-10 12:02
60bd50d7-4983-47dd-b272-7703ff9a8172,ddf3c380-a91b-442d-a8dc-c864a9531881,,0,0,0,0,0,0,0,0,2026-1-10 12:02,2026-1-10 12:02
3b7b5fab-3d75-4c05-92d7-faba82ff4b77,8a562cfa-8df8-4ede-b1b0-177474181def,,0,0,0,0,0,0,0,0,2026-1-10 12:02,2026-1-10 12:02
d548b3f2-11c2-48be-bdbc-4259818f73c2,3944e6f4-71a2-427f-9ee9-be9123b4c786,,0,0,0,0,0,0,0,0,2026-1-10 12:02,2026-1-10 12:02
02fae899-7835-4926-a443-7f87a511f22e,893f2e52-6cf6-47d5-b5fe-6b7010a3584c,,0,0,0,0,0,0,0,0,2026-1-10 12:02,2026-1-10 12:02
1d25f1d0-0f90-4041-af41-20a89cfef0ed,34e45798-1a82-46a3-83f9-fd150db9bcc6,,0,0,0,0,0,0,0,0,2026-1-10 12:02,2026-1-10 12:02
4dc518f7-23fa-495c-90e3-8de8927a1eac,1d19375e-a663-4e80-9c08-e2ef1f81c4e1,,0,0,0,0,0,0,0,0,2026-1-10 12:02,2026-1-10 12:02
24d5b23c-2e21-4fe5-a72b-88085efda3b8,694d4780-aba1-4cdd-97f9-b121ed7ddf5b,,0,0,0,0,0,0,0,0,2026-1-10 12:02,2026-1-10 12:02
fe3e592a-e8ee-4260-9012-1e171304b9f8,18754059-b1a2-4fe8-82e6-f03b0ab69e27,,0,0,0,0,0,0,0,0,2026-1-10 12:02,2026-1-10 12:02
1d9777e1-e40c-49ab-af8b-b9c220018075,e865848c-9184-4d77-9bd7-d79c7f2ea048,,0,0,0,0,0,0,0,0,2026-1-10 12:02,2026-1-10 12:02
98eebcb4-802b-4891-b9ae-7be16cfcf78e,39cc140a-77e5-4be0-b048-fa76b5e1855f,,0,0,0,0,0,0,0,0,2026-1-10 12:02,2026-1-10 12:02
f9d38d66-b0d1-44a7-86a5-54b9c5a2a58d,1c4932cd-f7cb-470c-9e7a-08490ea8b5fc,,0,0,0,0,0,0,0,0,2026-1-10 12:02,2026-1-10 12:02
a5cce782-360f-4b28-89fa-a5e28de4cadc,9fb067d6-2c0b-4f3d-bfda-12def1739c65,,0,0,0,0,0,0,0,0,2026-1-10 12:02,2026-1-10 12:02
dbb1688e-0a76-4f83-8d09-96f14dd9ecd2,b7d417e3-d9a7-4353-b135-fb87ea2e6ba9,,0,0,0,0,0,0,0,0,2026-1-10 12:02,2026-1-10 12:02
00b360f1-c7f7-4813-90dc-1cd334351b04,4d20c862-1540-4355-9d20-1ebac8013e9b,,0,0,0,0,0,0,0,0,2026-1-10 12:02,2026-1-10 12:02
685b3000-b8c6-42b6-9a8d-db996f162e52,a4abc633-5db8-434e-af7d-f0736c5c64b4,,0,0,0,0,0,0,0,0,2026-1-10 12:02,2026-1-10 12:02
a79df3f0-9ef9-4b5a-88b8-7b31218089b6,c856bdc2-0ee2-4ead-9cf8-d21a9e1de6ab,,0,0,0,0,0,0,0,0,2026-1-10 12:02,2026-1-10 12:02
57ff217f-1296-4791-ac14-e3e963fc7ed9,c1f34d4c-b778-404c-bb6e-f592a1010d35,,0,0,0,0,0,0,0,0,2026-1-10 12:02,2026-1-10 12:02
84c6e168-abc2-42ec-a7ec-95dedc7980f8,94f3cf5e-21a0-4e8e-bb8d-fc53ec0e8b05,,0,0,0,0,0,0,0,0,2026-1-10 12:02,2026-1-10 12:02
98ff8df5-c6a1-4df2-97e0-cdc568066dea,a1b5ecef-aa15-47c8-8bb3-b82f668853f3,,0,0,0,0,0,0,0,0,2026-1-10 12:02,2026-1-10 12:02
9b6e99fb-0421-4db3-b657-5f47908b38ac,94dc5440-bcaa-4091-b89d-edeb843b81ba,,0,0,0,0,0,0,0,0,2026-1-10 12:02,2026-1-10 12:02
29554c27-d631-4530-bc47-53b3ac82a1ba,45ee5a61-50be-4fe5-9195-206454f97d63,,0,0,0,0,0,0,0,0,2026-1-10 12:02,2026-1-10 12:02
6f0753e8-7d57-4b43-8943-fd300fe59b10,fb65cb62-e1a1-438c-8b02-358f665dc97b,,0,0,0,0,0,0,0,0,2026-1-10 12:02,2026-1-10 12:02
62aa9220-7fb5-495c-ac49-1cc96f10ec64,83b62c7c-0856-4a09-91fa-bb84d254aef6,,0,0,0,0,0,0,0,0,2026-1-10 12:02,2026-1-10 12:02
1596257f-4145-46fd-b23b-3a864221cd6c,5bf287bf-8e22-4973-81fd-087eba58d107,,0,0,0,0,0,0,0,0,2026-1-10 12:02,2026-1-10 12:02
2c9cd310-4323-4086-9a95-ae109d72aa30,0634f940-c410-4e7e-b782-33b36cd85016,,0,0,0,0,0,0,0,0,2026-1-10 12:02,2026-1-10 12:02
4a07626b-c2b3-4550-8858-c18b4e437311,b09c44a2-eff0-4e76-b866-23cd2d603b28,,0,0,0,0,0,0,0,0,2026-1-10 12:02,2026-1-10 12:02
28e58ebd-1695-4257-a403-351c9f0cbdd9,e3219215-b16e-40bf-8d28-da6f983ddbee,,0,0,0,0,0,0,0,0,2026-1-10 12:02,2026-1-10 12:02
d4c07c89-04a2-4181-9820-1a0d25426bb6,99bcfc5c-fc74-43ef-a781-d4b7b80621f9,,0,0,0,0,0,0,0,0,2026-1-10 12:02,2026-1-10 12:02
a8bdbdab-337d-419a-b9ae-e16f90365c33,696b600b-1a53-4d5c-8b40-c414f6f63822,,0,0,0,0,0,0,0,0,2026-1-10 12:02,2026-1-10 12:02
baabbf51-c7ac-40cc-bd46-e65a81b78130,8cacf5c0-7d8c-4939-a921-8ae84b7c9fc0,,0,0,0,0,0,0,0,0,2026-1-10 12:02,2026-1-10 12:02
dbff26aa-85a8-4378-80df-dea5f7ac24eb,0b8a832b-c846-438d-8c85-ecdd14b47e70,,0,0,0,0,0,0,0,0,2026-1-10 12:02,2026-1-10 12:02
35d99692-2057-483d-9eda-1cf423e2ea45,8cc7a8ba-a597-4267-93a8-196fb0748a7b,,0,0,0,0,0,0,0,0,2026-1-10 12:02,2026-1-10 12:02
1fcf36c6-0589-47aa-aecf-c8cf19d5b927,1f695f57-2a49-4cfb-9613-1d75681279b0,,0,0,0,0,0,0,0,0,2026-1-10 12:02,2026-1-10 12:02
c7f81801-88a0-4f5b-8b49-d5ed7fb53ca0,79850dd5-7469-4271-992c-007ecc84f780,,0,0,0,0,0,0,0,0,2026-1-10 12:02,2026-1-10 12:02
dc204f59-9d10-48d4-bc9b-56135127b803,484b23d2-ebc1-4024-b15e-74f3b40aa0b5,,0,0,0,0,0,0,0,0,2026-1-10 12:02,2026-1-10 12:02
38cf7c5e-d5b3-46d0-8bcc-cd1e55a889ab,432cc984-b6b7-444e-bb01-ceaa6b127dc3,,0,0,0,0,0,0,0,0,2026-1-10 12:02,2026-1-10 12:02
569a817a-0344-4f58-9056-c687a574a73a,adab9208-83b4-47b4-9add-d80e5fd238df,,0,0,0,0,0,0,0,0,2026-1-10 12:02,2026-1-10 12:02
ff5a7ee1-0fa3-4b5e-b479-4603f1aa4107,8cec93d5-2b49-4943-b804-edef46fd206a,,0,0,0,0,0,0,0,0,2026-1-10 12:02,2026-1-10 12:02
e6d911ef-77da-4d25-9d1a-3f1a8398fdbe,fcd94702-e2d2-4b7d-b303-16a6e17dbe5c,,0,0,0,0,0,0,0,0,2026-1-10 12:02,2026-1-10 12:02
c4aacb01-9b62-498d-84a3-0172a23c26a0,c56a2d53-aae5-4fdd-b0e4-590658870784,,0,0,0,0,0,0,0,0,2026-1-10 12:02,2026-1-10 12:02
a3730e43-b1b6-489b-8ebe-65a240396e99,2d37c50d-03c4-4bdf-a509-902324703f8f,,0,0,0,0,0,0,0,0,2026-1-10 12:02,2026-1-10 12:02
6d6523c9-b0b7-42f3-837d-3e38b43ff9f1,55a40515-546a-40d5-8a18-036e2fbe6d71,,0,0,0,0,0,0,0,0,2026-1-10 12:02,2026-1-10 12:02
99ec9e08-c3fc-4702-b9fa-ddf663e95446,46822ec5-1afb-4114-9ee0-0a879a9665f3,,0,0,0,0,0,0,0,0,2026-1-10 12:02,2026-1-10 12:02
0128bb6a-5cda-4001-acf6-b7c3917827f1,d3764418-be6a-48a9-94f8-58c2599902aa,,0,0,0,0,0,0,0,0,2026-1-10 12:02,2026-1-10 12:02
9dd8d946-c264-4032-aec1-40012d95a325,35d74cb5-6f4d-47a1-b7cb-e64871ca6483,,0,0,0,0,0,0,0,0,2026-1-10 12:02,2026-1-10 12:02
d8adb6c8-d8a1-4f48-8973-869c4942de0e,1671c4ed-f7ec-4e4b-acf0-4e1dcf4e596c,,0,0,0,0,0,0,0,0,2026-1-10 12:02,2026-1-10 12:02
f990fab3-cdbf-4d22-8d03-36c3819a5076,3ab9243a-b512-4d3a-9dca-f953a1e2064f,,0,0,0,0,0,0,0,0,2026-1-10 12:02,2026-1-10 12:02
d0b26352-d700-43e2-9ef1-4669c35cd7f3,2fa4c9cd-0570-4ba7-bd12-c313c3f0d8b3,,0,0,0,0,0,0,0,0,2026-1-10 12:02,2026-1-10 12:02
fdf02ed9-9c5a-4f97-b074-532a15598995,04542e80-079f-463b-9835-97dbb107a7b4,,0,0,0,0,0,0,0,0,2026-1-10 12:02,2026-1-10 12:02
a0ce47dc-9003-4b4d-8466-68598ee72d29,827b9974-d6b6-4096-80b7-e898017716d4,,0,0,0,0,0,0,0,0,2026-1-10 12:02,2026-1-10 12:02
153c18c0-2b02-4c40-9b46-4bbc002ddc8d,98af5eba-81d0-4930-b244-78116bc9d58f,,0,0,0,0,0,0,0,0,2026-1-10 12:02,2026-1-10 12:02
156e7b02-50bc-4573-83fc-aae90c9a905a,deb62d1a-f254-4b4d-9593-73d5b3832db7,,0,0,0,0,0,0,0,0,2026-1-10 12:02,2026-1-10 12:02
640c4b57-48c9-40b6-b08a-05964e69455f,7428c776-358e-4787-9829-b8cc9e4b7126,,0,0,0,0,0,0,0,0,2026-1-10 12:02,2026-1-10 12:02
ade86fbb-7dbe-45b9-8801-b4c640ac5917,c7ceb344-9595-4ea2-b038-7a71e114ad1a,,0,0,0,0,0,0,0,0,2026-1-10 12:02,2026-1-10 12:02
6220f055-8353-4b6b-8938-628f6ed1a033,6b7f4ad0-a9e2-4f37-aec3-facc2ef1145f,,0,0,0,0,0,0,0,0,2026-1-10 12:02,2026-1-10 12:02
37733810-e57e-448b-a7e1-98dc822be632,3a5877c3-557e-4d75-a756-174a9a66b8e2,,0,0,0,0,0,0,0,0,2026-1-10 12:02,2026-1-10 12:02
ee033a98-abc2-41b8-8150-798811182a2f,75189098-ba4c-413b-ae22-5e0a3332c6ac,,0,0,0,0,0,0,0,0,2026-1-10 12:02,2026-1-10 12:02
3f22f300-7a14-44db-b800-68f8110d9c04,787e1c6a-fb32-4095-a173-bfda4d878a96,,0,0,0,0,0,0,0,0,2026-1-10 12:02,2026-1-10 12:02
a344fc86-38cc-4f1c-a12a-364e8680e2a6,b5551c45-e898-47e0-83b3-83f96a758429,,0,0,0,0,0,0,0,0,2026-1-10 12:02,2026-1-10 12:02
db5a7bab-4e61-491d-b3f5-066fb7c37dce,ff84be6f-0771-4f78-9b71-bdbf63105d11,,0,0,0,0,0,0,0,0,2026-1-10 12:02,2026-1-10 12:02
2df95d04-abe9-4cc2-a17e-f986fe5ef570,310d9593-7c6e-49e9-ac6e-9f4824ada61c,,0,0,0,0,0,0,0,0,2026-1-10 12:02,2026-1-10 12:02
a1157d6d-5f39-4286-b755-29c5a7281ee9,95de03be-5dbc-43de-a311-9ed42af8a4c6,,0,0,0,0,0,0,0,0,2026-1-10 12:02,2026-1-10 12:02
5dd97652-8deb-4188-ad79-4765ae18259d,15a3cb19-8311-4fa8-84c5-e2207e6d33c9,,0,0,0,0,0,0,0,0,2026-1-10 12:02,2026-1-10 12:02
2135462f-4370-47ff-920e-afd5d5abfef0,4a3b6bf8-d8b4-49fe-a60f-0ae23e36a8ec,,0,0,0,0,0,0,0,0,2026-1-10 12:02,2026-1-10 12:02
564c21da-8a31-40cb-82f2-f44e6e58180f,35d5a1e7-d23f-4f41-ac28-539eab08edd5,,0,0,0,0,0,0,0,0,2026-1-10 12:02,2026-1-10 12:02
8e7ea2eb-9516-4cb1-a98d-fb1f842a2a8e,3023d59a-e807-4d3a-a1fc-9d9874fb3215,,0,0,0,0,0,0,0,0,2026-1-10 12:02,2026-1-10 12:02
13c039ca-8484-44ed-9930-e33788f5a8c6,b0f7ad2a-2c61-42eb-bf72-baf645bff511,,0,0,0,0,0,0,0,0,2026-1-10 12:02,2026-1-10 12:02
84fc61b1-0013-4ed7-afa8-a5b2744683b5,3221ccbc-1849-42a9-b8fe-8d3313babe97,,0,0,0,0,0,0,0,0,2026-1-10 12:02,2026-1-10 12:02
e208dbfe-5ad0-4297-b64f-411f8575fb27,040a1432-17bb-42fa-9ecb-673282b15c4c,,0,0,0,0,0,0,0,0,2026-1-10 12:02,2026-1-10 12:02
1cd17c50-da49-43d9-9908-1ac993df5970,771d2a5d-5151-4c3f-befd-76e56857984f,,0,0,0,0,0,0,0,0,2026-1-10 12:02,2026-1-10 12:02
ec4eea27-270a-4dbd-8312-6a14b1041914,a2c17f36-adb3-4f26-9e9f-f6a2627bb6dd,,0,0,0,0,0,0,0,0,2026-1-10 12:02,2026-1-10 12:02
479b5847-606b-4dae-ad34-f994a679fc94,503883eb-5c43-428a-9348-9eed53859846,,0,0,0,0,0,0,0,0,2026-1-10 12:02,2026-1-10 12:02
2016584d-ef9f-4076-b441-208c5843dff5,f1edcc42-3ff1-48dc-b6a6-99c1616c2997,,0,0,0,0,0,0,0,0,2026-1-10 12:02,2026-1-10 12:02
4277baf7-c752-47c2-9d67-f96503cb48bf,e4bae633-39ff-4cd8-b8ea-26077a2db752,,0,0,0,0,0,0,0,0,2026-1-10 12:02,2026-1-10 12:02
71a78e02-8430-4547-a65b-b0ab0e052174,9a7b315e-beb7-4795-9e56-a1b7f19db1c7,,0,0,0,0,0,0,0,0,2026-1-10 12:02,2026-1-10 12:02
077f0f4a-5b17-4ecb-8b01-6b262ef65fc0,8d8d949c-a701-42ac-8573-3617f14e0852,,0,0,0,0,0,0,0,0,2026-1-10 12:02,2026-1-10 12:02
f4901714-eef8-41c8-bd73-be3ba72058cd,a513b4c8-e901-465f-9198-97d52faa34e5,,0,0,0,0,0,0,0,0,2026-1-10 12:02,2026-1-10 12:02
78235125-e338-4021-8e2d-1888e871516a,92dcb815-2d93-4dd3-a85e-46501758305f,,0,0,0,0,0,0,0,0,2026-1-10 12:02,2026-1-10 12:02
c926b987-f9bd-4273-b93c-ddc28328da63,bb08b236-af2d-4612-a11e-a8a64a36c39e,,0,0,0,0,0,0,0,0,2026-1-10 12:02,2026-1-10 12:02
0899e5e0-e4c9-4154-9e66-4d6dafafbefa,a8a20ea4-3f80-4e4e-b66a-184d6e257a88,,0,0,0,0,0,0,0,0,2026-1-10 12:02,2026-1-10 12:02
03c64bde-ba48-4742-bd38-999d4ea7d05a,4e2b2530-6b03-4032-b411-6ba5a15b600d,,0,0,0,0,0,0,0,0,2026-1-10 12:02,2026-1-10 12:02
aadf9809-1ef8-42b7-b144-58f9cb46b9a2,d30ae99d-70b7-4006-a5f5-d02dbf98f3a9,,0,0,0,0,0,0,0,0,2026-1-10 12:02,2026-1-10 12:02
94308153-cc67-455e-bdd5-b54aef7e0b11,44e8467f-5d2f-472c-9b4f-fdad2091d184,,0,0,0,0,0,0,0,0,2026-1-10 12:02,2026-1-10 12:02
dc647781-9c7c-442c-ae85-f9ecd58f1d66,bcc2bbf0-b9fe-41bd-a542-ca9f054f1565,,0,0,0,0,0,0,0,0,2026-1-10 12:02,2026-1-10 12:02
57aacb10-6e97-438c-b86d-737557a5d73b,64cf482c-03ba-453f-bf15-cd93d190caa3,,0,0,0,0,0,0,0,0,2026-1-10 12:02,2026-1-10 12:02
810269b4-ec24-413b-8c55-2338c1adae28,02cc76b8-6ded-4adf-b7e0-1accb3d5745c,,0,0,0,0,0,0,0,0,2026-1-10 12:02,2026-1-10 12:02
37be0622-072b-4c5f-99c5-2733bb0be678,b6e03c18-20c0-4df0-b2b3-b3b79b13138f,,0,0,0,0,0,0,0,0,2026-1-10 12:02,2026-1-10 12:02
a90490b5-e2dd-41ae-a296-ec901269c423,7ad3286a-da8f-4733-af3e-a1de1114b4fc,,0,0,0,0,0,0,0,0,2026-1-10 12:02,2026-1-10 12:02
e963a1ac-1f43-4a30-a019-e82264501615,7f0f595b-7de0-4760-920f-599597a8e46b,,0,0,0,0,0,0,0,0,2026-1-10 12:02,2026-1-10 12:02
3a5c6efb-bc7b-4ba5-8c69-252d0384d972,0335f94e-e7d7-4286-9e96-868b4c23f5a4,,0,0,0,0,0,0,0,0,2026-1-10 12:02,2026-1-10 12:02
91e5f59a-c988-4ab7-b275-c2e4337edbd0,6773423b-3f97-4397-a456-32429a487a05,,0,0,0,0,0,0,0,0,2026-1-10 12:02,2026-1-10 12:02
d4313af0-8008-415b-a46b-8e5c715580a8,1e7705f4-553c-4840-8c6e-df4eec68c672,,0,0,0,0,0,0,0,0,2026-1-10 12:02,2026-1-10 12:02
ca63d095-5be9-4084-9281-1cb052cd6225,07ed38e4-1c11-482e-b87f-450eac2220ef,,0,0,0,0,0,0,0,0,2026-1-10 12:02,2026-1-10 12:02
2c9cc786-b888-4195-bcff-e7f9a1d29e3e,2b10c003-c411-4e06-a6c1-79db4f64e32f,,0,0,0,0,0,0,0,0,2026-1-10 12:02,2026-1-10 12:02
99d20d35-247a-447e-aab3-4f307b0655e9,4a852805-31ce-496e-a56e-b92f906073ce,,0,0,0,0,0,0,0,0,2026-1-10 12:02,2026-1-10 12:02
19715394-fe3b-4661-9de2-189f2d6acfa2,7dea93be-a751-4e47-907e-7ad1dd3a2b6e,,0,0,0,0,0,0,0,0,2026-1-10 12:02,2026-1-10 12:02
9981afba-e931-4273-ad2d-4c19250f6d18,8d90ae53-65ea-47cc-a2f4-9fa050a655c2,,0,0,0,0,0,0,0,0,2026-1-10 12:02,2026-1-10 12:02
159f18f7-f953-49ec-8e6c-5c204b36ad27,9662b822-a1e1-4e3d-8620-b4fbf57e6a8d,,0,0,0,0,0,0,0,0,2026-1-10 12:02,2026-1-10 12:02
8518534d-1631-4a6e-97d4-ebce3d24d957,315a65db-7960-4b2b-a4a0-b25b8dc037e6,,0,0,0,0,0,0,0,0,2026-1-10 12:02,2026-1-10 12:02
fb23c47d-5c78-4493-bfdd-4d077cdb874c,cd2a82b0-bfc9-4fc7-8e5c-950a095bb9fc,,0,0,0,0,0,0,0,0,2026-1-10 12:02,2026-1-10 12:02
9ec5b9c5-3b9f-494b-8c1c-6c5cb042878a,bccbf5c6-0926-45ff-b070-7cc5e65e73e7,,0,0,0,0,0,0,0,0,2026-1-10 12:02,2026-1-10 12:02
4d51b9c9-c6ad-45b2-8b06-dfa3b02fa5dc,c7778f21-59da-4ea2-839a-77caf091aae2,,0,0,0,0,0,0,0,0,2026-1-10 12:02,2026-1-10 12:02
00c64315-c41c-4117-9f2f-74d689c20183,478399b2-0287-483c-b17e-e8a9f2f70a29,,0,0,0,0,0,0,0,0,2026-1-10 12:02,2026-1-10 12:02
3e4e329a-dcbe-44ed-825b-d27af7b19d30,d1fbdbec-34d6-42d8-b51a-3c1a2ffd584e,,0,0,0,0,0,0,0,0,2026-1-10 12:02,2026-1-10 12:02
c5c00790-f117-4f80-9cea-f2335490bc03,fd2629ea-c741-4b33-a69b-aef07e670903,,0,0,0,0,0,0,0,0,2026-1-10 12:02,2026-1-10 12:02
4cd3b89a-bd6d-4571-a4eb-7c7bcfcb517f,e266460e-a2c7-41ea-be2f-0b6aace2ec69,,0,0,0,0,0,0,0,0,2026-1-10 12:02,2026-1-10 12:02
116fc261-0558-4151-9493-1b53b8e24ced,11ad18b9-143b-49c4-9624-2fdbf76d1c40,,0,0,0,0,0,0,0,0,2026-1-10 12:02,2026-1-10 12:02
