id,franchise_id,category_id,sub_category_id,is_primary,created_at
1446099e-9268-4529-920e-5c3f15386fdc,98ecc642-3342-4704-bc19-7da7d34461df,2032ce41-47d8-4fdd-91e0-981b8b21c9d0,b7b9056e-343d-4903-8c65-373151880714,TRUE,2025-01-01 00:55:53
9fb5cab4-e97f-48c8-ab66-7deae312d744,290bec96-ad40-46e1-ad88-33c3cf6536b9,2032ce41-47d8-4fdd-91e0-981b8b21c9d0,5aea2c49-62ea-4875-a90a-440920bd2e60,TRUE,2025-01-01 00:55:53
0f6581a6-93ab-4f30-a8fa-a4ec220912e8,0ce95acf-1221-45aa-ae6a-d496a33d1fa8,9c7269de-e6b3-4482-ba69-736a23782685,ad3bee99-7863-4b55-aa09-b9754b160c47,TRUE,2025-01-01 00:58:11
c84958cc-d3a8-4fbc-be5d-5a976b687af4,3d7a177b-20bf-4b7d-a8a1-7c3514daa4a5,2032ce41-47d8-4fdd-91e0-981b8b21c9d0,5aea2c49-62ea-4875-a90a-440920bd2e60,TRUE,2025-01-01 00:58:11
ec7167d1-8a03-4fdc-ba03-14fdbb51380b,2155ba74-85c2-4123-9485-75b3c9e07def,10bbf5a6-0d2a-4f76-9579-c153cfc4542f,41a7b674-be1f-4204-80c5-974f9ba24d39,TRUE,2025-01-01 00:58:11
d45592e0-e5dc-4957-a182-726b3ab2207b,a61d62b8-582d-4179-9603-789f0ee2bece,9c7269de-e6b3-4482-ba69-736a23782685,ad3bee99-7863-4b55-aa09-b9754b160c47,TRUE,2025-01-01 00:58:11
2489bd5a-a6f9-4ab0-a880-bf9de648171b,7cbee3c6-e9d5-40f1-9be2-ac2fe5053add,9c7269de-e6b3-4482-ba69-736a23782685,ad3bee99-7863-4b55-aa09-b9754b160c47,TRUE,2025-01-01 00:58:11
63013f69-21f6-465e-a86c-423cb5f9370f,ca257ac6-7d5b-4292-a6e1-9d71b5c73ada,9c7269de-e6b3-4482-ba69-736a23782685,2489267c-9b73-4948-a360-81d6ae8f9a8e,TRUE,2025-01-01 00:58:11
f54de08a-b6ac-4290-89d5-a754d0a41825,1c97dc61-7708-4958-8222-3fe8fa9275bc,8fb154e8-39fd-474e-b3d3-2c16d78ee53b,6b91d57b-182a-454c-aabd-90cd85d7facf,TRUE,2025-01-01 00:58:11
5a5b081a-9b59-483f-9323-ebdb798b415b,9ab139e7-cf16-4085-9352-c51d74e61115,8fb154e8-39fd-474e-b3d3-2c16d78ee53b,6b91d57b-182a-454c-aabd-90cd85d7facf,TRUE,2025-01-01 00:58:11
3d1748f1-47c1-4858-9263-73d8f332d33d,ac303bf7-2a32-471d-9be1-a1dbb2e915e7,8fb154e8-39fd-474e-b3d3-2c16d78ee53b,6b91d57b-182a-454c-aabd-90cd85d7facf,TRUE,2025-01-01 00:58:11
8cd1963f-65f8-446a-b16a-98264e469efd,c8bbd1a5-9676-4a19-b8c4-1b2f22fe8148,c4b3c39d-233a-4b8c-94c3-8fb588d7f015,0783cd92-0e29-4a26-8e41-aeb113b58a02,TRUE,2025-01-01 00:58:11
ca0325a5-a90f-4834-8b75-0534d7593f90,88848236-153f-41d1-85cd-4a9001af249c,c4b3c39d-233a-4b8c-94c3-8fb588d7f015,1522d0f7-89af-4dda-a4b4-7ea0e46f0436,TRUE,2025-01-01 00:08:25
9fefcac7-41ab-42fd-8e48-27420babaa2f,d96ac4e8-daa4-4d60-9a4d-f7dcb54412b7,c4b3c39d-233a-4b8c-94c3-8fb588d7f015,1522d0f7-89af-4dda-a4b4-7ea0e46f0436,TRUE,2025-01-01 00:08:25
5a4443cd-54c4-45be-8f45-29175e699977,d451263c-43df-4ba1-b652-cbac27ff7846,54babe4f-96f7-4e64-a219-73d52337d179,eb979557-17dd-4e57-90ac-1854eece7765,TRUE,2025-01-01 00:08:25
e0de5efe-0de6-434c-9eea-cd33c0d0e379,a3d5f27f-978c-48e7-97cf-21e8aea6d359,54babe4f-96f7-4e64-a219-73d52337d179,af6fc388-8923-42f1-b89d-72c96cdfa8a5,TRUE,2025-01-01 00:08:25
a1e70b56-ae98-419b-9828-689c05094898,780dabc4-787e-4001-9c4b-a07c9874ffab,54babe4f-96f7-4e64-a219-73d52337d179,183b53c1-251e-4d71-84ff-9744261a917e,TRUE,2025-01-01 00:08:25
8e571319-862a-42d1-90d3-88e3d35bc02c,df361e73-da0e-4e50-992d-e95e57306357,8fb154e8-39fd-474e-b3d3-2c16d78ee53b,,TRUE,2025-01-01 00:58:11
d14e829c-7002-4dc3-9fcc-e7be804e11ab,499ed48e-a3e7-480e-900b-f384cd1ec21f,54babe4f-96f7-4e64-a219-73d52337d179,eb979557-17dd-4e57-90ac-1854eece7765,TRUE,2025-01-01 00:08:25
f725ebdd-8200-4c70-a04e-f9403a0dd314,fc554f5b-c10b-4835-b81b-6eb90deb8862,54babe4f-96f7-4e64-a219-73d52337d179,85148e4b-2e24-4675-8180-d8614d826d13,TRUE,2025-01-01 00:08:25
82d965ec-68ec-4039-936b-bde85fa2b5ef,ab2c97a4-15c8-4105-902b-e6b961445825,54babe4f-96f7-4e64-a219-73d52337d179,eb979557-17dd-4e57-90ac-1854eece7765,TRUE,2025-01-01 00:08:25
cbe611fc-9847-42d5-ba0f-3185417c5e11,0fe579f2-a816-4116-a312-a340923dbfe6,54babe4f-96f7-4e64-a219-73d52337d179,eb979557-17dd-4e57-90ac-1854eece7765,TRUE,2025-01-01 00:08:25
5156c267-ff23-420f-b482-cb6909fb7373,a0160a9a-fe08-485e-9592-67df5f2e6235,54babe4f-96f7-4e64-a219-73d52337d179,85148e4b-2e24-4675-8180-d8614d826d13,TRUE,2025-01-01 00:08:25
b1d28c28-2ef8-4f22-a82c-05c6d67ff120,ba736baa-47d2-4b53-8969-661dbce6e6a1,0986f242-a7aa-4df0-bb46-d1f3e5c64cf8,6d04e84f-b2b7-467e-87cc-e8815a67f6f7,TRUE,2025-01-01 00:08:25
c86e41a0-1fed-42a8-888c-b7667eb30ae9,f943babd-ea6a-444b-b645-315f491c40a6,54babe4f-96f7-4e64-a219-73d52337d179,eb979557-17dd-4e57-90ac-1854eece7765,TRUE,2025-01-01 00:08:25
dad4d920-d993-4755-9860-111ff3d6b596,e277efc3-55a1-40a9-8fad-b3149ffe9d2f,9850fdfd-cfa4-4d9d-9b6e-f39e1338186a,904c754e-6593-4466-88e5-4dbe91d32660,TRUE,2025-01-01 00:09:30
3eeafcfe-961c-41ad-b864-47c947907a0e,347dcb07-5002-4376-b056-fc37fe48eac8,d6a47d18-5c17-48fb-9992-be67d2da891b,da3708fc-b61e-421e-b7c0-a6c5d3c31779,TRUE,2025-01-01 00:09:30
ce97d96c-33fa-4d37-bd88-8b6fee0ed59c,4024b1c9-12fd-451e-8a5f-0a5025e55819,5c249092-11b0-47dc-81ba-1a905c6f45aa,dd36eb28-6b48-4071-aa16-f4fbaf70315e,TRUE,2025-01-01 00:09:30
c660b531-8d7c-41e0-b9cf-9e9a45cd84dc,bb0d140f-d9e5-4b4a-8182-4376a439422f,d6a47d18-5c17-48fb-9992-be67d2da891b,6be59dfe-ed4a-4258-a31a-b9025a6a9f88,TRUE,2025-01-01 00:09:30
9d8aa311-c2ad-43d7-8f42-724f03f906f1,243ecbfb-c97d-42f8-b56c-31ca4f742263,a6fc6a01-e65f-4b3d-86d2-fef0685892fd,3575152c-b2b4-4e87-8fe1-af8844c7e053,TRUE,2025-01-01 00:09:30
89dd2226-edb1-402e-a7f4-ea8b61a433e1,e909318a-6b26-4da4-a189-c7e5e01c2226,70f60247-60d3-4bce-87a8-ef397833ede6,f9d715bc-2a94-46dc-aedd-d566fe5fca63,TRUE,2025-01-01 00:09:30
8566e09d-9cb7-44fc-852a-73207eb593ae,d93c950c-ab6f-4a07-b92b-33b89adc419b,2a186b71-b6dd-44ce-affb-88b8d16eb578,e283b52f-d6f1-47d1-bf10-08d6c5af6a60,TRUE,2025-01-01 00:09:30
57b9bbdf-b281-4ece-b249-8622051ecced,12c8ab8c-e4fd-4910-8bce-ef630b9e6491,3fab3044-def1-4fff-a598-bac8d76da990,b6f6f002-6666-4f6f-ffff-666666666662,TRUE,2025-01-01 00:09:30
4b051060-a6e8-4d2b-a766-3feb5fde9ff8,7d07fbd9-d1a5-4820-8ff8-c1120ea6ff06,9c7269de-e6b3-4482-ba69-736a23782685,5aea2c49-62ea-4875-a90a-440920bd2e60,TRUE,2025-01-01 00:09:30
213954d3-a463-4d8a-b2dd-e9e4d043f9b2,0b66ede6-6a9d-4dc1-a71e-d4ac5db22f6f,9c7269de-e6b3-4482-ba69-736a23782685,5aea2c49-62ea-4875-a90a-440920bd2e60,TRUE,2025-01-01 00:09:30
f3c5a867-4f61-4017-b7bd-d657f27fdb84,1fac6fce-3ca3-41c6-a470-541370486496,4081baaa-071b-45f4-a25d-ac5121bfccc7,2c0cf7ad-c480-4428-84c9-37060a9a0a37,TRUE,2025-01-01 00:11:46
7c2d92a3-dfd3-4912-ba7a-a85ba8c87275,7ead3192-9970-4ca4-9492-1e653cba5c40,4081baaa-071b-45f4-a25d-ac5121bfccc7,5ef44941-021e-4c44-a995-8fcf78858411,TRUE,2025-01-01 00:11:46
81ec1f63-4910-4d4b-afee-aad235462b81,b369aafb-788d-48c2-a292-1227e246c5e2,4081baaa-071b-45f4-a25d-ac5121bfccc7,fd2f8365-a2f8-418a-b4cc-dc2a368c7b1c,TRUE,2025-01-01 00:11:46
6228f7c5-39d5-45de-bfa6-0ba1680850ea,4aafb50c-8cb6-4610-9232-89902077d0a3,7c844539-83eb-4880-b86c-dd05973f0e0a,,TRUE,2025-01-01 00:11:46
96ccb985-a31e-4467-8769-93bce2516cd9,490c8da9-056b-42c8-953b-790ae0d96980,4081baaa-071b-45f4-a25d-ac5121bfccc7,fd2f8365-a2f8-418a-b4cc-dc2a368c7b1c,TRUE,2025-01-01 00:11:46
49f523c2-f25c-42c3-b4a5-8e1b8edcaf6c,e75e0dd4-68dc-4253-ba10-c66dbc68af66,10f25068-4e34-42ca-94b3-96f5288b82ea,e6557dc4-26ce-465e-9ae9-3cc02c70fbc1,TRUE,2025-01-01 00:11:46
a665134c-6410-46fe-97a7-7de3c2bb2527,3ab4cfd1-65bf-4466-b000-fa986136cf8a,2032ce41-47d8-4fdd-91e0-981b8b21c9d0,b7b9056e-343d-4903-8c65-373151880714,TRUE,2025-01-01 00:11:46
e32bb6bc-88c4-422a-8ae6-15055e2f7a83,52e386d0-16ce-48fa-91c9-75e6dc633959,a3ae9791-1572-4564-a7b7-b17e5824951c,23572d27-28d8-44ed-9b1f-e7b7d7e780dc,TRUE,2025-01-01 00:11:46
84d59de1-d8e9-428a-adc6-5b702c3785e2,ae70ee5e-ea25-47b0-9b80-aba3400b5cd3,5f5560cf-c169-4781-8204-fb75ac3408c8,49720e2e-bd94-4072-8816-4b2dc97902ed,TRUE,2025-01-01 00:11:46
78dee459-f516-4169-b565-0675fc6a1ee3,f648ef1c-c7c1-4d7f-b04a-91bf04a6718d,93813225-2cbe-4d50-8943-423d4338776a,7deb17b5-0399-4c32-913d-5f9ede6b54a4,TRUE,2025-01-01 00:11:46
28208ee3-dd2f-4d92-85e2-58e67ebbdc85,319210e7-b5f8-45c0-a3d0-9e384b46c5ca,77f6700e-88b8-40d8-9b61-ffefe536a5a2,27217365-aff2-447c-9c82-173f36a5173b,TRUE,2025-01-01 00:11:46
0e38185c-04b2-461a-a718-17e9d6211c7e,b9e6ee77-95a5-4782-819e-2e9f0e39a9db,f0980453-c886-4dd1-8af5-7186fd83578d,a25e7660-d3d0-44cc-bdd1-0b113ad44c55,TRUE,2025-01-01 00:11:46
5c3053fc-4181-4090-a420-2536e097a6d5,7484b19e-814d-4ca1-bfab-c1050e50b712,7a9cbfd8-d8a1-4773-8fad-dc210e493a3c,df86960e-a82f-45bd-a26a-195ae461d7f6,TRUE,2025-01-01 00:11:46
e845e4e0-094d-4b9c-9015-0cf09e45990d,e0d7a709-6146-4915-83d7-1906b24f9ce6,5f5560cf-c169-4781-8204-fb75ac3408c8,49720e2e-bd94-4072-8816-4b2dc97902ed,TRUE,2025-01-01 00:11:46
e4157bdb-2f01-4c85-b5a2-1c7ec984ccf7,605dc402-64b7-4ba9-9069-e705f4746b7c,5f5560cf-c169-4781-8204-fb75ac3408c8,49720e2e-bd94-4072-8816-4b2dc97902ed,TRUE,2025-01-01 00:11:46
ffc2eff7-f614-4404-ae9d-fdd56ec20008,b38c39c0-b9f6-495f-b8be-a65b1c0b9221,8dcc57a0-79ac-45dd-9db0-efb3d1fd5299,f5aa12c0-a668-4178-b870-908ba1c7ac67,TRUE,2025-01-01 00:47:58
f3b30705-bef0-4bb4-8af4-a3b9e184d2ef,c8f6989c-d785-4cf7-b127-b7ba288a3314,8dcc57a0-79ac-45dd-9db0-efb3d1fd5299,e8840113-28f3-4d0b-8d73-9f513c624c2a,TRUE,2025-01-01 00:47:58
8e440ff3-32be-4288-8890-ba4deb14c74f,b297c5b9-82e3-4c3d-88fc-c509ae881207,8dcc57a0-79ac-45dd-9db0-efb3d1fd5299,e8840113-28f3-4d0b-8d73-9f513c624c2a,TRUE,2025-01-01 00:47:58
3b33d2ad-f99f-4b9a-b8ab-b24d96eed6e7,6a8c08c9-ef66-48b0-a68e-e9e0b7b40fcc,8dcc57a0-79ac-45dd-9db0-efb3d1fd5299,f5aa12c0-a668-4178-b870-908ba1c7ac67,TRUE,2025-01-01 00:47:58
4c9d3512-9997-452c-b579-157770fa2a9c,afb4be0a-0173-4248-b0b9-9c7ba0e3ce8f,8dcc57a0-79ac-45dd-9db0-efb3d1fd5299,f5aa12c0-a668-4178-b870-908ba1c7ac67,TRUE,2025-01-01 00:47:58
a339ba12-84a7-474b-8a5e-42dff52474b2,4af9efb4-507c-4d83-bac1-bfcb915174a4,8dcc57a0-79ac-45dd-9db0-efb3d1fd5299,ee87b2fb-f35d-4dfc-a1ca-937eb532067c,TRUE,2025-01-01 00:47:58
0f647a4d-ba6e-4e1c-86e9-0b4bb9d11025,38561e9f-265f-4bd5-9e6f-4d4c001fab1e,470809ae-c5f3-4ba1-9522-fd0972619f7f,c82335ca-73c8-44fb-8e7c-4f7d4965d472,TRUE,2025-01-01 00:47:58
11f9a8c7-3e4b-4343-ad7b-f2fd05f84775,fb0b305f-4c8f-43af-acc7-5619797e05a7,8dcc57a0-79ac-45dd-9db0-efb3d1fd5299,e8840113-28f3-4d0b-8d73-9f513c624c2a,TRUE,2025-01-01 00:47:58
6d738a97-cc47-43c6-80d4-7c300e7e2daf,fbb1242f-32be-4c01-b085-b98486a13802,8dcc57a0-79ac-45dd-9db0-efb3d1fd5299,e9452b7a-02cb-45b8-a05c-ce1936aae2ea,TRUE,2025-01-01 00:47:58
a1177e13-8ecd-4028-8150-4b25d2ae61dd,bb624860-ff6d-416a-bd40-2458aeefed6c,8dcc57a0-79ac-45dd-9db0-efb3d1fd5299,ee87b2fb-f35d-4dfc-a1ca-937eb532067c,TRUE,2025-01-01 00:47:58
04c2af01-fc3c-4179-9e78-b1f8e0ec73ad,be9dc891-8287-4cbd-9093-b658cae87d07,343841d6-b938-4b7d-8523-23d25aa1eeb5,39478e69-751f-45a6-88b2-fd08bf1e80a2,TRUE,2025-01-01 00:50:57
7ee62338-6fbd-49f5-8bb6-3545f279f3d8,20eb604e-6144-4ec8-9dfc-e504cfc576ea,343841d6-b938-4b7d-8523-23d25aa1eeb5,39478e69-751f-45a6-88b2-fd08bf1e80a2,TRUE,2025-01-01 00:50:57
c7082702-bfde-4871-ab25-91d7cb10158e,945cd8b9-47c7-4093-b0ea-4531c6ced200,343841d6-b938-4b7d-8523-23d25aa1eeb5,39478e69-751f-45a6-88b2-fd08bf1e80a2,TRUE,2025-01-01 00:50:57
ad230d7d-9376-46f8-b411-974a945e60a8,23483a03-aa1e-4e9e-862e-23a723901474,343841d6-b938-4b7d-8523-23d25aa1eeb5,39478e69-751f-45a6-88b2-fd08bf1e80a2,TRUE,2025-01-01 00:50:57
6e30ae18-4471-4e27-8a63-9d0421fd84f8,70628840-212f-4377-8b18-8aa145bc292a,343841d6-b938-4b7d-8523-23d25aa1eeb5,39478e69-751f-45a6-88b2-fd08bf1e80a2,TRUE,2025-01-01 00:50:57
273fb700-1b85-472c-8ba2-ee0af09f5e6d,6855aba8-d2c9-4cd6-aa86-bed08d0acfc8,343841d6-b938-4b7d-8523-23d25aa1eeb5,03ef20c9-4602-4b3f-b405-be77706bfc0e,TRUE,2025-01-01 00:50:57
a9de1711-371d-464b-bb5e-a34099a9c3bb,9bb91606-f058-4164-bcaa-87892da94227,343841d6-b938-4b7d-8523-23d25aa1eeb5,39478e69-751f-45a6-88b2-fd08bf1e80a2,TRUE,2025-01-01 00:50:57
7fc528d3-2ab1-45fa-812f-0bbbe4dedbb1,5f399d54-407c-4b4a-98c7-aef9ad1600c6,343841d6-b938-4b7d-8523-23d25aa1eeb5,03ef20c9-4602-4b3f-b405-be77706bfc0e,TRUE,2025-01-01 00:50:57
0ad047a9-5cf5-46e6-a769-c8472b188452,489d88bf-1f8d-4de9-b7f1-a863268d3126,343841d6-b938-4b7d-8523-23d25aa1eeb5,39478e69-751f-45a6-88b2-fd08bf1e80a2,TRUE,2025-01-01 00:50:57
25b7e910-0fba-4807-9231-114f037062ad,f1ce23fc-d9bd-4514-83be-543b30357cb1,343841d6-b938-4b7d-8523-23d25aa1eeb5,39478e69-751f-45a6-88b2-fd08bf1e80a2,TRUE,2025-01-01 00:50:57
6950135d-ad3e-47ad-ae7b-39578daf6928,09378ed3-2aa4-4e45-bf5d-6a75d1bdb2f7,9c7269de-e6b3-4482-ba69-736a23782685,2489267c-9b73-4948-a360-81d6ae8f9a8e,TRUE,2025-01-01 00:50:57
9c47e90d-5276-41c9-ad34-3b683cd1257b,0e50ed02-6937-4c8d-aa31-b4202a5f77cd,9c7269de-e6b3-4482-ba69-736a23782685,bce1e994-acf3-4090-853f-efbc01836951,TRUE,2025-01-01 00:50:57
4bffd13d-160d-4803-9c74-d4eb24a5a3c1,7e62e026-71a1-4b49-971d-e8bcd1cc4e54,9c7269de-e6b3-4482-ba69-736a23782685,ad3bee99-7863-4b55-aa09-b9754b160c47,TRUE,2025-01-01 00:50:57
a2c4f316-b7fa-428c-a1cc-1593ecfc2d5d,8a873fc8-8a68-461e-81f4-55d7f192f2b1,9c7269de-e6b3-4482-ba69-736a23782685,bce1e994-acf3-4090-853f-efbc01836951,TRUE,2025-01-01 00:50:57
3859ea5b-354b-497b-bf6e-6a891cb12645,fc244900-e4b1-4eec-8e70-eb778beac3a5,9c7269de-e6b3-4482-ba69-736a23782685,ad3bee99-7863-4b55-aa09-b9754b160c47,TRUE,2025-01-01 00:50:57
ac3dba97-f989-4e1d-930b-244d86a48772,a6ae3e8e-b3da-4406-9a53-1f411523033b,9c7269de-e6b3-4482-ba69-736a23782685,bce1e994-acf3-4090-853f-efbc01836951,TRUE,2025-01-01 00:50:57
0f4a07a9-593e-4011-9ea5-0c924288ed32,f610d893-650e-46e2-89a6-c50f59036275,9c7269de-e6b3-4482-ba69-736a23782685,ad3bee99-7863-4b55-aa09-b9754b160c47,TRUE,2025-01-01 00:50:57
cae9438c-2e27-4e9a-8e48-7773c0d591ff,1dac1aa2-22c2-41e9-a608-2ffb1cefdf84,9c7269de-e6b3-4482-ba69-736a23782685,ad3bee99-7863-4b55-aa09-b9754b160c47,TRUE,2025-01-01 00:50:57
c03c1f1b-d425-4351-ae25-d89db1e47dd3,1ee2cd39-dcf0-4e78-971d-967b8f1e2f12,9c7269de-e6b3-4482-ba69-736a23782685,ad3bee99-7863-4b55-aa09-b9754b160c47,TRUE,2025-01-01 00:50:57
078267f1-3c61-40f2-aad3-b2ff1187665a,ad81abe8-369b-42cc-b233-fa5e90258116,9c7269de-e6b3-4482-ba69-736a23782685,b1aaab67-e072-48b8-8c61-539917206eec,TRUE,2025-01-01 00:50:57
60eced51-ffd5-4558-86d8-2b2b7ec94583,8be9d5c3-86aa-4cd5-be33-3b39dfd647fa,e5fcf8a7-cb34-4278-8082-a63b9d1856a9,,TRUE,2025-01-01 00:09:30
642b68f1-c9b4-41d4-a568-c54b769bf5b8,5b707bb6-7325-4cd8-961e-8eff582d5328,e5fcf8a7-cb34-4278-8082-a63b9d1856a9,,TRUE,2025-01-01 00:09:30
2d2301cd-b62b-4442-9a80-741af02f3f5d,f796a38b-1d81-4e48-ad0c-4ebeb485b41d,e5fcf8a7-cb34-4278-8082-a63b9d1856a9,,TRUE,2025-01-01 00:09:30
7646bc17-43d9-46cd-9c8c-e639fbf72be0,64afff51-8b14-4193-a750-6c03763a23b4,8d009eb0-2234-4ba9-9768-f922672929f0,,TRUE,2025-01-01 00:09:30
8f7b3b60-8db2-48fc-aee0-cb5b33d83f13,b702b30c-ea16-4a5b-8d78-13f8c41c51d3,8d009eb0-2234-4ba9-9768-f922672929f0,,TRUE,2025-01-01 00:09:30
0a823b57-2650-45d3-bc7c-3db561ba4438,30a2d954-c1e6-4ca8-8b82-c27241094307,456e1a68-37c2-454d-948f-a46294d6ba3a,,TRUE,2025-01-01 00:11:46
76019019-b67b-41a9-9144-25ef7e041163,58b4e1a8-1418-4da0-a57e-23d285891faf,dc6c211b-19b9-4eed-9e3e-9d10792b6f55,,TRUE,2025-01-01 00:11:46
c1a4c80f-1a33-460a-967b-ddf807af1eac,b781fa76-8eaf-4cf9-a15c-b6a1c3503554,a3b7ded9-682f-45b4-b286-182dbd36a9b9,,TRUE,2025-01-01 00:50:57
a1b2c3d4-0001-0001-0001-000000000001,80126705-23b0-47c5-bf0b-bcce2bb4b417,9c7269de-e6b3-4482-ba69-736a23782685,ad3bee99-7863-4b55-aa09-b9754b160c47,TRUE,2025-01-01 00:00:00
a1b2c3d4-0002-0002-0002-000000000002,3f8fddd3-f75d-4d55-8622-c998930adc92,dc3b2dd6-a7eb-4ed7-bf00-750e33978760,fbe91310-b6cd-43ea-b306-e65d2ee5eaad,TRUE,2025-01-01 00:00:00
a1b2c3d4-0003-0003-0003-000000000003,3431dd32-d63e-4fce-8a7b-488a02dadf73,ecb74426-adfd-416f-90ce-ac1136940e59,a0f45e64-d974-4ed8-99b7-5fe52a283bc9,TRUE,2025-01-01 00:00:00
a1b2c3d4-0004-0004-0004-000000000004,c6444da3-7bf0-44e7-a219-85d4e84bded4,10bbf5a6-0d2a-4f76-9579-c153cfc4542f,41a7b674-be1f-4204-80c5-974f9ba24d39,TRUE,2025-01-01 00:00:00
a1b2c3d4-0005-0005-0005-000000000005,606a879b-da69-4f28-bb62-7d6928c5bfda,2032ce41-47d8-4fdd-91e0-981b8b21c9d0,b7b9056e-343d-4903-8c65-373151880714,TRUE,2025-01-01 00:00:00
a1b2c3d4-0006-0006-0006-000000000006,51de79ee-7094-4b9e-8fd8-36c14770b17d,8d009eb0-2234-4ba9-9768-f922672929f0,,TRUE,2025-01-01 00:00:00
ccbbf4f6-511a-41d5-8dc5-1b99c9743e6c,1ae94dc8-64ad-42e0-9650-72d9fe7e83c5,8fc98f56-9662-45f7-8bd6-86a56e2142d1,,TRUE,2025-1-1 0:00
604fbeb0-4ae7-4e90-80ad-fbb1f4780b4e,b1966850-3f94-4893-8f7e-c6d27ee51461,c4b3c39d-233a-4b8c-94c3-8fb588d7f015,,TRUE,2025-1-1 0:00
e7199ec1-c243-4301-94bc-d5c3022b3411,3fdfc493-e614-4001-b564-8169665b6043,d859a9f6-ce5f-4e3f-8c72-f7e2030f93ce,63626deb-8fc4-4aec-b953-9613fc3e83f6,TRUE,2025-1-1 0:00
37c0a06c-7a9f-4b37-8ce6-511be09c58a5,7c3e49a3-81b4-48ae-b744-c00b8dc05568,ecb74426-adfd-416f-90ce-ac1136940e59,b1f1a003-1111-4a1b-aaaa-111111111113,TRUE,2025-1-1 0:00
2c916ba9-a1be-4a36-819c-aec6249a2440,5c90c0fb-38e7-441d-a4b3-932c8d19d915,b28bcd2f-98c3-4e0e-bbae-d05d48bf82e9,,TRUE,2025-1-1 0:00
e75d3f81-27c4-40a7-8a61-be7e9e2f9cb8,58e2d28f-d82e-4377-ae5d-34600e0382a9,1197ce03-96ae-4670-9ef3-28468625cf46,21f51f84-c1dd-4478-8fb0-1c10b08829a9,TRUE,2025-1-1 0:00
7b0eb265-673b-4fd5-b098-5de3964fa825,9dfffdd4-1e58-4269-9d0e-cf773083ffaf,1197ce03-96ae-4670-9ef3-28468625cf46,21f51f84-c1dd-4478-8fb0-1c10b08829a9,TRUE,2025-1-1 0:00
662bc855-ce15-49c7-afcf-28d423e35e1f,19f4d529-70a5-4231-8055-fec1caeaa905,470809ae-c5f3-4ba1-9522-fd0972619f7f,0f1d8c04-97b9-4843-9872-3e78a0272e57,TRUE,2025-1-1 0:00
436928d3-961f-4c00-9abb-dd4f6e331aa8,b6cb22e1-d94a-4a31-a69c-d7cebd7e2da1,10bbf5a6-0d2a-4f76-9579-c153cfc4542f,41a7b674-be1f-4204-80c5-974f9ba24d39,TRUE,2025-1-1 0:00
d00d948c-ef3c-4833-94e8-c986b5883a93,b5e867d7-e04d-4974-b1dc-1e8d7a45c77f,d859a9f6-ce5f-4e3f-8c72-f7e2030f93ce,63626deb-8fc4-4aec-b953-9613fc3e83f6,TRUE,2025-1-1 0:00
1ee32544-5e67-4546-909f-bedb7b983971,5d6e645a-ca76-4ed6-9c3a-65688ee1dd02,138bec94-c996-4510-895c-6c0af0f6a6fc,5470f3a6-8f98-4587-a430-be88c6b9c0ac,TRUE,2025-1-1 0:00
17a2b30f-7fec-4611-8ee5-6a0710bf8ddf,9aaac6a3-893d-407f-bc56-2440ef3e5e74,5f5560cf-c169-4781-8204-fb75ac3408c8,07c2376a-a737-4f36-bc03-1778dd9b71ec,TRUE,2025-1-1 0:00
093b506b-44fc-4b68-ac0c-3aa8d97977a9,6efcf26f-b96d-467f-b08d-40957a446d85,58a9f4ba-24e6-4caa-940b-e5f062be9214,,TRUE,2025-1-1 0:00
ef92582f-645e-4ad7-bf06-75bc46645da5,5aec5231-9a13-4ec6-b378-d5964efadc4a,1197ce03-96ae-4670-9ef3-28468625cf46,,TRUE,2025-1-1 0:00
437cb4b4-f9ad-416b-9d9d-032d974ae765,f8b3e14e-2a1b-4ca1-a862-ff8ba9e173ca,10bbf5a6-0d2a-4f76-9579-c153cfc4542f,41a7b674-be1f-4204-80c5-974f9ba24d39,TRUE,2025-1-1 0:00
03215b07-8816-4d5c-a00b-0ede6cebaaf5,2181d9cf-6d6b-4078-acee-317b4cc66ce9,1197ce03-96ae-4670-9ef3-28468625cf46,b4d493a3-2cc4-447f-a34c-327107ec2985,TRUE,2025-1-1 0:00
5e4bee97-6a84-415f-b494-39f034e7c0c2,42b424ae-4fe6-499f-8da7-eba2f6369b6b,1197ce03-96ae-4670-9ef3-28468625cf46,21f51f84-c1dd-4478-8fb0-1c10b08829a9,TRUE,2025-1-1 0:00
89fd0192-301b-4931-ba8e-6ca1b9efeb5f,c6e5a3dd-2b86-49aa-b104-e0a6873c8d0a,c4b3c39d-233a-4b8c-94c3-8fb588d7f015,,TRUE,2025-1-1 0:00
cf95f98e-f639-4831-9ae7-24b13c1b9d9c,d38aabdb-219c-4f57-a903-7cc8b78a3158,54babe4f-96f7-4e64-a219-73d52337d179,85148e4b-2e24-4675-8180-d8614d826d13,TRUE,2025-1-1 0:00
a0bc30a1-1470-4e6a-aa69-9ec7cacaa3e1,8d1f2c2b-4dd4-4959-8ec7-375edd59f999,138bec94-c996-4510-895c-6c0af0f6a6fc,5470f3a6-8f98-4587-a430-be88c6b9c0ac,TRUE,2025-1-1 0:00
2618ed59-e236-498c-9535-e91d5a6b6e4a,a7eebaa7-a429-4489-b0f0-1f29b069af63,5f5560cf-c169-4781-8204-fb75ac3408c8,c4e888dd-a15d-461c-83d1-9d2f7a4a3c4b,TRUE,2025-1-1 0:00
f23526b7-d6fa-4993-b550-0e2f87227816,496ce3e5-cf47-4bf4-8874-b4572a97def5,d859a9f6-ce5f-4e3f-8c72-f7e2030f93ce,63626deb-8fc4-4aec-b953-9613fc3e83f6,TRUE,2025-1-1 0:00
dc19a1e3-85be-4fa6-96e9-5f9adbc85a40,a42c35fe-e9bd-42b0-8787-966596a54f97,10bbf5a6-0d2a-4f76-9579-c153cfc4542f,41a7b674-be1f-4204-80c5-974f9ba24d39,TRUE,2025-1-1 0:00
d55503da-73d9-44ce-b754-81186602b92a,5d130317-45b7-4caa-aa92-b38fabf64bd8,33871093-82ae-468b-becb-d5ad477a7b98,647f1864-163b-4b7e-9529-16d0576da166,TRUE,2025-1-1 0:00
57165f69-f5bf-4911-a48f-1c35a58bde0a,757661f5-15bb-4634-87a2-e83e5e4ac1be,4cae38a8-4a2b-4f9f-8e47-c51a8fdab4d6,,TRUE,2025-1-1 0:00
222019f0-3aa8-42d5-b0cc-4a4d6868d3e2,46bdfbfd-5076-4275-808a-0654c0f16d64,470809ae-c5f3-4ba1-9522-fd0972619f7f,c82335ca-73c8-44fb-8e7c-4f7d4965d472,TRUE,2025-1-1 0:00
b8b34c62-f7f9-418a-9d3f-cb6ef0432320,13b02d85-0b21-41df-a42b-a3e69627c361,ecb74426-adfd-416f-90ce-ac1136940e59,5cf414a9-7d0b-4cbc-82e9-54a3dd0b9e26,TRUE,2025-1-1 0:00
6684f9e1-6b33-4214-a3c1-1746633ec556,685e5824-24fc-4845-b14b-c910e3724267,99a7aaba-40a8-48e3-b8f9-a0d489cfb213,b2f2b003-2222-4b2b-bbbb-222222222223,TRUE,2025-1-1 0:00
7b1359ff-b0cd-40f9-a674-3f9a8933eb30,c7b53088-088e-47c7-880c-33fff141f5cc,ecb74426-adfd-416f-90ce-ac1136940e59,a0f45e64-d974-4ed8-99b7-5fe52a283bc9,TRUE,2025-1-1 0:00
3a2566c2-0486-49f7-a1aa-3ed643b34164,0c1a24dd-8ba8-49c0-9201-209dcec335ff,10f25068-4e34-42ca-94b3-96f5288b82ea,2d521cc1-4bc3-4df8-89ba-f75bebaf897b,TRUE,2025-1-1 0:00
ab13fcf4-5030-4ae1-bc7c-e5ac2555e59e,513980c6-0171-4aff-a7f3-b55f1a3e291d,c0bae7dc-ef7b-4a8b-99fd-c1c1de3a9ed2,d493879f-f5cc-4c9a-bfbd-78a96a34b900,TRUE,2025-1-1 0:00
6cfbfe24-a864-4075-a390-5a8bc3db5dc8,9ed14b2b-c050-40f4-a1be-9a0681fc1fcf,c0bae7dc-ef7b-4a8b-99fd-c1c1de3a9ed2,6c9a8c6f-47b7-4e20-b7ec-56eaa99fabda,TRUE,2025-1-1 0:00
a9969140-b804-4ea8-a44e-1cad26ab1c9e,306adbb9-1cd9-4b86-a202-0cdd8351a725,1197ce03-96ae-4670-9ef3-28468625cf46,21f51f84-c1dd-4478-8fb0-1c10b08829a9,TRUE,2025-1-1 0:00
577c1716-333f-4627-a439-6bd91091af6f,ac9a69a5-6742-4c61-a0fc-357ffaacb990,2032ce41-47d8-4fdd-91e0-981b8b21c9d0,,TRUE,2025-1-1 0:00
d9a0afb1-98bc-41fa-98ac-2b1392b7a197,dea2856c-266c-404b-ba9a-660bf0018d47,d68337a9-9103-4131-b0d9-6daf3f5eaf40,,TRUE,2025-1-1 0:00
ae744443-798b-4315-9a5d-c3e8e37e4df8,6e7e1589-f738-4d22-98b1-15f122e473ce,138bec94-c996-4510-895c-6c0af0f6a6fc,aa2ac8a6-12e0-4e15-8fc6-3ce47a710a51,TRUE,2025-1-1 0:00
8970bde5-38bd-493f-8058-9c055f87b36c,1984c3e0-e84b-4f1b-9983-778f9dfd90fc,138bec94-c996-4510-895c-6c0af0f6a6fc,d1d4d95c-2df5-4126-8033-d0a652c4d8b3,TRUE,2025-1-1 0:00
fcc3a3fa-8e07-4c4f-bef5-fabd1227c917,fa32c4a3-f72f-4edc-85d4-51bde717a0a9,1197ce03-96ae-4670-9ef3-28468625cf46,b4d493a3-2cc4-447f-a34c-327107ec2985,TRUE,2025-1-1 0:00
01776902-571d-4f66-8616-83886559fa59,add4ca64-cde4-4c81-8e58-d521d898372b,343841d6-b938-4b7d-8523-23d25aa1eeb5,8c1d63cc-3124-4fe9-9b77-352979659082,TRUE,2025-1-1 0:00
13116043-f433-413a-bf61-bdfe1cf90269,a39cf9a7-18eb-40d7-a536-ac1a43690702,10f25068-4e34-42ca-94b3-96f5288b82ea,e6557dc4-26ce-465e-9ae9-3cc02c70fbc1,TRUE,2025-1-1 0:00
8f3eda30-6f5b-4b6e-a05a-811705542219,9c4c8994-4d2e-45ee-98ff-0dc08f89f6dc,70f60247-60d3-4bce-87a8-ef397833ede6,2d521cc1-4bc3-4df8-89ba-f75bebaf897b,TRUE,2025-1-1 0:00
18bfc365-8a3a-4725-9a94-4e00a9609cfd,11ec541c-8d14-4ee5-ba4c-dabf82387746,10bbf5a6-0d2a-4f76-9579-c153cfc4542f,41a7b674-be1f-4204-80c5-974f9ba24d39,TRUE,2025-1-1 0:00
d10506eb-f240-49e9-8e5e-39f1dc6a3ac9,e82dbdfb-34d6-4427-99f1-7334e55a59eb,138bec94-c996-4510-895c-6c0af0f6a6fc,5470f3a6-8f98-4587-a430-be88c6b9c0ac,TRUE,2025-1-1 0:00
7b3eaf90-9ca1-43d5-a5e1-0c7a411b4ce1,4a4b2be6-742f-4690-bdb4-7f307761ef4c,5f917eec-d4dc-40cb-94dd-b3272db3f858,2489267c-9b73-4948-a360-81d6ae8f9a8e,TRUE,2025-1-1 0:00
c41b03dd-a8f1-4b7d-b500-9f5122b6c58e,ec3f96f0-08fb-4e9f-8c7f-890d7128c6b5,8dcc57a0-79ac-45dd-9db0-efb3d1fd5299,e8840113-28f3-4d0b-8d73-9f513c624c2a,TRUE,2025-1-1 0:00
04b1bdaf-f19b-4817-9eaa-be0db6564a3c,b30cf2fe-a449-40e7-9afa-3ce7a29cf2ec,99a7aaba-40a8-48e3-b8f9-a0d489cfb213,b2f2b004-2222-4b2b-bbbb-222222222224,TRUE,2025-1-1 0:00
f6932498-244e-411d-ae62-29d9a6c5921d,7a48f43c-7ccb-480c-8b26-77c5994cb82e,d6a47d18-5c17-48fb-9992-be67d2da891b,7b6fdef2-6539-4266-84d2-100fb6a30fd2,TRUE,2025-1-1 0:00
a50acb47-6cc2-4075-ba33-539148f4bcb4,6e313ad1-9e12-4d70-853a-944f567a0acb,4ee5e694-5d88-4a9b-ba2e-eecf653807e1,,TRUE,2025-1-1 0:00
b761be54-c029-40fd-971d-1ec8bdfa241f,3cac3d1d-27d2-4009-8a0f-9cd03a389407,ecb74426-adfd-416f-90ce-ac1136940e59,,TRUE,2025-1-1 0:00
8c7d2f94-0193-4f2e-a86d-da0d194e2b50,0646a3ac-eaf3-406e-ac72-d59fddb63b78,ecb74426-adfd-416f-90ce-ac1136940e59,8efb3f1b-df47-4567-ae54-340777480d16,TRUE,2025-1-1 0:00
76518f96-3550-433f-acb1-33f8cea0c60b,c4c6e592-e9bc-4518-b791-482f31803ead,10f25068-4e34-42ca-94b3-96f5288b82ea,e6557dc4-26ce-465e-9ae9-3cc02c70fbc1,TRUE,2025-1-1 0:00
c7d44794-2b6c-4982-8666-01715a626e85,b99cc638-61d0-49c1-ba47-9fbd822a1ccf,33871093-82ae-468b-becb-d5ad477a7b98,647f1864-163b-4b7e-9529-16d0576da166,TRUE,2025-1-1 0:00
73064c6b-f718-4440-8fd7-805e468c367c,91dd4711-5e07-4a7e-8a75-d8384fc158b9,1197ce03-96ae-4670-9ef3-28468625cf46,21f51f84-c1dd-4478-8fb0-1c10b08829a9,TRUE,2025-1-1 0:00
2cbd8600-de18-4f3e-8dac-147012d4216f,3b4bb16e-1882-4bbf-b79f-0ffd13491af4,ecb74426-adfd-416f-90ce-ac1136940e59,a0f45e64-d974-4ed8-99b7-5fe52a283bc9,TRUE,2025-1-1 0:00
b86c5938-897a-4c50-a97e-f7fabd32ed26,5e12d3d4-5738-4955-94e3-03608f6a6ab8,138bec94-c996-4510-895c-6c0af0f6a6fc,5470f3a6-8f98-4587-a430-be88c6b9c0ac,TRUE,2025-1-1 0:00
04dde03c-31dd-453b-9ef2-dbe96681cdb4,3ae8b196-9e9d-443e-b1e5-df65526686e3,ecb74426-adfd-416f-90ce-ac1136940e59,702e83c8-bbc0-4a74-80d5-91db1f72785d,TRUE,2025-1-1 0:00
55f9fba2-9347-47bd-a025-cb18bca21e9c,146c0b9a-7f1a-4349-acbb-9e635b67f0ed,343841d6-b938-4b7d-8523-23d25aa1eeb5,,TRUE,2025-1-1 0:00
22006348-446a-4f34-ac45-a7b49fe17231,668b8c49-6dd3-4e0d-ab5a-1ae6a0e1829d,c4b3c39d-233a-4b8c-94c3-8fb588d7f015,,TRUE,2025-1-1 0:00
874c5603-bc71-454a-aeab-f67986d85d36,f3a87cae-1f95-490d-9dbc-8f0759a06895,4081baaa-071b-45f4-a25d-ac5121bfccc7,2c0cf7ad-c480-4428-84c9-37060a9a0a37,TRUE,2025-1-1 0:00
23731828-1137-4451-8675-97bd83fcc952,58e082bd-8ad9-4ee9-92ca-be29f3892f4b,1197ce03-96ae-4670-9ef3-28468625cf46,21f51f84-c1dd-4478-8fb0-1c10b08829a9,TRUE,2025-1-1 0:00
258707a0-cd89-4479-999c-60e37991b4dc,5ac44d91-d7c0-4ddb-ba5c-e152d8954bf7,ecb74426-adfd-416f-90ce-ac1136940e59,5cf414a9-7d0b-4cbc-82e9-54a3dd0b9e26,TRUE,2025-1-1 0:00
f0280dd0-c8bf-4290-87e5-fb14e171c4e1,be84dd74-61cb-46bf-b3a8-953d79be7933,1197ce03-96ae-4670-9ef3-28468625cf46,,TRUE,2025-1-1 0:00
44f9787b-5be2-4338-a52c-a06494dced1f,a1396a46-d38e-4e0b-877e-7e0fd55be66a,c0bae7dc-ef7b-4a8b-99fd-c1c1de3a9ed2,d493879f-f5cc-4c9a-bfbd-78a96a34b900,TRUE,2025-1-1 0:00
d278563a-77e2-4d49-9f67-4c2e4521577d,368e80d9-3ba0-46d2-9979-67cbdb69ce6f,5f5560cf-c169-4781-8204-fb75ac3408c8,c4e888dd-a15d-461c-83d1-9d2f7a4a3c4b,TRUE,2025-1-1 0:00
c35d87ba-3c9e-4573-808d-c734825b6190,0db4c3ee-7282-42aa-be41-21732c3658b6,4cae38a8-4a2b-4f9f-8e47-c51a8fdab4d6,bb2a9857-6b24-4d60-a41d-dbd92eeab1b8,TRUE,2025-1-1 0:00
6843bd8e-5467-4c2e-82f4-c9d215081932,3f29e1a8-d818-4cc7-ae35-d92c4bcfa357,470809ae-c5f3-4ba1-9522-fd0972619f7f,d1d4d95c-2df5-4126-8033-d0a652c4d8b3,TRUE,2025-1-1 0:00
d6d3f330-7f9b-448f-8958-81659ad20af6,a5e859b4-6b8c-4036-b87b-04a4cb2b0181,1197ce03-96ae-4670-9ef3-28468625cf46,21f51f84-c1dd-4478-8fb0-1c10b08829a9,TRUE,2025-1-1 0:00
2068667b-b315-4fb5-8ce2-e7d22f8843d4,49b564d1-e211-41fb-901b-bc102d9bea80,10bbf5a6-0d2a-4f76-9579-c153cfc4542f,41a7b674-be1f-4204-80c5-974f9ba24d39,TRUE,2025-1-1 0:00
86508f1f-4394-4269-a674-6e7587b764ff,f75aaa41-acce-4021-99a0-070a49650240,a3ae9791-1572-4564-a7b7-b17e5824951c,,TRUE,2025-1-1 0:00
08653b99-8e7e-43bf-b319-6fc916127587,e2d6be80-968a-41d6-985c-3d1526410c64,10bbf5a6-0d2a-4f76-9579-c153cfc4542f,,TRUE,2025-1-1 0:00
f950027c-916a-475a-b12a-296d13037103,4412b726-961e-4fd1-8338-a5b8552490bc,10bbf5a6-0d2a-4f76-9579-c153cfc4542f,,TRUE,2025-1-1 0:00
6e7e6bf3-2b39-4c6d-a045-ee89bb8a0fb1,ffc26e8a-e1ca-436f-86c0-8947b436fd79,c0bae7dc-ef7b-4a8b-99fd-c1c1de3a9ed2,d493879f-f5cc-4c9a-bfbd-78a96a34b900,TRUE,2025-1-1 0:00
8875580c-00af-43cc-941b-83e3850a393d,7e6708bc-282e-4db5-b896-947f0d407cb2,4ee5e694-5d88-4a9b-ba2e-eecf653807e1,,TRUE,2025-1-1 0:00
6a326c23-a68d-4429-af82-8bd3b653de8d,63e8fcdd-17af-4413-8cd1-39e2012795b1,5f917eec-d4dc-40cb-94dd-b3272db3f858,b1aaab67-e072-48b8-8c61-539917206eec,TRUE,2025-1-1 0:00
b8c87cc5-51e1-48c4-b1d4-770d1416f5c5,b92f6992-01e1-4a17-ae71-059cf3c0f4c5,c0bae7dc-ef7b-4a8b-99fd-c1c1de3a9ed2,6c9a8c6f-47b7-4e20-b7ec-56eaa99fabda,TRUE,2025-1-1 0:00
f0a39f90-b096-4d94-93e2-97617a4a0a6b,9cb52bae-6893-483a-9614-22be48d7030a,c0bae7dc-ef7b-4a8b-99fd-c1c1de3a9ed2,d493879f-f5cc-4c9a-bfbd-78a96a34b900,TRUE,2025-1-1 0:00
694f31a0-8596-4a70-81ca-074d6f2a3f91,06b6e3d7-2a69-4879-8453-d20a2e06ac72,c0bae7dc-ef7b-4a8b-99fd-c1c1de3a9ed2,d493879f-f5cc-4c9a-bfbd-78a96a34b900,TRUE,2025-1-1 0:00
e2f042aa-00e5-4fb2-b83a-f1d571d313a8,4dba6b15-ff3f-4c41-8b51-0946518c35ab,5f917eec-d4dc-40cb-94dd-b3272db3f858,2489267c-9b73-4948-a360-81d6ae8f9a8e,TRUE,2025-1-1 0:00
45e5a405-62f3-48a5-b7a4-03d079f02054,1aee7828-e8ca-4951-b955-3d272a66dbc4,8dcc57a0-79ac-45dd-9db0-efb3d1fd5299,e8840113-28f3-4d0b-8d73-9f513c624c2a,TRUE,2025-1-1 0:00
f4e7ccb1-5b41-49f2-8b17-b4591e17dc87,641d1345-19c9-4711-89e0-b9bd5db58643,8dcc57a0-79ac-45dd-9db0-efb3d1fd5299,e8840113-28f3-4d0b-8d73-9f513c624c2a,TRUE,2025-1-1 0:00
cb6c483f-a49a-44bf-a5e8-df6a11d5cca1,e22fba63-c32b-4be4-8707-c42476609842,10f25068-4e34-42ca-94b3-96f5288b82ea,,TRUE,2025-1-1 0:00
65103dc3-67b4-4324-841e-000e154840d4,9d3c202d-9381-4147-92a2-c889ecd68121,138bec94-c996-4510-895c-6c0af0f6a6fc,d1d4d95c-2df5-4126-8033-d0a652c4d8b3,TRUE,2025-1-1 0:00
5eee1784-76db-4884-82e8-af7ab6327b21,f73cf74b-e2d3-469e-959f-52fc1a245bce,8dcc57a0-79ac-45dd-9db0-efb3d1fd5299,,TRUE,2025-1-1 0:00
ed639aa2-f453-4325-9545-bcf15885ce2a,2ab72a84-be1d-4f96-bfc6-cbf4113c345d,2032ce41-47d8-4fdd-91e0-981b8b21c9d0,,TRUE,2025-1-1 0:00
468e860e-1a5c-4918-ac5a-d4565802b993,f90c3450-c059-4971-afde-fa199ffc1790,8fc98f56-9662-45f7-8bd6-86a56e2142d1,,TRUE,2025-1-1 0:00
337b9707-565a-46fd-9a4f-50675334dd59,8ffc9f7a-c3a4-404a-8794-b81f3fa7176d,1197ce03-96ae-4670-9ef3-28468625cf46,21f51f84-c1dd-4478-8fb0-1c10b08829a9,TRUE,2025-1-1 0:00
9bd4dd2c-a1ad-497e-9ddb-e8d5cbf02e8d,2bded616-68d1-448d-ae54-1bcf470b058f,470809ae-c5f3-4ba1-9522-fd0972619f7f,d1d4d95c-2df5-4126-8033-d0a652c4d8b3,TRUE,2025-1-1 0:00
1f5e1a29-aa03-49a6-b3dd-f40d7179c42f,61a026f1-84fe-4e23-981c-dc964514ca67,c0bae7dc-ef7b-4a8b-99fd-c1c1de3a9ed2,d493879f-f5cc-4c9a-bfbd-78a96a34b900,TRUE,2025-1-1 0:00
32e5ec2b-1fd2-4acf-bf8f-2241e5e4d8a4,d39d234b-6ab8-4219-809e-d08dcb0e0f25,4ee5e694-5d88-4a9b-ba2e-eecf653807e1,,TRUE,2025-1-1 0:00
57c69710-0493-4685-bc8d-8853bdbf7f74,5e827729-112a-49f4-8575-eb8cfc74b271,d859a9f6-ce5f-4e3f-8c72-f7e2030f93ce,63626deb-8fc4-4aec-b953-9613fc3e83f6,TRUE,2025-1-1 0:00
1fe22c75-4544-48c7-8bea-85000d3e2eb7,72e6add9-4743-4221-8a37-504502dbca6b,2032ce41-47d8-4fdd-91e0-981b8b21c9d0,,TRUE,2025-1-1 0:00
ece45032-3df9-47c6-a4b3-afc97fb22c4b,8bda802f-25a5-4d3b-a073-e775b8254f4d,c0bae7dc-ef7b-4a8b-99fd-c1c1de3a9ed2,a11031c8-c160-488b-ae57-59320f8e85fa,TRUE,2025-1-1 0:00
92d00c34-8cc3-46d0-861e-3c790811b0f5,ad2f745b-ddda-4165-b428-6274b3a3294c,5f917eec-d4dc-40cb-94dd-b3272db3f858,ad3bee99-7863-4b55-aa09-b9754b160c47,TRUE,2025-1-1 0:00
a4225c13-2246-4b76-9b1d-4e979c4f7c7c,26e419c5-022d-401b-81b0-e1c58f24aa39,10f25068-4e34-42ca-94b3-96f5288b82ea,2d521cc1-4bc3-4df8-89ba-f75bebaf897b,TRUE,2025-1-1 0:00
1170408a-f7ee-4223-ad06-1b1437d2f5ff,ee22ea13-04d5-4669-b113-1ee8a1c679f7,4cae38a8-4a2b-4f9f-8e47-c51a8fdab4d6,5890126b-c352-4df7-8341-1ac685154844,TRUE,2025-1-1 0:00
4e8a7f86-27ab-4961-8374-56c27530e0da,dbe4e874-1e0a-44f1-9c88-23243a97f81d,a3ae9791-1572-4564-a7b7-b17e5824951c,,TRUE,2025-1-1 0:00
ae134631-8f3e-4159-a1ac-1afd42e65cd7,7b1471a1-c276-4f1c-9750-efa7cf61e6f1,10bbf5a6-0d2a-4f76-9579-c153cfc4542f,41a7b674-be1f-4204-80c5-974f9ba24d39,TRUE,2025-1-1 0:00
8d649f9a-b5e4-4ef2-937c-0ec53438b928,285a8087-2909-4baa-b959-149231119cea,70f60247-60d3-4bce-87a8-ef397833ede6,2d521cc1-4bc3-4df8-89ba-f75bebaf897b,TRUE,2025-1-1 0:00
ab67c8c0-0df0-44e7-8c3a-3dffb2527b65,7d4c71df-a292-4891-88e5-5beda4329583,1197ce03-96ae-4670-9ef3-28468625cf46,21f51f84-c1dd-4478-8fb0-1c10b08829a9,TRUE,2025-1-1 0:00
0f6805e6-89b8-437a-b8d4-12a70cda6796,c1719752-43d5-4d87-bc55-62bed966380d,1197ce03-96ae-4670-9ef3-28468625cf46,,TRUE,2025-1-1 0:00
91dd18b6-3ecf-49ac-b40b-e9cebabd84ee,757c944a-c4f9-4134-9add-083e6a6d56fd,5f917eec-d4dc-40cb-94dd-b3272db3f858,b1aaab67-e072-48b8-8c61-539917206eec,TRUE,2025-1-1 0:00
aee598c9-f4e8-4e4f-8178-9a4a0e2d9de9,4e56972b-761c-4f40-9a9f-7f636ecd4200,138bec94-c996-4510-895c-6c0af0f6a6fc,266323bf-18db-4486-a7d4-a597c5d828ff,TRUE,2025-1-1 0:00
7cc8eb26-15ea-4101-8dd6-7f096e414664,da3d6166-4173-4a53-99bd-458944546172,93813225-2cbe-4d50-8943-423d4338776a,23857ab3-ff9c-485c-acea-a192c6d504c9,TRUE,2025-1-1 0:00
9b688b29-148c-4f61-aeca-aed0c2d62de4,33e33b88-95cc-4c7c-86f6-bb90ba44b957,8dcc57a0-79ac-45dd-9db0-efb3d1fd5299,e8840113-28f3-4d0b-8d73-9f513c624c2a,TRUE,2025-1-1 0:00
f72b723a-a15d-427d-8845-366d6d13ed37,22315914-73c8-4e93-bffa-3e10e9040df0,343841d6-b938-4b7d-8523-23d25aa1eeb5,39478e69-751f-45a6-88b2-fd08bf1e80a2,TRUE,2025-1-1 0:00
d9b339f3-95f0-4bd8-9337-0c4441a6b0a0,f14dff5b-0538-465c-bc0c-d69cd2276f8e,a2af5b73-0d5f-4819-8bac-acbdaa32952f,a35c2963-6eb2-49ab-8d40-7ece7e1346eb,TRUE,2025-1-1 0:00
c45b47d6-de63-44cc-a53b-338fd3b9e740,75039b3b-5884-4db7-802a-1aaa9e74a3ec,33871093-82ae-468b-becb-d5ad477a7b98,,TRUE,2025-1-1 0:00
60f594b2-ac7d-4f0e-a6be-c09ef09e6836,6e8ec2e7-0bdf-4dcd-a470-1796fecfca0e,ecb74426-adfd-416f-90ce-ac1136940e59,8efb3f1b-df47-4567-ae54-340777480d16,TRUE,2025-1-1 0:00
b1179506-8183-4f18-b0fe-577d0cec6090,a98ca601-52f4-442e-88f0-472b1708df1d,33871093-82ae-468b-becb-d5ad477a7b98,,TRUE,2025-1-1 0:00
1f524d83-ca12-4cda-a9d7-89fe49b52fb2,eeb9d325-2e52-4a03-94b8-9a670ad67ec2,bd05a5ba-f1c0-4097-93c5-1a06a55ffc29,,TRUE,2025-1-1 0:00
1edf7a52-749a-4bad-84e5-61fd3f4a23dd,2341d0f7-22a2-42e5-9bff-ec9b7adfb974,5f917eec-d4dc-40cb-94dd-b3272db3f858,b1aaab67-e072-48b8-8c61-539917206eec,TRUE,2025-1-1 0:00
166ca4fd-321f-40ea-b523-df5d5ceb2e1b,9972b15c-9e05-4cc9-b316-2f83608ae522,138bec94-c996-4510-895c-6c0af0f6a6fc,266323bf-18db-4486-a7d4-a597c5d828ff,TRUE,2025-1-1 0:00
8665c9c3-bc57-4abc-9703-e21297e1e63e,06150d99-d60c-4ac0-8c8f-85c06d1db882,1197ce03-96ae-4670-9ef3-28468625cf46,21f51f84-c1dd-4478-8fb0-1c10b08829a9,TRUE,2025-1-1 0:00
18ce68b4-b804-4d00-aa51-04ab49e050ab,076f9595-f226-4efe-addd-f5ed721a824d,1197ce03-96ae-4670-9ef3-28468625cf46,21f51f84-c1dd-4478-8fb0-1c10b08829a9,TRUE,2025-1-1 0:00
bbaadb20-9a32-492c-9af8-40062681a1a7,aed4ba4a-1cd7-40f2-a2f3-9e984cfa41a7,33871093-82ae-468b-becb-d5ad477a7b98,ddabb18e-7453-4430-9ce3-a06f3326cbde,TRUE,2025-1-1 0:00
be8fbe8d-6510-4258-a7c4-fc3201497234,775e0274-77e9-4ad4-8bfb-c06aa4769738,1197ce03-96ae-4670-9ef3-28468625cf46,21f51f84-c1dd-4478-8fb0-1c10b08829a9,TRUE,2025-1-1 0:00
3b82ae1b-c965-49af-9675-7d085569adab,8f1e19a6-2f62-4caf-9650-4515099fd387,778fc1c9-c1e1-4135-b04e-4a1d9531ee28,,TRUE,2025-1-1 0:00
7206d778-3255-47ff-a939-3c8349350e46,aa385e8a-8282-4a6b-ba9e-0f4687c5521b,470809ae-c5f3-4ba1-9522-fd0972619f7f,c82335ca-73c8-44fb-8e7c-4f7d4965d472,TRUE,2025-1-1 0:00
63a494dd-5a20-4806-bb37-0459a51bae22,6bedb6b8-7dce-47de-b44e-d8e064f19564,343841d6-b938-4b7d-8523-23d25aa1eeb5,39478e69-751f-45a6-88b2-fd08bf1e80a2,TRUE,2025-1-1 0:00
f2fcaaba-a27c-4dd9-bb5f-f060da265405,4de1a6a0-2773-413e-8c96-0f0b26d0c816,2a186b71-b6dd-44ce-affb-88b8d16eb578,6898215c-6350-4a2f-b42d-94e3e1d041aa,TRUE,2025-1-1 0:00
597ab7db-5e97-4c5c-aeee-2c6e5e3040e2,6f207baf-467a-4bc9-9d03-bde54065a98c,138bec94-c996-4510-895c-6c0af0f6a6fc,d1d4d95c-2df5-4126-8033-d0a652c4d8b3,TRUE,2025-1-1 0:00
7c372403-49df-483d-8490-1c0e9e270e5c,f499f3af-585e-42f3-8e89-14cdcc13fd6b,4081baaa-071b-45f4-a25d-ac5121bfccc7,,TRUE,2025-1-1 0:00
90d9e941-db5d-45d2-b5ca-9e0048fadc15,09b8df2f-b30f-498f-b8f6-92d468d6540b,254fb67f-3428-43b2-9dfb-c01553f7a6d1,b5f5e003-5555-4e5e-eeee-555555555553,TRUE,2025-1-1 0:00
6e08d032-1da4-400f-b722-cdc686065e14,674336f4-d914-409b-a647-fb25d34bf997,70f60247-60d3-4bce-87a8-ef397833ede6,2d521cc1-4bc3-4df8-89ba-f75bebaf897b,TRUE,2025-1-1 0:00
6c411d34-8e11-4147-a9c8-0bf6fa2d2cf6,e31242a1-2af2-4f86-9d6c-d03bf00a4344,10f25068-4e34-42ca-94b3-96f5288b82ea,2d521cc1-4bc3-4df8-89ba-f75bebaf897b,TRUE,2025-1-1 0:00
d470536e-8d49-4b10-a5c0-87e9cfd0ac4f,3c04ecc6-758e-4309-9772-ea49ae30fc60,d57f11d3-f03a-49bf-905e-131a223352cd,af030f0d-629b-4fc2-a83d-2a5117a4a7e3,TRUE,2025-1-1 0:00
62226761-608c-46e3-85ad-774cbd0f187d,82f31048-406f-4d7f-a046-99ec10729294,ecb74426-adfd-416f-90ce-ac1136940e59,b1f1a003-1111-4a1b-aaaa-111111111113,TRUE,2025-1-1 0:00
db8adb87-b3ab-4812-9afd-5e4d485a6b3f,7e62eaf4-e82d-4412-8156-99b31f23d11a,8fc98f56-9662-45f7-8bd6-86a56e2142d1,,TRUE,2025-1-1 0:00
a6da6581-e861-42bc-9158-70bb82443036,6e904355-935b-417a-afc4-1c1ee02f6c6e,d57f11d3-f03a-49bf-905e-131a223352cd,49720e2e-bd94-4072-8816-4b2dc97902ed,TRUE,2025-1-1 0:00
46a0d34a-79fb-4f96-87fd-66eec82d4165,fa9766ba-6af1-4fe6-9226-2e0127fed0dd,138bec94-c996-4510-895c-6c0af0f6a6fc,d1d4d95c-2df5-4126-8033-d0a652c4d8b3,TRUE,2025-1-1 0:00
d2f42042-2a1c-4a52-b154-4a437c9e2ebf,a2806baa-5276-4330-88f9-157074983c9e,5f917eec-d4dc-40cb-94dd-b3272db3f858,2489267c-9b73-4948-a360-81d6ae8f9a8e,TRUE,2025-1-1 0:00
83eee7c5-6acf-4c94-b05b-b24be513d447,ca92bdd1-644b-4fc3-b09c-96bb1b3a73f8,d57f11d3-f03a-49bf-905e-131a223352cd,ca9c9a7f-95cb-45c5-8668-628ddcc6c673,TRUE,2025-1-1 0:00
e1f4befa-0483-48bc-baf8-850b76e11f0f,4a8e40e2-1a1a-4772-91db-67b726796311,5f5560cf-c169-4781-8204-fb75ac3408c8,49720e2e-bd94-4072-8816-4b2dc97902ed,TRUE,2025-1-1 0:00
d1385fc9-d98b-4dd2-8a29-ca565c1a2f49,0998e044-04d4-450d-84a4-ee3c9202c54a,138bec94-c996-4510-895c-6c0af0f6a6fc,d1d4d95c-2df5-4126-8033-d0a652c4d8b3,TRUE,2025-1-1 0:00
5becb27e-a283-4670-85ef-0bc05a4b80c5,2c933293-67d1-4607-942f-368e051b750f,1197ce03-96ae-4670-9ef3-28468625cf46,,TRUE,2025-1-1 0:00
10ade41e-c794-4dd7-bd0c-bc42f6229af1,e99d0859-5f5c-44b7-ac06-667d0a2369b9,5f917eec-d4dc-40cb-94dd-b3272db3f858,ad3bee99-7863-4b55-aa09-b9754b160c47,TRUE,2025-1-1 0:00
0c398bf1-d9a8-4ed8-b05a-7ed0efe2ec80,218c53f0-6e82-4f96-99ff-3c2eb52272e3,4cae38a8-4a2b-4f9f-8e47-c51a8fdab4d6,bb2a9857-6b24-4d60-a41d-dbd92eeab1b8,TRUE,2025-1-1 0:00
aa756043-96ce-4006-b35c-00cf4b469f54,1e28de06-db80-4a2c-aaa8-030a7d216912,5c249092-11b0-47dc-81ba-1a905c6f45aa,532a6a94-bb92-4ce2-be3e-177bd1e04573,TRUE,2025-1-1 0:00
49417518-e51e-4e1d-8db5-84ebbefb1b56,f343d665-d06c-4faa-8187-ad6e20892009,ecb74426-adfd-416f-90ce-ac1136940e59,a0f45e64-d974-4ed8-99b7-5fe52a283bc9,TRUE,2025-1-1 0:00
eca1530f-b72a-4230-b652-885f5bbdef4d,4f2a1151-2589-40f8-af5b-e54701367688,4081baaa-071b-45f4-a25d-ac5121bfccc7,,TRUE,2025-1-1 0:00
f45ae4a9-7cf4-470c-aa5c-4033083e2da7,5daa71f2-08a5-43cc-89e1-635c356945e4,5c249092-11b0-47dc-81ba-1a905c6f45aa,532a6a94-bb92-4ce2-be3e-177bd1e04573,TRUE,2025-1-1 0:00
f1bb8686-64a7-4908-b0d8-efa15fc44f7b,ba806bbb-f5c0-4134-ab42-4c8563b70467,138bec94-c996-4510-895c-6c0af0f6a6fc,aa2ac8a6-12e0-4e15-8fc6-3ce47a710a51,TRUE,2025-1-1 0:00
9cbdfbfc-3128-41df-92f1-0e1ab8321cd0,66e3a60e-b5dc-4f9c-b0df-26bd3798f3c6,138bec94-c996-4510-895c-6c0af0f6a6fc,aa2ac8a6-12e0-4e15-8fc6-3ce47a710a51,TRUE,2025-1-1 0:00
2f2de719-7afa-4cd9-a1b0-96bfde542083,4005711e-07a2-45cc-8977-01fb3982dfef,138bec94-c996-4510-895c-6c0af0f6a6fc,aa2ac8a6-12e0-4e15-8fc6-3ce47a710a51,TRUE,2025-1-1 0:00
20262680-9c10-4fc7-acae-15b5344dabf8,c589e3a2-f85f-4f10-b8e3-7046fa1cc8a7,343841d6-b938-4b7d-8523-23d25aa1eeb5,8c1d63cc-3124-4fe9-9b77-352979659082,TRUE,2025-1-1 0:00
21d7ea42-ce69-4adc-9cd6-fea75723babf,a0a00897-4556-4e9f-b321-063241732b52,4081baaa-071b-45f4-a25d-ac5121bfccc7,,TRUE,2025-1-1 0:00
fdc94d93-f291-42f0-903d-612af630e279,a6bad5c6-1430-47a0-a43d-c2476108cd24,8dcc57a0-79ac-45dd-9db0-efb3d1fd5299,e8840113-28f3-4d0b-8d73-9f513c624c2a,TRUE,2025-1-1 0:00
28bf5fa4-a0bf-4777-b81d-6344de21cbf0,9e2822ea-83fc-4841-9333-0250b98b5eb1,8dcc57a0-79ac-45dd-9db0-efb3d1fd5299,e8840113-28f3-4d0b-8d73-9f513c624c2a,TRUE,2025-1-1 0:00
1e5cc85e-1056-448b-a183-c02a6599346f,b062b012-f72d-44bb-ad21-d0a179942482,5c249092-11b0-47dc-81ba-1a905c6f45aa,dd36eb28-6b48-4071-aa16-f4fbaf70315e,TRUE,2025-1-1 0:00
e901c40f-bfb0-411c-ac26-ce6f0cdecbdd,d0ba7ddc-8dad-46b9-879f-1b41cf94484a,c0bae7dc-ef7b-4a8b-99fd-c1c1de3a9ed2,d493879f-f5cc-4c9a-bfbd-78a96a34b900,TRUE,2025-1-1 0:00
8e50a904-2f65-4be1-917c-b8b269771165,aa9824ad-16d7-4803-ab6c-5fb84749e960,4ee5e694-5d88-4a9b-ba2e-eecf653807e1,,TRUE,2025-1-1 0:00
184139d1-9f70-4caf-a609-8daa7b25b9a2,4d7c5f23-550b-4ec4-8bd9-e08d5c620d6d,5f5560cf-c169-4781-8204-fb75ac3408c8,b2466f6e-39bf-4dad-ac7c-770e2dba5c0b,TRUE,2025-1-1 0:00
50693666-aa96-4afd-bf49-3a9e224940e9,4d6bbe5d-c539-4253-8e3d-f9d65f2d9cf8,ecb74426-adfd-416f-90ce-ac1136940e59,702e83c8-bbc0-4a74-80d5-91db1f72785d,TRUE,2025-1-1 0:00
b401cd30-61a1-4a76-88d7-a78d0c66aa39,f4cbd01c-5086-423e-a1f6-435dcf73faee,6ac0227c-3313-4551-b93f-6d37821bb3b6,,TRUE,2025-1-1 0:00
8b55b8fa-8ae9-4608-9d0f-7b93bb67142f,c5aeca23-f605-4353-9da3-4553879fe767,343841d6-b938-4b7d-8523-23d25aa1eeb5,,TRUE,2025-1-1 0:00
50ad6581-9f62-41c1-8197-4ed550f5ff01,c9b0683f-b9b0-4990-b9a5-cc0aac1a7339,d6a47d18-5c17-48fb-9992-be67d2da891b,7b6fdef2-6539-4266-84d2-100fb6a30fd2,TRUE,2025-1-1 0:00
63ddf19e-6bdf-445f-8af8-af10dd1509bc,820ee065-bd1e-4f26-bfab-9921c1de5e27,5f5560cf-c169-4781-8204-fb75ac3408c8,c4e888dd-a15d-461c-83d1-9d2f7a4a3c4b,TRUE,2025-1-1 0:00
8cb4e98b-7d14-45b5-b789-983a9c3bc7e6,601c379d-c035-4344-8031-fd154696ae58,470809ae-c5f3-4ba1-9522-fd0972619f7f,0f1d8c04-97b9-4843-9872-3e78a0272e57,TRUE,2025-1-1 0:00
b52e1d96-4739-43ec-951f-a597f6909d86,98ead1d7-7791-4749-b637-de01bcbd79fc,1197ce03-96ae-4670-9ef3-28468625cf46,21f51f84-c1dd-4478-8fb0-1c10b08829a9,TRUE,2025-1-1 0:00
dec33eab-ee0c-48ab-ba98-d71943f91d1f,264da3ef-6936-4ac7-aedd-dca2124bfaf7,ff1a36e5-3931-487f-8837-3e24af030706,0c678f67-2bdb-4a35-9857-36249d7d66a9,TRUE,2025-1-1 0:00
d36ef1ef-7c3d-45d4-9f03-d57a429cb294,2420d57d-00d0-4bc8-83d3-b2630b0d89ce,99a7aaba-40a8-48e3-b8f9-a0d489cfb213,d493879f-f5cc-4c9a-bfbd-78a96a34b900,TRUE,2025-1-1 0:00
66ae8984-5667-4222-a909-a4e7399221ca,55023b30-eb85-4665-b9de-42e3ddab86a5,e5fcf8a7-cb34-4278-8082-a63b9d1856a9,183b53c1-251e-4d71-84ff-9744261a917e,TRUE,2025-1-1 0:00
05bb53e8-cc93-4389-9547-83b4eb80928f,2d447f80-94eb-4f41-be62-efca2c638f4a,4081baaa-071b-45f4-a25d-ac5121bfccc7,2c0cf7ad-c480-4428-84c9-37060a9a0a37,TRUE,2025-1-1 0:00
644d3e69-fa38-4b69-a1ae-264b7646ac1d,ef06aa17-c296-4e34-a384-11667b67f20e,138bec94-c996-4510-895c-6c0af0f6a6fc,aa2ac8a6-12e0-4e15-8fc6-3ce47a710a51,TRUE,2025-1-1 0:00
166e3172-f82d-4f65-b5e4-49606b088ea0,2e99317e-e0e2-439e-baaa-a784c7cdab64,138bec94-c996-4510-895c-6c0af0f6a6fc,5470f3a6-8f98-4587-a430-be88c6b9c0ac,TRUE,2025-1-1 0:00
eb841b67-36af-4a6c-ac2e-670d876e50cc,13404652-c573-42cc-8743-5681bd8a8e75,d859a9f6-ce5f-4e3f-8c72-f7e2030f93ce,63626deb-8fc4-4aec-b953-9613fc3e83f6,TRUE,2025-1-1 0:00
ae0d98d4-e87a-4b5f-be08-90bbe6bcc95e,cd8b6b50-a004-4dca-a897-8355845accd9,75378ce6-f415-4cb9-a1a2-628f22004a53,,TRUE,2025-1-1 0:00
d2aa35c3-3bf0-4f44-941f-db8cfbabfa47,5b2a4879-83f2-436a-a059-88ad61a67d8d,75378ce6-f415-4cb9-a1a2-628f22004a53,,TRUE,2025-1-1 0:00
59ea2c68-87f4-483c-bc56-450f615d763d,4769715b-b180-412d-b45e-e1c0d158ccb0,ecb74426-adfd-416f-90ce-ac1136940e59,,TRUE,2025-1-1 0:00
af888161-43a5-4109-acb1-9d1b4f2083f9,1535d502-0469-4daf-a1d8-160a9bfc25c7,5f5560cf-c169-4781-8204-fb75ac3408c8,49720e2e-bd94-4072-8816-4b2dc97902ed,TRUE,2025-1-1 0:00
2052353c-f4c9-461f-8e7a-bd439a180ad2,800ad2a4-73cd-485e-bf95-2811be10c209,1197ce03-96ae-4670-9ef3-28468625cf46,21f51f84-c1dd-4478-8fb0-1c10b08829a9,TRUE,2025-1-1 0:00
e390f328-56a3-4afc-9cc9-d33e9b1fce0a,6da0ba7a-7efe-47d8-bb98-631999ec0ed8,ecb74426-adfd-416f-90ce-ac1136940e59,702e83c8-bbc0-4a74-80d5-91db1f72785d,TRUE,2025-1-1 0:00
6ac26418-dd37-4033-a6e6-93ab124c2639,008ba9a0-3420-4c4f-b94b-e98ccfb92464,bd05a5ba-f1c0-4097-93c5-1a06a55ffc29,4302706b-c7fc-4b6a-b194-fb975c3238e7,TRUE,2025-1-1 0:00
13d244f8-4827-4175-910a-6af2464fca6b,d22f48ae-d7d8-4a74-ac06-5288a1002b49,4ee5e694-5d88-4a9b-ba2e-eecf653807e1,,TRUE,2025-1-1 0:00
47f7b8d1-7cab-4371-86e3-1574a4e0a1a1,342e1393-9b22-4e47-902d-b1ffda543e2b,343841d6-b938-4b7d-8523-23d25aa1eeb5,8c1d63cc-3124-4fe9-9b77-352979659082,TRUE,2025-1-1 0:00
665f47c9-e813-4808-9582-d754384d7135,00b912c4-79de-48fc-b9ea-339afe2dc898,ecb74426-adfd-416f-90ce-ac1136940e59,702e83c8-bbc0-4a74-80d5-91db1f72785d,TRUE,2025-1-1 0:00
7b3765b6-ca04-4714-9680-59f6b1fe89d2,414fa8f9-2e34-476a-9214-30c75939ffd9,470809ae-c5f3-4ba1-9522-fd0972619f7f,0f1d8c04-97b9-4843-9872-3e78a0272e57,TRUE,2025-1-1 0:00
ba6c8eba-c5df-4edd-9ee8-40572f2017bd,9fefdd2b-67cf-4faf-8cf3-3595045d42b5,2a186b71-b6dd-44ce-affb-88b8d16eb578,a59bd40a-ab72-4416-80d4-c68a2a96084b,TRUE,2025-1-1 0:00
dcbebec0-0f06-4ed3-8cb9-d845284b81ca,625a2450-a4cc-4dd6-a70f-1700e69cebd9,470809ae-c5f3-4ba1-9522-fd0972619f7f,c82335ca-73c8-44fb-8e7c-4f7d4965d472,TRUE,2025-1-1 0:00
30bcb05c-09fd-4642-a9f2-e062a5919eaf,9842fd12-0947-4aca-b1db-27fd59293d46,138bec94-c996-4510-895c-6c0af0f6a6fc,266323bf-18db-4486-a7d4-a597c5d828ff,TRUE,2025-1-1 0:00
61e5c4c5-03ee-4c16-b234-e617291c6252,330fae5f-bfe7-4d56-8b99-be93053b076b,99a7aaba-40a8-48e3-b8f9-a0d489cfb213,d493879f-f5cc-4c9a-bfbd-78a96a34b900,TRUE,2025-1-1 0:00
09841434-f0df-4a80-90a4-7dc305902a5b,5a16267a-c6bc-48d0-b614-591fe851f2b5,a2af5b73-0d5f-4819-8bac-acbdaa32952f,,TRUE,2025-1-1 0:00
c99789de-4504-45b5-9f8b-b53aa2bb00f9,d4374ab7-d8cb-40c2-8b18-c303f7ac7180,d6a47d18-5c17-48fb-9992-be67d2da891b,7b6fdef2-6539-4266-84d2-100fb6a30fd2,TRUE,2025-1-1 0:00
33dfdff8-dc48-4073-8c6f-d94f73325a4e,78eab194-5c79-41ce-a88e-e2c78a25da83,93813225-2cbe-4d50-8943-423d4338776a,d187028c-e5cb-4314-ab66-fa7ca2002261,TRUE,2025-1-1 0:00
5d871137-03e7-40dd-bc42-a7c2b9b1f18f,ddf3c380-a91b-442d-a8dc-c864a9531881,99a7aaba-40a8-48e3-b8f9-a0d489cfb213,b2f2b004-2222-4b2b-bbbb-222222222224,TRUE,2025-1-1 0:00
b5d7bbb5-96a6-4593-bf85-b8c5e40c38b1,8a562cfa-8df8-4ede-b1b0-177474181def,d57f11d3-f03a-49bf-905e-131a223352cd,ca9c9a7f-95cb-45c5-8668-628ddcc6c673,TRUE,2025-1-1 0:00
e6ab411d-1b32-42f3-bb4d-45c1a273907d,3944e6f4-71a2-427f-9ee9-be9123b4c786,ecb74426-adfd-416f-90ce-ac1136940e59,702e83c8-bbc0-4a74-80d5-91db1f72785d,TRUE,2025-1-1 0:00
d4bf0261-8370-4229-a3d2-f71cffe31282,893f2e52-6cf6-47d5-b5fe-6b7010a3584c,4cae38a8-4a2b-4f9f-8e47-c51a8fdab4d6,bb2a9857-6b24-4d60-a41d-dbd92eeab1b8,TRUE,2025-1-1 0:00
d7a67990-01b2-4544-9114-8a682813f427,34e45798-1a82-46a3-83f9-fd150db9bcc6,138bec94-c996-4510-895c-6c0af0f6a6fc,266323bf-18db-4486-a7d4-a597c5d828ff,TRUE,2025-1-1 0:00
815a9564-6d8f-432e-803a-6aead7eea509,1d19375e-a663-4e80-9c08-e2ef1f81c4e1,1197ce03-96ae-4670-9ef3-28468625cf46,21f51f84-c1dd-4478-8fb0-1c10b08829a9,TRUE,2025-1-1 0:00
206f6410-6279-44ba-ad54-45aae8bf230b,694d4780-aba1-4cdd-97f9-b121ed7ddf5b,470809ae-c5f3-4ba1-9522-fd0972619f7f,0f1d8c04-97b9-4843-9872-3e78a0272e57,TRUE,2025-1-1 0:00
5eed4876-f682-4f8a-a92c-468cf8bb4a24,18754059-b1a2-4fe8-82e6-f03b0ab69e27,ca02fc79-4b0f-46d9-a2ae-ba767deaa976,,TRUE,2025-1-1 0:00
e572ffaa-db14-4380-b782-44ee580e9742,e865848c-9184-4d77-9bd7-d79c7f2ea048,a2af5b73-0d5f-4819-8bac-acbdaa32952f,a35c2963-6eb2-49ab-8d40-7ece7e1346eb,TRUE,2025-1-1 0:00
516f0fbe-5631-4744-8d17-8134a8815b08,39cc140a-77e5-4be0-b048-fa76b5e1855f,ecb74426-adfd-416f-90ce-ac1136940e59,5cf414a9-7d0b-4cbc-82e9-54a3dd0b9e26,TRUE,2025-1-1 0:00
1c58d781-c759-4f05-82c7-3382852266e0,1c4932cd-f7cb-470c-9e7a-08490ea8b5fc,bd05a5ba-f1c0-4097-93c5-1a06a55ffc29,4302706b-c7fc-4b6a-b194-fb975c3238e7,TRUE,2025-1-1 0:00
e51ef913-682f-4344-ac72-f62cdbd1a467,9fb067d6-2c0b-4f3d-bfda-12def1739c65,ecb74426-adfd-416f-90ce-ac1136940e59,5cf414a9-7d0b-4cbc-82e9-54a3dd0b9e26,TRUE,2025-1-1 0:00
c361a08b-85a3-4698-b2b6-ffe81f6aacb3,b7d417e3-d9a7-4353-b135-fb87ea2e6ba9,1197ce03-96ae-4670-9ef3-28468625cf46,21f51f84-c1dd-4478-8fb0-1c10b08829a9,TRUE,2025-1-1 0:00
572b1e6f-f2a5-45cd-a67a-53f837930a1c,4d20c862-1540-4355-9d20-1ebac8013e9b,138bec94-c996-4510-895c-6c0af0f6a6fc,5470f3a6-8f98-4587-a430-be88c6b9c0ac,TRUE,2025-1-1 0:00
15ccd764-78b5-4f3a-9341-d792fdea3f9e,a4abc633-5db8-434e-af7d-f0736c5c64b4,99a7aaba-40a8-48e3-b8f9-a0d489cfb213,d493879f-f5cc-4c9a-bfbd-78a96a34b900,TRUE,2025-1-1 0:00
55744393-aa7b-409c-8c8a-c50b7b0a90ea,c856bdc2-0ee2-4ead-9cf8-d21a9e1de6ab,10f25068-4e34-42ca-94b3-96f5288b82ea,e6557dc4-26ce-465e-9ae9-3cc02c70fbc1,TRUE,2025-1-1 0:00
2a36dca4-3e23-45bc-af6f-956e08b7be94,c1f34d4c-b778-404c-bb6e-f592a1010d35,4081baaa-071b-45f4-a25d-ac5121bfccc7,2c0cf7ad-c480-4428-84c9-37060a9a0a37,TRUE,2025-1-1 0:00
4ad53d49-9e34-43cf-b66f-c9d606e86474,94f3cf5e-21a0-4e8e-bb8d-fc53ec0e8b05,33871093-82ae-468b-becb-d5ad477a7b98,647f1864-163b-4b7e-9529-16d0576da166,TRUE,2025-1-1 0:00
23a8ad29-ef2e-49d8-9a1a-ee8076619b94,a1b5ecef-aa15-47c8-8bb3-b82f668853f3,a304b977-b01b-44b8-aebb-1186af42aba7,b31bcb6b-4206-4cb6-b959-6d06e13bf134,TRUE,2025-1-1 0:00
c09f254a-b2c9-41bc-a223-b7df756354f2,94dc5440-bcaa-4091-b89d-edeb843b81ba,3fab3044-def1-4fff-a598-bac8d76da990,,TRUE,2025-1-1 0:00
169b00a5-73ce-4697-a9ff-ba160d9e4b9c,45ee5a61-50be-4fe5-9195-206454f97d63,8fc98f56-9662-45f7-8bd6-86a56e2142d1,,TRUE,2025-1-1 0:00
17975332-4829-4c4b-a064-bd07bd87cac3,fb65cb62-e1a1-438c-8b02-358f665dc97b,4cae38a8-4a2b-4f9f-8e47-c51a8fdab4d6,5890126b-c352-4df7-8341-1ac685154844,TRUE,2025-1-1 0:00
2b74165c-ee5d-4375-a02f-6513541e4ee7,83b62c7c-0856-4a09-91fa-bb84d254aef6,ecb74426-adfd-416f-90ce-ac1136940e59,8efb3f1b-df47-4567-ae54-340777480d16,TRUE,2025-1-1 0:00
46ef50f7-0a71-4bcc-8cd9-8db3b1236a9d,5bf287bf-8e22-4973-81fd-087eba58d107,b28bcd2f-98c3-4e0e-bbae-d05d48bf82e9,,TRUE,2025-1-1 0:00
7e70c7b7-07d2-4184-a401-9d47b6fc3ccf,0634f940-c410-4e7e-b782-33b36cd85016,456e1a68-37c2-454d-948f-a46294d6ba3a,,TRUE,2025-1-1 0:00
e206b452-d140-494c-b8f4-459c315c9874,b09c44a2-eff0-4e76-b866-23cd2d603b28,33871093-82ae-468b-becb-d5ad477a7b98,647f1864-163b-4b7e-9529-16d0576da166,TRUE,2025-1-1 0:00
a3ec0200-0916-4e05-8d31-2c7fe9d71bdb,e3219215-b16e-40bf-8d28-da6f983ddbee,10f25068-4e34-42ca-94b3-96f5288b82ea,50ed2bb6-97ae-4928-9dac-09d7490795cf,TRUE,2025-1-1 0:00
0a4276c0-8096-4ea1-93b5-11b6c26a6afc,99bcfc5c-fc74-43ef-a781-d4b7b80621f9,bd05a5ba-f1c0-4097-93c5-1a06a55ffc29,,TRUE,2025-1-1 0:00
ad2cc499-ad04-4331-a18a-2f0d774c5285,696b600b-1a53-4d5c-8b40-c414f6f63822,b28bcd2f-98c3-4e0e-bbae-d05d48bf82e9,,TRUE,2025-1-1 0:00
94781c3a-1ac0-4c53-a6f8-55d1dfba4aa2,8cacf5c0-7d8c-4939-a921-8ae84b7c9fc0,75378ce6-f415-4cb9-a1a2-628f22004a53,,TRUE,2025-1-1 0:00
d0355a1b-b9c8-4f28-bed8-160de404a641,0b8a832b-c846-438d-8c85-ecdd14b47e70,470809ae-c5f3-4ba1-9522-fd0972619f7f,d1d4d95c-2df5-4126-8033-d0a652c4d8b3,TRUE,2025-1-1 0:00
eced38fc-6a56-48d5-9351-8d03f5832980,8cc7a8ba-a597-4267-93a8-196fb0748a7b,138bec94-c996-4510-895c-6c0af0f6a6fc,d1d4d95c-2df5-4126-8033-d0a652c4d8b3,TRUE,2025-1-1 0:00
8c587262-f15b-4d3b-8959-63d8f85646a3,1f695f57-2a49-4cfb-9613-1d75681279b0,56c873fb-d05a-475b-9c58-8e43efcba0b2,,TRUE,2025-1-1 0:00
bbfa8d29-f43c-4884-9813-8df77ecdb0ea,79850dd5-7469-4271-992c-007ecc84f780,1197ce03-96ae-4670-9ef3-28468625cf46,,TRUE,2025-1-1 0:00
c3581d23-7e1f-4b5f-b26f-ec23daf43047,484b23d2-ebc1-4024-b15e-74f3b40aa0b5,10f25068-4e34-42ca-94b3-96f5288b82ea,2d521cc1-4bc3-4df8-89ba-f75bebaf897b,TRUE,2025-1-1 0:00
aee9aa3e-6f0e-4108-a891-9947d2e0a619,432cc984-b6b7-444e-bb01-ceaa6b127dc3,8dcc57a0-79ac-45dd-9db0-efb3d1fd5299,e8840113-28f3-4d0b-8d73-9f513c624c2a,TRUE,2025-1-1 0:00
d9d03500-58ad-4d40-8e99-aecb248c3e65,adab9208-83b4-47b4-9add-d80e5fd238df,c4b3c39d-233a-4b8c-94c3-8fb588d7f015,,TRUE,2025-1-1 0:00
56fb5153-b8a4-4e7e-949d-2468c3cf4fa6,8cec93d5-2b49-4943-b804-edef46fd206a,ecb74426-adfd-416f-90ce-ac1136940e59,b1f1a003-1111-4a1b-aaaa-111111111113,TRUE,2025-1-1 0:00
336a23e9-b1be-447d-bad1-60ead8c03e2c,fcd94702-e2d2-4b7d-b303-16a6e17dbe5c,33871093-82ae-468b-becb-d5ad477a7b98,647f1864-163b-4b7e-9529-16d0576da166,TRUE,2025-1-1 0:00
4ff30151-1fce-4998-a294-b30a9924fdce,c56a2d53-aae5-4fdd-b0e4-590658870784,4081baaa-071b-45f4-a25d-ac5121bfccc7,2c0cf7ad-c480-4428-84c9-37060a9a0a37,TRUE,2025-1-1 0:00
7dcc4544-f06b-41c4-b86a-88ccb767c432,2d37c50d-03c4-4bdf-a509-902324703f8f,343841d6-b938-4b7d-8523-23d25aa1eeb5,8c1d63cc-3124-4fe9-9b77-352979659082,TRUE,2025-1-1 0:00
f7256518-087c-4a1d-bc3a-fea638417dab,55a40515-546a-40d5-8a18-036e2fbe6d71,4cae38a8-4a2b-4f9f-8e47-c51a8fdab4d6,5890126b-c352-4df7-8341-1ac685154844,TRUE,2025-1-1 0:00
5fa5d2b1-bce1-4ecc-aaf7-3b76dc2703d1,46822ec5-1afb-4114-9ee0-0a879a9665f3,5f917eec-d4dc-40cb-94dd-b3272db3f858,2489267c-9b73-4948-a360-81d6ae8f9a8e,TRUE,2025-1-1 0:00
056b66cd-62b2-4579-8809-6051d1c25009,d3764418-be6a-48a9-94f8-58c2599902aa,ecb74426-adfd-416f-90ce-ac1136940e59,b1f1a003-1111-4a1b-aaaa-111111111113,TRUE,2025-1-1 0:00
ec5a6755-9e1a-40c7-a472-019a55fe7e76,35d74cb5-6f4d-47a1-b7cb-e64871ca6483,d859a9f6-ce5f-4e3f-8c72-f7e2030f93ce,b804f2f5-20a0-4930-a261-6a4967c1c256,TRUE,2025-1-1 0:00
33ea2a00-f52e-44c4-9711-5a6225f075e4,1671c4ed-f7ec-4e4b-acf0-4e1dcf4e596c,1197ce03-96ae-4670-9ef3-28468625cf46,21f51f84-c1dd-4478-8fb0-1c10b08829a9,TRUE,2025-1-1 0:00
e8081f3a-47fd-4174-a1cd-9f2619872dee,3ab9243a-b512-4d3a-9dca-f953a1e2064f,4ee5e694-5d88-4a9b-ba2e-eecf653807e1,,TRUE,2025-1-1 0:00
31837f56-7984-4774-88ce-ac032a982bb6,2fa4c9cd-0570-4ba7-bd12-c313c3f0d8b3,343841d6-b938-4b7d-8523-23d25aa1eeb5,8c1d63cc-3124-4fe9-9b77-352979659082,TRUE,2025-1-1 0:00
5bac833a-b377-46fe-8c64-ebc103411eed,04542e80-079f-463b-9835-97dbb107a7b4,b28bcd2f-98c3-4e0e-bbae-d05d48bf82e9,,TRUE,2025-1-1 0:00
ac5476fd-11fd-4b53-a15d-fb02f237796e,827b9974-d6b6-4096-80b7-e898017716d4,456e1a68-37c2-454d-948f-a46294d6ba3a,,TRUE,2025-1-1 0:00
9fe125fe-3ecc-4e94-b082-a9c12c91448c,98af5eba-81d0-4930-b244-78116bc9d58f,10f25068-4e34-42ca-94b3-96f5288b82ea,2d521cc1-4bc3-4df8-89ba-f75bebaf897b,TRUE,2025-1-1 0:00
b4522d33-8a08-4e45-866f-fd77633c86f0,deb62d1a-f254-4b4d-9593-73d5b3832db7,4cae38a8-4a2b-4f9f-8e47-c51a8fdab4d6,,TRUE,2025-1-1 0:00
54009876-dde6-408c-848e-221068de72ce,7428c776-358e-4787-9829-b8cc9e4b7126,5f5560cf-c169-4781-8204-fb75ac3408c8,c4e888dd-a15d-461c-83d1-9d2f7a4a3c4b,TRUE,2025-1-1 0:00
8bce62b9-a352-461b-908d-d635e2bfc46c,c7ceb344-9595-4ea2-b038-7a71e114ad1a,4cae38a8-4a2b-4f9f-8e47-c51a8fdab4d6,5890126b-c352-4df7-8341-1ac685154844,TRUE,2025-1-1 0:00
5f21fe8d-e9fb-4b2a-8650-949f0ac6f21d,6b7f4ad0-a9e2-4f37-aec3-facc2ef1145f,1197ce03-96ae-4670-9ef3-28468625cf46,21f51f84-c1dd-4478-8fb0-1c10b08829a9,TRUE,2025-1-1 0:00
3a0e330a-0424-444d-9b52-74b39271a248,3a5877c3-557e-4d75-a756-174a9a66b8e2,5f917eec-d4dc-40cb-94dd-b3272db3f858,2489267c-9b73-4948-a360-81d6ae8f9a8e,TRUE,2025-1-1 0:00
46928167-31e9-4686-aff7-39154578150e,75189098-ba4c-413b-ae22-5e0a3332c6ac,343841d6-b938-4b7d-8523-23d25aa1eeb5,39478e69-751f-45a6-88b2-fd08bf1e80a2,TRUE,2025-1-1 0:00
7ccb31b0-98e2-46fc-bb0f-b6ecbf7c2da7,787e1c6a-fb32-4095-a173-bfda4d878a96,470809ae-c5f3-4ba1-9522-fd0972619f7f,c82335ca-73c8-44fb-8e7c-4f7d4965d472,TRUE,2025-1-1 0:00
e9481743-7636-4698-93bf-2bf83870ba5c,b5551c45-e898-47e0-83b3-83f96a758429,7c844539-83eb-4880-b86c-dd05973f0e0a,,TRUE,2025-1-1 0:00
0f8280cf-4d71-40be-b5ed-a6fd8211041e,ff84be6f-0771-4f78-9b71-bdbf63105d11,d859a9f6-ce5f-4e3f-8c72-f7e2030f93ce,,TRUE,2025-1-1 0:00
5c0d664e-de4f-4a5f-94b9-9b973df261fb,310d9593-7c6e-49e9-ac6e-9f4824ada61c,ca02fc79-4b0f-46d9-a2ae-ba767deaa976,,TRUE,2025-1-1 0:00
589ab664-a3d1-4dd6-861a-ded3dce78e32,95de03be-5dbc-43de-a311-9ed42af8a4c6,8fc98f56-9662-45f7-8bd6-86a56e2142d1,,TRUE,2025-1-1 0:00
290ee48c-e65b-444c-a475-ab4d5e9d387c,15a3cb19-8311-4fa8-84c5-e2207e6d33c9,ca02fc79-4b0f-46d9-a2ae-ba767deaa976,,TRUE,2025-1-1 0:00
39738be6-5b80-4ef7-b002-68f2ef8087fa,4a3b6bf8-d8b4-49fe-a60f-0ae23e36a8ec,33871093-82ae-468b-becb-d5ad477a7b98,647f1864-163b-4b7e-9529-16d0576da166,TRUE,2025-1-1 0:00
a9a58a3d-3dda-42f1-8aa9-809811d4a013,35d5a1e7-d23f-4f41-ac28-539eab08edd5,138bec94-c996-4510-895c-6c0af0f6a6fc,,TRUE,2025-1-1 0:00
28676c3c-fca5-44ac-99d1-3bf41ac19812,3023d59a-e807-4d3a-a1fc-9d9874fb3215,470809ae-c5f3-4ba1-9522-fd0972619f7f,0f1d8c04-97b9-4843-9872-3e78a0272e57,TRUE,2025-1-1 0:00
ae74a48c-eec7-4490-94f6-21fd92660b69,b0f7ad2a-2c61-42eb-bf72-baf645bff511,4081baaa-071b-45f4-a25d-ac5121bfccc7,,TRUE,2025-1-1 0:00
028de284-1ffa-4889-9541-b1d7e1280a03,3221ccbc-1849-42a9-b8fe-8d3313babe97,7c844539-83eb-4880-b86c-dd05973f0e0a,,TRUE,2025-1-1 0:00
f237adae-ad2d-426a-a740-99fb323645aa,040a1432-17bb-42fa-9ecb-673282b15c4c,bd05a5ba-f1c0-4097-93c5-1a06a55ffc29,0812440c-eaa1-4bf9-bd6a-f4c3485283da,TRUE,2025-1-1 0:00
d2f6c020-9923-4a2f-9b02-ca16724d539f,771d2a5d-5151-4c3f-befd-76e56857984f,d859a9f6-ce5f-4e3f-8c72-f7e2030f93ce,,TRUE,2025-1-1 0:00
aaf4c308-df28-44df-b5fd-837c7bee1be5,a2c17f36-adb3-4f26-9e9f-f6a2627bb6dd,138bec94-c996-4510-895c-6c0af0f6a6fc,aa2ac8a6-12e0-4e15-8fc6-3ce47a710a51,TRUE,2025-1-1 0:00
ad7117d7-2651-4f34-bb25-72317bf98fbe,503883eb-5c43-428a-9348-9eed53859846,dc6c211b-19b9-4eed-9e3e-9d10792b6f55,,TRUE,2025-1-1 0:00
0e569b59-f230-4e02-9f08-2aefe568fb81,f1edcc42-3ff1-48dc-b6a6-99c1616c2997,456e1a68-37c2-454d-948f-a46294d6ba3a,,TRUE,2025-1-1 0:00
03e87c5f-62d2-4cf1-ba7e-e0016f4c958e,e4bae633-39ff-4cd8-b8ea-26077a2db752,54babe4f-96f7-4e64-a219-73d52337d179,85148e4b-2e24-4675-8180-d8614d826d13,TRUE,2025-1-1 0:00
c5764d39-6917-4133-afe9-e73863455852,9a7b315e-beb7-4795-9e56-a1b7f19db1c7,8fc98f56-9662-45f7-8bd6-86a56e2142d1,,TRUE,2025-1-1 0:00
182dfb72-02b3-443e-ae1c-80c7693731b7,8d8d949c-a701-42ac-8573-3617f14e0852,4cae38a8-4a2b-4f9f-8e47-c51a8fdab4d6,5890126b-c352-4df7-8341-1ac685154844,TRUE,2025-1-1 0:00
9a74b19f-9a7c-4f14-b733-70a592bafd69,a513b4c8-e901-465f-9198-97d52faa34e5,b28bcd2f-98c3-4e0e-bbae-d05d48bf82e9,,TRUE,2025-1-1 0:00
362f86ce-871c-4e9b-8d98-d3193d5a3807,92dcb815-2d93-4dd3-a85e-46501758305f,54babe4f-96f7-4e64-a219-73d52337d179,85148e4b-2e24-4675-8180-d8614d826d13,TRUE,2025-1-1 0:00
708f1f16-5d98-4c17-956d-82229a0704b2,bb08b236-af2d-4612-a11e-a8a64a36c39e,138bec94-c996-4510-895c-6c0af0f6a6fc,aa2ac8a6-12e0-4e15-8fc6-3ce47a710a51,TRUE,2025-1-1 0:00
02e3a437-7ebc-410e-bbc5-693b6bf49cf2,a8a20ea4-3f80-4e4e-b66a-184d6e257a88,ca02fc79-4b0f-46d9-a2ae-ba767deaa976,,TRUE,2025-1-1 0:00
98c90672-001d-475c-8761-5f73b137ebbf,4e2b2530-6b03-4032-b411-6ba5a15b600d,138bec94-c996-4510-895c-6c0af0f6a6fc,d1d4d95c-2df5-4126-8033-d0a652c4d8b3,TRUE,2025-1-1 0:00
b5a47ec7-d626-4354-90c0-773111ceaf00,d30ae99d-70b7-4006-a5f5-d02dbf98f3a9,5f917eec-d4dc-40cb-94dd-b3272db3f858,63626deb-8fc4-4aec-b953-9613fc3e83f6,TRUE,2025-1-1 0:00
0cfdc598-951b-4f54-934d-ce1013570bc0,44e8467f-5d2f-472c-9b4f-fdad2091d184,d6a47d18-5c17-48fb-9992-be67d2da891b,7b6fdef2-6539-4266-84d2-100fb6a30fd2,TRUE,2025-1-1 0:00
6dba369a-a9eb-4ddf-9208-37906ca1d509,bcc2bbf0-b9fe-41bd-a542-ca9f054f1565,8dcc57a0-79ac-45dd-9db0-efb3d1fd5299,,TRUE,2025-1-1 0:00
d1f9bac4-0478-4cc8-b4b5-332f8e095a1a,64cf482c-03ba-453f-bf15-cd93d190caa3,58a9f4ba-24e6-4caa-940b-e5f062be9214,,TRUE,2025-1-1 0:00
105e2eed-7ec6-43a5-b128-bd77ea4bd373,02cc76b8-6ded-4adf-b7e0-1accb3d5745c,343841d6-b938-4b7d-8523-23d25aa1eeb5,8c1d63cc-3124-4fe9-9b77-352979659082,TRUE,2025-1-1 0:00
a874718c-3bf8-4926-8edd-6454e8fae422,b6e03c18-20c0-4df0-b2b3-b3b79b13138f,ca02fc79-4b0f-46d9-a2ae-ba767deaa976,,TRUE,2025-1-1 0:00
3c073d85-cc33-4f66-9c29-6952cc278d31,7ad3286a-da8f-4733-af3e-a1de1114b4fc,bd05a5ba-f1c0-4097-93c5-1a06a55ffc29,4302706b-c7fc-4b6a-b194-fb975c3238e7,TRUE,2025-1-1 0:00
abd9676d-2319-4b27-a668-a50023c95297,7f0f595b-7de0-4760-920f-599597a8e46b,58a9f4ba-24e6-4caa-940b-e5f062be9214,,TRUE,2025-1-1 0:00
88e32385-5cd5-4d8b-bf20-2ee7bac87bdb,0335f94e-e7d7-4286-9e96-868b4c23f5a4,10f25068-4e34-42ca-94b3-96f5288b82ea,3e83f541-7341-4018-ab30-8c42069de70d,TRUE,2025-1-1 0:00
812880ec-5633-4547-bf1d-a203955fb208,6773423b-3f97-4397-a456-32429a487a05,10f25068-4e34-42ca-94b3-96f5288b82ea,,TRUE,2025-1-1 0:00
a23a8e4b-de3e-4e76-b077-763940977dfd,1e7705f4-553c-4840-8c6e-df4eec68c672,33871093-82ae-468b-becb-d5ad477a7b98,647f1864-163b-4b7e-9529-16d0576da166,TRUE,2025-1-1 0:00
33c36bfa-b0ff-458e-98df-1a6923f5bb2e,07ed38e4-1c11-482e-b87f-450eac2220ef,b28bcd2f-98c3-4e0e-bbae-d05d48bf82e9,,TRUE,2025-1-1 0:00
90208d7b-853a-4007-9e9f-338991e85b52,2b10c003-c411-4e06-a6c1-79db4f64e32f,10f25068-4e34-42ca-94b3-96f5288b82ea,fd2f8365-a2f8-418a-b4cc-dc2a368c7b1c,TRUE,2025-1-1 0:00
a28fe6e8-7646-439c-bb1f-374e0b4c2e39,4a852805-31ce-496e-a56e-b92f906073ce,d57f11d3-f03a-49bf-905e-131a223352cd,49720e2e-bd94-4072-8816-4b2dc97902ed,TRUE,2025-1-1 0:00
820c1a22-bbf9-43c5-8bd2-9695f9b94911,7dea93be-a751-4e47-907e-7ad1dd3a2b6e,a3ae9791-1572-4564-a7b7-b17e5824951c,55bd2d50-ae98-42be-852d-d2eccaff0b46,TRUE,2025-1-1 0:00
b2a34aeb-b010-49dd-814f-62853ad98789,8d90ae53-65ea-47cc-a2f4-9fa050a655c2,ecb74426-adfd-416f-90ce-ac1136940e59,702e83c8-bbc0-4a74-80d5-91db1f72785d,TRUE,2025-1-1 0:00
96e7a385-5887-436f-ad1f-dbccf6410844,9662b822-a1e1-4e3d-8620-b4fbf57e6a8d,c138a247-2179-4e36-aba3-da03ba148f52,ffc78bf0-02d9-4aae-8c6c-a3a140daee7a,TRUE,2025-1-1 0:00
265349ca-5e73-48a1-9344-dfa5e082d37d,315a65db-7960-4b2b-a4a0-b25b8dc037e6,10bbf5a6-0d2a-4f76-9579-c153cfc4542f,41a7b674-be1f-4204-80c5-974f9ba24d39,TRUE,2025-1-1 0:00
6abbbca5-62c8-4866-9f98-3b0fec872ea5,cd2a82b0-bfc9-4fc7-8e5c-950a095bb9fc,4081baaa-071b-45f4-a25d-ac5121bfccc7,,TRUE,2025-1-1 0:00
1e6b4acf-7448-47c4-a17a-8bec224eef09,bccbf5c6-0926-45ff-b070-7cc5e65e73e7,1197ce03-96ae-4670-9ef3-28468625cf46,21f51f84-c1dd-4478-8fb0-1c10b08829a9,TRUE,2025-1-1 0:00
308b17f9-89cf-4491-baf1-5ce7ceac62a4,c7778f21-59da-4ea2-839a-77caf091aae2,d57f11d3-f03a-49bf-905e-131a223352cd,ca9c9a7f-95cb-45c5-8668-628ddcc6c673,TRUE,2025-1-1 0:00
80a65f09-2a13-44d3-a914-6f5202b00f66,478399b2-0287-483c-b17e-e8a9f2f70a29,7a9cbfd8-d8a1-4773-8fad-dc210e493a3c,df86960e-a82f-45bd-a26a-195ae461d7f6,TRUE,2025-1-1 0:00
802e2188-cb8d-4726-9d9e-0d40251a7d15,d1fbdbec-34d6-42d8-b51a-3c1a2ffd584e,e5fcf8a7-cb34-4278-8082-a63b9d1856a9,183b53c1-251e-4d71-84ff-9744261a917e,TRUE,2025-1-1 0:00
7bd5a8bf-e82c-450f-9ef7-47a2bb948f5b,fd2629ea-c741-4b33-a69b-aef07e670903,d68337a9-9103-4131-b0d9-6daf3f5eaf40,,TRUE,2025-1-1 0:00
eef4b899-d6ac-464d-a155-9b2c9ba1ba9d,e266460e-a2c7-41ea-be2f-0b6aace2ec69,343841d6-b938-4b7d-8523-23d25aa1eeb5,,TRUE,2025-1-1 0:00
054e0ab0-3111-468b-b28d-910fb0560329,11ad18b9-143b-49c4-9624-2fdbf76d1c40,0baf2aaa-4422-4262-94e1-7e6bc24eac15,,TRUE,2025-1-1 0:00