"id","franchise_id","initial_investment_min","initial_investment_max","franchise_fee","royalty_percentage","marketing_fee_percentage","payback_min_months","payback_max_months","roi_min_percentage","roi_max_percentage","monthly_turnover_min","monthly_turnover_max","single_unit_cost_min","single_unit_cost_max","investment_includes","created_by","updated_by","created_at","updated_at"
"0c41acfa-7c46-4b85-a3d1-167d46517c57","b38c39c0-b9f6-495f-b8be-a65b1c0b9221","2500000","5000000","500000","","","24","36","18","30","","","","","","00000000-0000-0000-0000-000000000001","","2025-1-1 18:15","2025-1-1 18:15"
"b65a968d-3563-40af-b2c6-ea5fff78cb3a","c8f6989c-d785-4cf7-b127-b7ba288a3314","1200000","1200000","500000","5","","9","12","18","25","","","","","","00000000-0000-0000-0000-000000000001","","2025-1-1 23:59","2025-1-1 23:59"
"26074183-850c-4448-a42a-3aa0f359f603","b297c5b9-82e3-4c3d-88fc-c509ae881207","200000","500000","50000","","","12","24","25","25","","","","","","00000000-0000-0000-0000-000000000001","","2025-1-1 23:59","2025-1-1 23:59"
"f88c9295-7a33-4a27-9972-5a2d043aac50","6a8c08c9-ef66-48b0-a68e-e9e0b7b40fcc","1000000","1200000","200000","5","","12","12","25","35","","","","","","00000000-0000-0000-0000-000000000001","","2025-1-1 8:15","2025-1-1 8:15"
"bcef8020-3e42-4a20-a771-9b69a9885e72","afb4be0a-0173-4248-b0b9-9c7ba0e3ce8f","1500000","2000000","200000","7","","12","12","90","100","","","","","","00000000-0000-0000-0000-000000000001","","2025-1-1 11:59","2025-1-1 11:59"
"9a698146-e670-4a74-a582-a54899cf0953","09378ed3-2aa4-4e45-bf5d-6a75d1bdb2f7","7500000","20000000","","","","12","12","","","","","","","","00000000-0000-0000-0000-000000000001","","2025-1-1 23:59","2025-1-1 23:59"
"9a861d7d-4ad6-424f-be29-e96318f90b97","b781fa76-8eaf-4cf9-a15c-b6a1c3503554","5000000","10000000","","","","","","","","","","","","","00000000-0000-0000-0000-000000000001","","2025-1-1 23:59","2025-1-1 23:59"
"83b49d2d-5805-479d-b78c-78793caa71af","0e50ed02-6937-4c8d-aa31-b4202a5f77cd","2000000","3000000","200000","30","","","","","","","","","","","00000000-0000-0000-0000-000000000001","","2025-1-1 23:59","2025-1-1 23:59"
"b8d1a47a-592d-4631-8bdc-42d93c73dc9a","7e62e026-71a1-4b49-971d-e8bcd1cc4e54","4000000","5000000","","","","","","","","","","","","","00000000-0000-0000-0000-000000000001","","2025-1-1 1:45","2025-1-1 1:45"
"493acddc-48bb-45d4-bcb2-ea0303912d0c","8a873fc8-8a68-461e-81f4-55d7f192f2b1","2000000","3000000","","","","","","","","","","","","","00000000-0000-0000-0000-000000000001","","2025-1-1 3:24","2025-1-1 3:24"
"e1c27132-5c6f-4b61-ad2d-a524ad7f1c8e","fc244900-e4b1-4eec-8e70-eb778beac3a5","3000000","10000000","","","","","","","","","","","","","00000000-0000-0000-0000-000000000001","","2025-1-1 4:34","2025-1-1 4:34"
"b418aace-1993-4ac3-8b22-e7b0011399dd","a6ae3e8e-b3da-4406-9a53-1f411523033b","1000000","5000000","","","","24","36","30","30","","","","","","00000000-0000-0000-0000-000000000001","","2025-1-1 15:28","2025-1-1 15:28"
"425d8e21-85c2-4a55-8a98-37475e349898","f610d893-650e-46e2-89a6-c50f59036275","2000000","3700000","","","","","","","","","","","","","00000000-0000-0000-0000-000000000001","","2025-1-1 18:12","2025-1-1 18:12"
"61c6d77c-6c0a-4802-8b34-ca60422f55e9","1dac1aa2-22c2-41e9-a608-2ffb1cefdf84","1500000","3000000","200000","","","","","","","","","","","","00000000-0000-0000-0000-000000000001","","2025-1-1 21:29","2025-1-1 21:29"
"9d8ff34b-84ad-4f16-9663-9f68f3b2fd21","1ee2cd39-dcf0-4e78-971d-967b8f1e2f12","4000000","10000000","200000","","","","","","","","","","","","00000000-0000-0000-0000-000000000001","","2025-1-1 23:59","2025-1-1 23:59"
"ea461c74-f745-47bc-9d96-57bc1142b722","1c97dc61-7708-4958-8222-3fe8fa9275bc","5000000","10000000","0","0","","36","48","17","17","","","","","","00000000-0000-0000-0000-000000000001","","2025-1-1 23:59","2025-1-1 23:59"
"3a851b55-38bf-40bc-9782-93c8fdbb5004","9ab139e7-cf16-4085-9352-c51d74e61115","2000000","3000000","300000","0","","12","24","45","45","","","","","","00000000-0000-0000-0000-000000000001","","2025-1-1 23:59","2025-1-1 23:59"
"06c25e55-6494-4502-9994-f6931853fc8e","ac303bf7-2a32-471d-9be1-a1dbb2e915e7","3000000","5000000","0","4.5","","12","12","15","15","","","","","","00000000-0000-0000-0000-000000000001","","2025-1-1 23:59","2025-1-1 23:59"
"4c54f7bf-b1e9-465a-ac34-b81c6a560ab3","df361e73-da0e-4e50-992d-e95e57306357","200000","500000","150000","0","","3","3","50","50","","","","","","00000000-0000-0000-0000-000000000001","","2025-1-1 7:07","2025-1-1 7:07"
"b5035c9c-0f38-4781-89ff-d03d7fbc989f","c8bbd1a5-9676-4a19-b8c4-1b2f22fe8148","2000000","3000000","1800000","20","","10","11","13","13","","","","","","00000000-0000-0000-0000-000000000001","","2025-1-1 9:34","2025-1-1 9:34"
"4ec91161-dc56-4f95-a46b-8d23c6ef4068","88848236-153f-41d1-85cd-4a9001af249c","3000000","12000000","500000","0","","","","","","","","","","","00000000-0000-0000-0000-000000000001","","2025-1-1 9:47","2025-1-1 9:47"
"4e155382-5c75-46af-8cc7-c51e95699690","d96ac4e8-daa4-4d60-9a4d-f7dcb54412b7","5000000","10000000","800000","8","","12","48","40","40","","","","","","00000000-0000-0000-0000-000000000001","","2025-1-1 11:35","2025-1-1 11:35"
"ed1a98c5-ad54-4edf-9fd4-06c848c62a5a","d451263c-43df-4ba1-b652-cbac27ff7846","500000","1000000","150000","30","","8","11","80","80","","","","","","00000000-0000-0000-0000-000000000001","","2025-1-1 23:59","2025-1-1 23:59"
"74285b07-bbe4-4f10-8220-9594bbecdaa7","a3d5f27f-978c-48e7-97cf-21e8aea6d359","1000000","2000000","300000","10","","12","24","100","100","","","","","","00000000-0000-0000-0000-000000000001","","2025-1-1 23:59","2025-1-1 23:59"
"c3bd052a-2d5c-4284-bcb8-bbac2b8095df","780dabc4-787e-4001-9c4b-a07c9874ffab","1000000","2000000","200000","","","5","6","7","10","","","","","","00000000-0000-0000-0000-000000000001","","2025-1-1 23:59","2025-1-1 23:59"
"915b4dcd-70a4-4f12-b525-24d79c3e58c1","499ed48e-a3e7-480e-900b-f384cd1ec21f","200000","500000","50000","","","6","12","10","15","","","","","","00000000-0000-0000-0000-000000000001","","2025-1-1 23:59","2025-1-1 23:59"
"afee8ef1-0158-4bef-88af-1b4c9817051b","fc554f5b-c10b-4835-b81b-6eb90deb8862","1500000","2500000","300000","","","6","12","12","18","","","","","","00000000-0000-0000-0000-000000000001","","2025-1-1 23:59","2025-1-1 23:59"
"52925336-1a2f-4538-abcd-63ed446d1f22","ab2c97a4-15c8-4105-902b-e6b961445825","200000","500000","50000","0","","1","3","12","12","","","","","","00000000-0000-0000-0000-000000000001","","2025-1-1 23:59","2025-1-1 23:59"
"ef1dc50d-591c-420b-8866-a721f84f8c44","0fe579f2-a816-4116-a312-a340923dbfe6","10000","200000","50000","0","","1","3","12","12","","","","","","00000000-0000-0000-0000-000000000001","","2025-1-1 23:59","2025-1-1 23:59"
"5068fe2d-be5a-4b5c-9d92-82677f0f69fd","a0160a9a-fe08-485e-9592-67df5f2e6235","500000","1000000","","","","10","11","100","100","","","","","","00000000-0000-0000-0000-000000000001","","2025-1-1 23:59","2025-1-1 23:59"
"fa19afbe-3b6c-4855-8aa8-cf265d028666","ba736baa-47d2-4b53-8969-661dbce6e6a1","1000000","2000000","900000","6","","12","24","40","40","","","","","","00000000-0000-0000-0000-000000000001","","2025-1-1 23:59","2025-1-1 23:59"
"7885da09-694a-4fb9-adab-1801a3e9403b","f943babd-ea6a-444b-b645-315f491c40a6","10000","50000","35000","0","","24","36","25","25","","","","","","00000000-0000-0000-0000-000000000001","","2025-1-1 23:59","2025-1-1 23:59"
"923182b1-d783-4c88-aad3-f99e27f5b2ef","e277efc3-55a1-40a9-8fad-b3149ffe9d2f","4000000","5000000","200000","0","","24","24","40","40","","","","","","00000000-0000-0000-0000-000000000001","","2025-1-1 23:59","2025-1-1 23:59"
"4397446e-de7b-4e3a-8214-c6a57247aa6f","347dcb07-5002-4376-b056-fc37fe48eac8","7500000","10000000","2000000","","","","","","","","","","","","00000000-0000-0000-0000-000000000001","","2025-1-1 23:59","2025-1-1 23:59"
"034d72d5-1079-4e31-8f02-12bce1c6339d","4024b1c9-12fd-451e-8a5f-0a5025e55819","500000","1000000","0","5","","12","24","30","36","","","","","","00000000-0000-0000-0000-000000000001","","2025-1-1 23:59","2025-1-1 23:59"
"8c9f7427-6bf8-4818-85dd-913d6d6d45c0","8be9d5c3-86aa-4cd5-be33-3b39dfd647fa","1000000","1500000","100000","","","12","18","25","30","","","","","","00000000-0000-0000-0000-000000000001","","2025-1-1 23:59","2025-1-1 23:59"
"084c13e6-5650-47d8-b183-b679800ce9d6","bb0d140f-d9e5-4b4a-8182-4376a439422f","1000000","2000000","","","","12","24","20","25","","","","","","00000000-0000-0000-0000-000000000001","","2025-1-1 23:59","2025-1-1 23:59"
"a5dcbc66-63e6-4094-be2a-c2b55ddbec0e","243ecbfb-c97d-42f8-b56c-31ca4f742263","1000000","1500000","200000","","","18","24","25","30","","","","","","00000000-0000-0000-0000-000000000001","","2025-1-1 1:09","2025-1-1 1:09"
"5ed4cd8e-7527-41a0-aebd-76c2d29e2230","5b707bb6-7325-4cd8-961e-8eff582d5328","200000","500000","50000","23.6","","12","12","48","52","","","","","","00000000-0000-0000-0000-000000000001","","2025-1-1 2:10","2025-1-1 2:10"
"8c6de718-e928-4171-a7f0-a35460378e15","f796a38b-1d81-4e48-ad0c-4ebeb485b41d","1000000","3000000","","0","","18","24","35","40","","","","","","00000000-0000-0000-0000-000000000001","","2025-1-1 8:52","2025-1-1 8:52"
"c7c23951-c028-4ad1-8e65-7cd0366d97a9","e909318a-6b26-4da4-a189-c7e5e01c2226","500000","1000000","100000","5","","12","18","30","30","","","","","","00000000-0000-0000-0000-000000000001","","2025-1-1 10:52","2025-1-1 10:52"
"0d42a308-f23e-484a-9ddb-2b2e3052da04","ad81abe8-369b-42cc-b233-fa5e90258116","1500000","2500000","500000","3","","18","24","30","40","","","","","","00000000-0000-0000-0000-000000000001","","2025-1-1 23:59","2025-1-1 23:59"
"13f6abbd-031f-4f64-a800-910f5389ef7c","98ecc642-3342-4704-bc19-7da7d34461df","3000000","10000000","750000","25","","12","24","25","30","","","","","","00000000-0000-0000-0000-000000000001","","2025-1-1 23:59","2025-1-1 23:59"
"2f266bc9-8d72-4332-b488-60562eac66ad","290bec96-ad40-46e1-ad88-33c3cf6536b9","3000000","5000000","300000","0","","24","36","35","35","","","","","","00000000-0000-0000-0000-000000000001","","2025-1-1 23:59","2025-1-1 23:59"
"5ff35468-a240-44a8-a4a4-36d22963b28a","0ce95acf-1221-45aa-ae6a-d496a33d1fa8","1000000","2000000","500000","17","","18","30","20","28","","","","","","00000000-0000-0000-0000-000000000001","","2025-1-1 23:59","2025-1-1 23:59"
"f4cb9c15-45b1-426b-8bd8-0071dd758a25","3d7a177b-20bf-4b7d-a8a1-7c3514daa4a5","4500000","5000000","300000","35","","24","36","20","20","","","","","","00000000-0000-0000-0000-000000000001","","2025-1-1 23:59","2025-1-1 23:59"
"0d0e0743-530f-44e2-ae9e-d0f02cf45b0c","2155ba74-85c2-4123-9485-75b3c9e07def","2000000","3000000","250000","0","","12","24","25","35","","","","","","00000000-0000-0000-0000-000000000001","","2025-1-1 23:59","2025-1-1 23:59"
"5641492f-8fa3-4029-ad3b-f0694af46d07","a61d62b8-582d-4179-9603-789f0ee2bece","1700000","2500000","0","0","","12","24","35","45","","","","","","00000000-0000-0000-0000-000000000001","","2025-1-1 23:59","2025-1-1 23:59"
"419765d6-c575-40a1-9b5e-3bf7c120261c","7cbee3c6-e9d5-40f1-9be2-ac2fe5053add","1000000","2000000","0","0","","12","24","30","50","","","","","","00000000-0000-0000-0000-000000000001","","2025-1-1 23:59","2025-1-1 23:59"
"447e141c-a7a9-49cc-8f99-206bfbf55f7a","ca257ac6-7d5b-4292-a6e1-9d71b5c73ada","5000000","10000000","0","20","","24","36","25","35","","","","","","00000000-0000-0000-0000-000000000001","","2025-1-1 23:59","2025-1-1 23:59"
"477f741b-27a1-48c8-99fd-6f3d9fa76a5d","80126705-23b0-47c5-bf0b-bcce2bb4b417","2000000","3000000","500000","8","","18","24","18","18","","","","","","00000000-0000-0000-0000-000000000001","","2025-1-1 23:59","2025-1-1 23:59"
"281dc1e8-3ea6-49c0-ad4d-6fe8622e48f9","ae70ee5e-ea25-47b0-9b80-aba3400b5cd3","200000","500000","300000","0","","12","24","100","100","","","","","","00000000-0000-0000-0000-000000000001","","2025-1-1 4:14","2025-1-1 4:14"
"c6e060ce-da0a-4c77-9d82-08903e10f9fe","f648ef1c-c7c1-4d7f-b04a-91bf04a6718d","500000","1000000","300000","45","","12","24","80","80","","","","","","00000000-0000-0000-0000-000000000001","","2025-1-1 9:43","2025-1-1 9:43"
"84ceb445-f048-4cd3-9063-f407bcd94051","319210e7-b5f8-45c0-a3d0-9e384b46c5ca","1000000","2000000","1000000","0","","12","24","100","100","","","","","","00000000-0000-0000-0000-000000000001","","2025-1-1 10:03","2025-1-1 10:03"
"de286115-4037-4437-bab5-fdb7be4816a0","58b4e1a8-1418-4da0-a57e-23d285891faf","5000000","10000000","5000000","25","","3","4","47","47","","","","","","00000000-0000-0000-0000-000000000001","","2025-1-1 10:23","2025-1-1 10:23"
"45ad9004-d163-4921-8635-ef292e07c819","b9e6ee77-95a5-4782-819e-2e9f0e39a9db","200000","500000","200000","0","","12","18","20","20","","","","","","00000000-0000-0000-0000-000000000001","","2025-1-1 11:13","2025-1-1 11:13"
"5d378793-dc6b-4d76-a434-96a0edd9e113","7484b19e-814d-4ca1-bfab-c1050e50b712","200000","500000","300000","0","","12","24","100","100","","","","","","00000000-0000-0000-0000-000000000001","","2025-1-1 14:03","2025-1-1 14:03"
"edc3dfdc-fbd8-4c3a-acd4-1dae1015f5b1","e0d7a709-6146-4915-83d7-1906b24f9ce6","200000","500000","0","25","","6","8","28","28","","","","","","00000000-0000-0000-0000-000000000001","","2025-1-1 15:04","2025-1-1 15:04"
"87c217dc-ed55-4539-8cef-a654d59aee58","605dc402-64b7-4ba9-9069-e705f4746b7c","500000","1000000","100000","20","","8","10","100","100","","","","","","00000000-0000-0000-0000-000000000001","","2025-1-1 18:18","2025-1-1 18:18"
"b3b6376c-44f2-4953-a4eb-f61aad34a7bf","3f8fddd3-f75d-4d55-8622-c998930adc92","500000","1000000","200000","30","","9","11","20","20","","","","","","00000000-0000-0000-0000-000000000001","","2025-1-1 19:09","2025-1-1 19:09"
"ca41b8ff-238c-4c65-8d7f-0b1fb4c978b0","be9dc891-8287-4cbd-9093-b658cae87d07","1500000","4000000","800000","8","","12","18","40","55","","","","","","00000000-0000-0000-0000-000000000001","","2025-1-1 23:59","2025-1-1 23:59"
"33cbf9b9-b086-4b67-96c0-7b71650920e2","20eb604e-6144-4ec8-9dfc-e504cfc576ea","1500000","3000000","600000","6","","12","18","35","60","","","","","","00000000-0000-0000-0000-000000000001","","2025-1-1 23:59","2025-1-1 23:59"
"8d60485d-0b7c-4f10-9c64-2e7c5f00bd93","945cd8b9-47c7-4093-b0ea-4531c6ced200","1200000","2500000","600000","6","","10","18","35","50","","","","","","00000000-0000-0000-0000-000000000001","","2025-1-1 23:59","2025-1-1 23:59"
"31cff207-a723-4bb9-aead-3a44a3651a1b","23483a03-aa1e-4e9e-862e-23a723901474","700000","1500000","200000","12","","6","11","40","50","","","","","","00000000-0000-0000-0000-000000000001","","2025-1-1 23:59","2025-1-1 23:59"
"ec244f5f-1a2c-4d90-ad0e-dae2a5d20cc1","70628840-212f-4377-8b18-8aa145bc292a","1200000","5000000","300000","5","","18","24","40","40","","","","","","00000000-0000-0000-0000-000000000001","","2025-1-1 23:59","2025-1-1 23:59"
"556fe543-0f92-4191-ac89-98d2f0835bce","6855aba8-d2c9-4cd6-aa86-bed08d0acfc8","500000","1000000","200000","","","6","11","100","100","","","","","","00000000-0000-0000-0000-000000000001","","2025-1-1 23:59","2025-1-1 23:59"
"724ec13c-3e19-48f9-b3b9-b0d755c30fa0","9bb91606-f058-4164-bcaa-87892da94227","500000","1000000","","0","","12","18","20","30","","","","","","00000000-0000-0000-0000-000000000001","","2025-1-1 23:59","2025-1-1 23:59"
"72ea86ae-205e-4cec-924a-15cd002c9888","5f399d54-407c-4b4a-98c7-aef9ad1600c6","2000000","5000000","600000","5","","18","24","25","35","","","","","","00000000-0000-0000-0000-000000000001","","2025-1-1 23:59","2025-1-1 23:59"
"a2352de2-88a2-46f7-be85-ffe20a8abb90","489d88bf-1f8d-4de9-b7f1-a863268d3126","200000","1800000","0","0","","6","24","10","25","","","","","","00000000-0000-0000-0000-000000000001","","2025-1-1 23:59","2025-1-1 23:59"
"28d51a30-32a3-4a8a-86e4-f48287636abb","f1ce23fc-d9bd-4514-83be-543b30357cb1","1200000","2000000","500000","0","","12","24","50","60","","","","","","00000000-0000-0000-0000-000000000001","","2025-1-1 3:53","2025-1-1 3:53"
"1ac537e7-91d9-4b70-be16-632ed5e76234","4af9efb4-507c-4d83-bac1-bfcb915174a4","1000000","2000000","300000","5","","12","24","62","62","","","","","","00000000-0000-0000-0000-000000000001","","2025-1-1 14:42","2025-1-1 14:42"
"c6e19081-4482-4a0c-9e52-e8228113bdca","38561e9f-265f-4bd5-9e6f-4d4c001fab1e","2000000","3000000","200000","10","","8","12","80","80","","","","","","00000000-0000-0000-0000-000000000001","","2025-1-1 20:48","2025-1-1 20:48"
"a117a46e-10bd-4136-868e-c4b3669d8125","fb0b305f-4c8f-43af-acc7-5619797e05a7","200000","1500000","150000","2","","12","24","40","40","","","","","","00000000-0000-0000-0000-000000000001","","2025-1-1 22:10","2025-1-1 22:10"
"ed5d49e9-f806-4758-bd19-86fe335370fc","fbb1242f-32be-4c01-b085-b98486a13802","1000000","2500000","400000","5","","12","14","30","30","","","","","","00000000-0000-0000-0000-000000000001","","2025-1-1 23:57","2025-1-1 23:57"
"f9eba1a7-a5ff-4e76-8c07-ad2a3f615ec6","bb624860-ff6d-416a-bd40-2458aeefed6c","1000000","1500000","250000","","","9","11","","","","","","","","00000000-0000-0000-0000-000000000001","","2025-1-1 23:59","2025-1-1 23:59"
"36347fdc-9f2b-449f-8b46-22dbfa692eb1","d93c950c-ab6f-4a07-b92b-33b89adc419b","1500000","2000000","500000","5","","12","24","30","40","","","","","","00000000-0000-0000-0000-000000000001","","2025-1-1 23:59","2025-1-1 23:59"
"7756c6ac-6bf3-4b04-9620-488cbc5a9e14","12c8ab8c-e4fd-4910-8bce-ef630b9e6491","3000000","5000000","650000","7","","24","36","36","36","","","","","","00000000-0000-0000-0000-000000000001","","2025-1-1 11:49","2025-1-1 11:49"
"492edb5e-fa3f-48a9-b361-349265a00639","64afff51-8b14-4193-a750-6c03763a23b4","2000000","3000000","500000","16","","6","12","30","50","","","","","","00000000-0000-0000-0000-000000000001","","2025-1-1 23:59","2025-1-1 23:59"
"8e72dacd-a3e9-43b7-8989-f2257181a19c","3431dd32-d63e-4fce-8a7b-488a02dadf73","500000","1000000","200000","2","","12","24","40","60","","","","","","00000000-0000-0000-0000-000000000001","","2025-1-1 23:59","2025-1-1 23:59"
"e4266211-c248-445d-95c3-a54f796fedcc","c6444da3-7bf0-44e7-a219-85d4e84bded4","17500000","25000000","500000","0","","36","48","12","24","","","","","","00000000-0000-0000-0000-000000000001","","2025-1-1 23:59","2025-1-1 23:59"
"e6c9e962-7258-4173-902e-857900f72892","b702b30c-ea16-4a5b-8d78-13f8c41c51d3","2000000","3000000","500000","35","","12","12","70","70","","","","","","00000000-0000-0000-0000-000000000001","","2025-1-1 23:59","2025-1-1 23:59"
"e7b560b0-b372-4da2-bab9-925e2fc8c246","7d07fbd9-d1a5-4820-8ff8-c1120ea6ff06","1000000","2000000","200000","30","","24","36","30","30","","","","","","00000000-0000-0000-0000-000000000001","","2025-1-1 23:59","2025-1-1 23:59"
"3399057e-b1d4-4719-be16-0e2707a249e1","0b66ede6-6a9d-4dc1-a71e-d4ac5db22f6f","800000","1500000","150000","25","","24","36","25","40","","","","","","00000000-0000-0000-0000-000000000001","","2025-1-1 23:59","2025-1-1 23:59"
"fe00483e-0fb8-497f-8c60-ca12abffc88e","606a879b-da69-4f28-bb62-7d6928c5bfda","3000000","5000000","236000","38","","12","36","62","62","","","","","","00000000-0000-0000-0000-000000000001","","2025-1-1 23:59","2025-1-1 23:59"
"d1c20a35-eb2b-4531-a777-9cc9ba0e06e1","51de79ee-7094-4b9e-8fd8-36c14770b17d","3000000","5000000","500000","38","","12","24","50","50","","","","","","00000000-0000-0000-0000-000000000001","","2025-1-1 23:59","2025-1-1 23:59"
"61bf243f-3c34-40d7-8616-1e0bdb61aadc","1fac6fce-3ca3-41c6-a470-541370486496","5000000","10000000","60000","20","","24","36","40","40","","","","","","00000000-0000-0000-0000-000000000001","","2025-1-1 23:59","2025-1-1 23:59"
"a3c5626c-dbf2-4cfe-b718-a4bbd73ba5a4","7ead3192-9970-4ca4-9492-1e653cba5c40","5000000","10000000","1000000","5","","12","24","99","99","","","","","","00000000-0000-0000-0000-000000000001","","2025-1-1 23:59","2025-1-1 23:59"
"0193b99a-0563-46cc-b201-90569a840ec1","b369aafb-788d-48c2-a292-1227e246c5e2","50000","200000","100000","5","","12","24","20","20","","","","","","00000000-0000-0000-0000-000000000001","","2025-1-1 23:59","2025-1-1 23:59"
"75252b0a-dd99-4295-856a-a69e313c3ffa","4aafb50c-8cb6-4610-9232-89902077d0a3","10000","50000","","","","12","12","50","50","","","","","","00000000-0000-0000-0000-000000000001","","2025-1-1 23:59","2025-1-1 23:59"
"6862896f-63c7-4e2e-a007-908fbd233046","30a2d954-c1e6-4ca8-8b82-c27241094307","500000","1000000","","","","3","24","100","100","","","","","","00000000-0000-0000-0000-000000000001","","2025-1-1 23:59","2025-1-1 23:59"
"463872ff-ea85-4493-94ff-68afbee3e021","490c8da9-056b-42c8-953b-790ae0d96980","2000000","3000000","50000","2","","12","36","100","100","","","","","","00000000-0000-0000-0000-000000000001","","2025-1-1 23:59","2025-1-1 23:59"
"9d67088d-f1e9-4488-988d-85d8ff8936a1","e75e0dd4-68dc-4253-ba10-c66dbc68af66","2000000","3000000","250000","5","","12","12","20","20","","","","","","00000000-0000-0000-0000-000000000001","","2025-1-1 23:59","2025-1-1 23:59"
"d618d62d-f7b5-4bc2-b364-68cf405e4a65","3ab4cfd1-65bf-4466-b000-fa986136cf8a","500000","1000000","0","25","","24","48","25","25","","","","","","00000000-0000-0000-0000-000000000001","","2025-1-1 23:59","2025-1-1 23:59"
"9983826f-dbf0-4703-badd-dea96e149473","52e386d0-16ce-48fa-91c9-75e6dc633959","50000","200000","0","10","","6","8","25","25","","","","","","00000000-0000-0000-0000-000000000001","","2025-1-1 23:59","2025-1-1 23:59"
"3bf6fbe0-6ab8-4348-88d3-f978971d3d8c","1ae94dc8-64ad-42e0-9650-72d9fe7e83c5","200000","500000","200000","","","","","","","","","","","","00000000-0000-0000-0000-000000000001","","2025-1-1 18:15","2025-1-1 23:59"
"e29bf1bc-9cee-47b0-887a-35bd824747af","b1966850-3f94-4893-8f7e-c6d27ee51461","20000000","50000000","2000000","","","","","","","","","","","","00000000-0000-0000-0000-000000000001","","2025-1-1 18:15","2025-1-1 23:59"
"6d11c0ae-8e3f-411b-967a-13ebd29890af","3fdfc493-e614-4001-b564-8169665b6043","5000000","7500000","500000","","","","","","","","","","","","00000000-0000-0000-0000-000000000001","","2025-1-1 18:15","2025-1-1 23:59"
"d01d9825-cb36-4588-81f9-53a3ad523557","7c3e49a3-81b4-48ae-b744-c00b8dc05568","5000000","7500000","200000","","","","","","","","","","","","00000000-0000-0000-0000-000000000001","","2025-1-1 18:15","2025-1-1 23:59"
"d3da45b3-0074-4209-acc9-6d6c93ddc7aa","5c90c0fb-38e7-441d-a4b3-932c8d19d915","","","","","","","","","","","","","","","00000000-0000-0000-0000-000000000001","","2025-1-1 18:15","2025-1-1 23:59"
"a84c3717-c831-4817-893c-777f7b35a391","58e2d28f-d82e-4377-ae5d-34600e0382a9","100000","200000","","","","","","","","","","","","","00000000-0000-0000-0000-000000000001","","2025-1-1 18:15","2025-1-1 23:59"
"cff8a4f6-d587-4e8f-aee7-62749399193e","9dfffdd4-1e58-4269-9d0e-cf773083ffaf","1000000","1500000","200000","","","","","","","","","","","","00000000-0000-0000-0000-000000000001","","2025-1-1 18:15","2025-1-1 23:59"
"1e26c699-fa2a-4593-8b35-b077edf7c0c7","b6cb22e1-d94a-4a31-a69c-d7cebd7e2da1","50000000","100000000","500000","","","","","","","","","","","","00000000-0000-0000-0000-000000000001","","2025-1-1 18:15","2025-1-1 23:59"
"9f967f99-61b4-406d-ad55-198f761999f2","b5e867d7-e04d-4974-b1dc-1e8d7a45c77f","7500000","10000000","200000","","","","","","","","","","","","00000000-0000-0000-0000-000000000001","","2025-1-1 18:15","2025-1-1 23:59"
"e05b5980-e2df-449b-917f-33f6d4900d6a","5d6e645a-ca76-4ed6-9c3a-65688ee1dd02","2000000","3000000","500000","","","","","","","","","","","","00000000-0000-0000-0000-000000000001","","2025-1-1 18:15","2025-1-1 23:59"
"04341f3f-d231-41ed-8f36-0a4188d7cd13","9aaac6a3-893d-407f-bc56-2440ef3e5e74","1000000","1500000","200000","","","","","","","","","","","","00000000-0000-0000-0000-000000000001","","2025-1-1 18:15","2025-1-1 23:59"
"9148a624-6a7a-4703-b5bc-5ec32577f909","6efcf26f-b96d-467f-b08d-40957a446d85","1000000","1500000","500000","","","","","","","","","","","","00000000-0000-0000-0000-000000000001","","2025-1-1 18:15","2025-1-1 23:59"
"16c7422c-33a5-45b8-a4ae-b3b98342115f","5aec5231-9a13-4ec6-b378-d5964efadc4a","1500000","2000000","200000","","","","","","","","","","","","00000000-0000-0000-0000-000000000001","","2025-1-1 18:15","2025-1-1 23:59"
"31a31d3b-4efe-454b-aa2f-f807c55a9428","f8b3e14e-2a1b-4ca1-a862-ff8ba9e173ca","7500000","10000000","500000","","","","","","","","","","","","00000000-0000-0000-0000-000000000001","","2025-1-1 18:15","2025-1-1 23:59"
"2a9067bc-a23e-41b9-9a04-f3ea8ad6942a","2181d9cf-6d6b-4078-acee-317b4cc66ce9","1000000","1500000","200000","","","","","","","","","","","","00000000-0000-0000-0000-000000000001","","2025-1-1 18:15","2025-1-1 23:59"
"9730333a-6b19-4e9b-882e-73323e961ccf","42b424ae-4fe6-499f-8da7-eba2f6369b6b","1000000","1500000","200000","","","","","","","","","","","","00000000-0000-0000-0000-000000000001","","2025-1-1 18:15","2025-1-1 23:59"
"714ff398-809d-42d2-ad2b-3280a60f432d","c6e5a3dd-2b86-49aa-b104-e0a6873c8d0a","3000000","4000000","200000","","","","","","","","","","","","00000000-0000-0000-0000-000000000001","","2025-1-1 18:15","2025-1-1 23:59"
"83c3e550-7e18-4123-a5c5-74a86fe60e39","d38aabdb-219c-4f57-a903-7cc8b78a3158","200000","500000","200000","","","","","","","","","","","","00000000-0000-0000-0000-000000000001","","2025-1-1 18:15","2025-1-1 23:59"
"16ec9cf2-27f4-4c32-9fb7-5e2606d62332","8d1f2c2b-4dd4-4959-8ec7-375edd59f999","1000000","1500000","100000","","","","","","","","","","","","00000000-0000-0000-0000-000000000001","","2025-1-1 18:15","2025-1-1 23:59"
"3bc4f9f7-9734-4316-b0d8-a593ab8fe485","a7eebaa7-a429-4489-b0f0-1f29b069af63","1500000","2000000","200000","","","","","","","","","","","","00000000-0000-0000-0000-000000000001","","2025-1-1 18:15","2025-1-1 23:59"
"75e67cd0-404f-4d4c-98a9-f2be71f9f420","496ce3e5-cf47-4bf4-8874-b4572a97def5","10000000","20000000","500000","","","","","","","","","","","","00000000-0000-0000-0000-000000000001","","2025-1-1 18:15","2025-1-1 23:59"
"51a784a0-e5c6-4180-bd9b-35d9a7486bbc","a42c35fe-e9bd-42b0-8787-966596a54f97","50000000","100000000","2000000","","","","","","","","","","","","00000000-0000-0000-0000-000000000001","","2025-1-1 18:15","2025-1-1 23:59"
"c15a6a0e-0f34-475e-841a-6619ba7e7d82","5d130317-45b7-4caa-aa92-b38fabf64bd8","5000000","7500000","500000","","","","","","","","","","","","00000000-0000-0000-0000-000000000001","","2025-1-1 18:15","2025-1-1 23:59"
"0a3da041-536a-418e-ac89-abab89f6d5f4","757661f5-15bb-4634-87a2-e83e5e4ac1be","200000","500000","","","","","","","","","","","","","00000000-0000-0000-0000-000000000001","","2025-1-1 18:15","2025-1-1 23:59"
"2a74ab75-2a0c-426b-b950-4ff2d05a857b","46bdfbfd-5076-4275-808a-0654c0f16d64","10000000","20000000","1000000","","","","","","","","","","","","00000000-0000-0000-0000-000000000001","","2025-1-1 18:15","2025-1-1 23:59"
"1f9299ff-4060-4337-b9ec-64b4aba24d88","13b02d85-0b21-41df-a42b-a3e69627c361","3000000","4000000","100000","","","","","","","","","","","","00000000-0000-0000-0000-000000000001","","2025-1-1 18:15","2025-1-1 23:59"
"f2fcd382-7855-4ad5-b46b-2adaa8332270","685e5824-24fc-4845-b14b-c910e3724267","10000000","20000000","1000000","","","","","","","","","","","","00000000-0000-0000-0000-000000000001","","2025-1-1 18:15","2025-1-1 23:59"
"6a987563-d161-4131-9f72-2902e57c71bb","c7b53088-088e-47c7-880c-33fff141f5cc","10000000","20000000","","","","","","","","","","","","","00000000-0000-0000-0000-000000000001","","2025-1-1 18:15","2025-1-1 23:59"
"52547cbe-c8c7-40cd-b2d3-9cc71b2467ea","0c1a24dd-8ba8-49c0-9201-209dcec335ff","4000000","5000000","","","","","","","","","","","","","00000000-0000-0000-0000-000000000001","","2025-1-1 18:15","2025-1-1 23:59"
"998ef6f3-3548-4586-9553-54cfa717ae8e","513980c6-0171-4aff-a7f3-b55f1a3e291d","7500000","10000000","1500000","","","","","","","","","","","","00000000-0000-0000-0000-000000000001","","2025-1-1 18:15","2025-1-1 23:59"
"06be745e-2977-475c-ab2d-e95291a131f1","9ed14b2b-c050-40f4-a1be-9a0681fc1fcf","1500000","2000000","500000","","","","","","","","","","","","00000000-0000-0000-0000-000000000001","","2025-1-1 18:15","2025-1-1 23:59"
"37f803ee-fd63-47fe-8cc8-cbc7855fbe24","306adbb9-1cd9-4b86-a202-0cdd8351a725","500000","1000000","200000","","","","","","","","","","","","00000000-0000-0000-0000-000000000001","","2025-1-1 18:15","2025-1-1 23:59"
"6e8d3bf0-e14b-4dcb-aeef-930bc8db9103","ac9a69a5-6742-4c61-a0fc-357ffaacb990","4000000","5000000","","","","","","","","","","","","","00000000-0000-0000-0000-000000000001","","2025-1-1 18:15","2025-1-1 23:59"
"c8420649-eafa-431a-8d2a-7ca3c576d46f","dea2856c-266c-404b-ba9a-660bf0018d47","2000000","3000000","200000","","","","","","","","","","","","00000000-0000-0000-0000-000000000001","","2025-1-1 18:15","2025-1-1 23:59"
"21f36869-45c2-4857-b052-a4a40d0010dd","6e7e1589-f738-4d22-98b1-15f122e473ce","2000000","3000000","500000","","","","","","","","","","","","00000000-0000-0000-0000-000000000001","","2025-1-1 18:15","2025-1-1 23:59"
"bac43071-84be-40f8-8673-d5003177f369","1984c3e0-e84b-4f1b-9983-778f9dfd90fc","3000000","4000000","500000","","","","","","","","","","","","00000000-0000-0000-0000-000000000001","","2025-1-1 18:15","2025-1-1 23:59"
"67b6b66d-0743-44c9-a025-f66a0bbc10fe","fa32c4a3-f72f-4edc-85d4-51bde717a0a9","500000","1000000","","","","","","","","","","","","","00000000-0000-0000-0000-000000000001","","2025-1-1 18:15","2025-1-1 23:59"
"fd703617-a451-432b-9d58-c56021a19130","add4ca64-cde4-4c81-8e58-d521d898372b","2000000","3000000","500000","","","","","","","","","","","","00000000-0000-0000-0000-000000000001","","2025-1-1 18:15","2025-1-1 23:59"
"5d42b8cb-d68c-4920-ab63-96d4fba9187f","a39cf9a7-18eb-40d7-a536-ac1a43690702","","","","","","","","","","","","","","","00000000-0000-0000-0000-000000000001","","2025-1-1 18:15","2025-1-1 23:59"
"3b259ed2-3218-439f-b9d5-e24803edef49","9c4c8994-4d2e-45ee-98ff-0dc08f89f6dc","1500000","2000000","200000","","","","","","","","","","","","00000000-0000-0000-0000-000000000001","","2025-1-1 18:15","2025-1-1 23:59"
"8daf4f03-3210-47ba-a71f-92630eb1d5b1","11ec541c-8d14-4ee5-ba4c-dabf82387746","1000000","1500000","","","","","","","","","","","","","00000000-0000-0000-0000-000000000001","","2025-1-1 18:15","2025-1-1 23:59"
"86bf9f67-474f-42bc-add1-663a4e9d7d11","e82dbdfb-34d6-4427-99f1-7334e55a59eb","1000000","1500000","200000","","","","","","","","","","","","00000000-0000-0000-0000-000000000001","","2025-1-1 18:15","2025-1-1 23:59"
"3ea3376b-ee6a-4a1d-aff3-6747bb0ea911","4a4b2be6-742f-4690-bdb4-7f307761ef4c","1500000","2000000","","","","","","","","","","","","","00000000-0000-0000-0000-000000000001","","2025-1-1 18:15","2025-1-1 23:59"
"7706ddee-b548-4554-b04a-2fb5f07ecfb3","b30cf2fe-a449-40e7-9afa-3ce7a29cf2ec","20000000","50000000","2000000","","","","","","","","","","","","00000000-0000-0000-0000-000000000001","","2025-1-1 18:15","2025-1-1 23:59"
"040f450f-529e-477e-86c7-3cff118b7195","7a48f43c-7ccb-480c-8b26-77c5994cb82e","2000000","3000000","500000","","","","","","","","","","","","00000000-0000-0000-0000-000000000001","","2025-1-1 18:15","2025-1-1 23:59"
"0037b0aa-8b6e-4bb0-974c-fdd7f2d89528","6e313ad1-9e12-4d70-853a-944f567a0acb","200000","500000","100000","","","","","","","","","","","","00000000-0000-0000-0000-000000000001","","2025-1-1 18:15","2025-1-1 23:59"
"da2f3c67-6b39-4ae2-9e22-96b27ff84cf2","3cac3d1d-27d2-4009-8a0f-9cd03a389407","1000000","1500000","200000","","","","","","","","","","","","00000000-0000-0000-0000-000000000001","","2025-1-1 18:15","2025-1-1 23:59"
"7f568f2b-bfe0-466e-bc39-d5e6ca89ebd9","0646a3ac-eaf3-406e-ac72-d59fddb63b78","100000","200000","","","","","","","","","","","","","00000000-0000-0000-0000-000000000001","","2025-1-1 18:15","2025-1-1 23:59"
"c18b29fe-730b-4306-bfa9-4ab38970e8fc","c4c6e592-e9bc-4518-b791-482f31803ead","100000","200000","","","","","","","","","","","","","00000000-0000-0000-0000-000000000001","","2025-1-1 18:15","2025-1-1 23:59"
"f62e276f-beba-44b3-bc85-f73e8cac20f5","b99cc638-61d0-49c1-ba47-9fbd822a1ccf","7500000","10000000","500000","","","","","","","","","","","","00000000-0000-0000-0000-000000000001","","2025-1-1 18:15","2025-1-1 23:59"
"5e4ab921-7716-4b7e-ad51-2c454510c995","91dd4711-5e07-4a7e-8a75-d8384fc158b9","1000000","1500000","100000","","","","","","","","","","","","00000000-0000-0000-0000-000000000001","","2025-1-1 18:15","2025-1-1 23:59"
"b1a52827-6ecc-4e31-8db3-a00d79f8d5f7","3b4bb16e-1882-4bbf-b79f-0ffd13491af4","500000","1000000","100000","","","","","","","","","","","","00000000-0000-0000-0000-000000000001","","2025-1-1 18:15","2025-1-1 23:59"
"f9cb7db4-63b0-428d-bac2-07eb6e7032bd","5e12d3d4-5738-4955-94e3-03608f6a6ab8","1500000","2000000","200000","","","","","","","","","","","","00000000-0000-0000-0000-000000000001","","2025-1-1 18:15","2025-1-1 23:59"
"698c40d0-9b37-4dbd-9694-aabc1afc2382","3ae8b196-9e9d-443e-b1e5-df65526686e3","200000","500000","100000","","","","","","","","","","","","00000000-0000-0000-0000-000000000001","","2025-1-1 18:15","2025-1-1 23:59"
"cde68a5e-f736-44c8-b6ff-77bc48a064d7","146c0b9a-7f1a-4349-acbb-9e635b67f0ed","1500000","2000000","200000","","","","","","","","","","","","00000000-0000-0000-0000-000000000001","","2025-1-1 18:15","2025-1-1 23:59"
"d9cfe2de-e77f-495c-b42e-57d0e015f81e","668b8c49-6dd3-4e0d-ab5a-1ae6a0e1829d","10000000","20000000","100000","","","","","","","","","","","","00000000-0000-0000-0000-000000000001","","2025-1-1 18:15","2025-1-1 23:59"
"8591aa34-2daf-449a-a888-45b974eea68e","f3a87cae-1f95-490d-9dbc-8f0759a06895","2000000","3000000","200000","","","","","","","","","","","","00000000-0000-0000-0000-000000000001","","2025-1-1 18:15","2025-1-1 23:59"
"73997cdf-a400-434b-9e5b-87c964333fda","58e082bd-8ad9-4ee9-92ca-be29f3892f4b","200000","500000","50000","","","","","","","","","","","","00000000-0000-0000-0000-000000000001","","2025-1-1 18:15","2025-1-1 23:59"
"447ec411-1b8c-40d8-88f4-0615a4ed7a7a","5ac44d91-d7c0-4ddb-ba5c-e152d8954bf7","2000000","3000000","1500000","","","","","","","","","","","","00000000-0000-0000-0000-000000000001","","2025-1-1 18:15","2025-1-1 23:59"
"2d99ad17-7449-40f5-a3b7-28e1e43408a3","be84dd74-61cb-46bf-b3a8-953d79be7933","10000000","20000000","2000000","","","","","","","","","","","","00000000-0000-0000-0000-000000000001","","2025-1-1 18:15","2025-1-1 23:59"
"70bc9b08-07ec-4e44-acbd-7d0b92495510","a1396a46-d38e-4e0b-877e-7e0fd55be66a","2000000","3000000","","","","","","","","","","","","","00000000-0000-0000-0000-000000000001","","2025-1-1 18:15","2025-1-1 23:59"
"fece5801-4c6c-4d9e-b21d-60fa4316e101","368e80d9-3ba0-46d2-9979-67cbdb69ce6f","2000000","3000000","500000","","","","","","","","","","","","00000000-0000-0000-0000-000000000001","","2025-1-1 18:15","2025-1-1 23:59"
"0b3705a2-1208-498e-ad90-4155462dd9e7","0db4c3ee-7282-42aa-be41-21732c3658b6","2000000","3000000","200000","","","","","","","","","","","","00000000-0000-0000-0000-000000000001","","2025-1-1 18:15","2025-1-1 23:59"
"8cca8eeb-f27c-4540-b122-f839ad87b691","3f29e1a8-d818-4cc7-ae35-d92c4bcfa357","10000000","20000000","2000000","","","","","","","","","","","","00000000-0000-0000-0000-000000000001","","2025-1-1 18:15","2025-1-1 23:59"
"9f062af8-bd72-4baf-bba8-237749cb53a8","a5e859b4-6b8c-4036-b87b-04a4cb2b0181","","","200000","","","","","","","","","","","","00000000-0000-0000-0000-000000000001","","2025-1-1 18:15","2025-1-1 23:59"
"c1296743-2280-499a-a0bd-c56b22ae3073","49b564d1-e211-41fb-901b-bc102d9bea80","20000000","50000000","500000","","","","","","","","","","","","00000000-0000-0000-0000-000000000001","","2025-1-1 18:15","2025-1-1 23:59"
"5b23670f-d3b7-4836-9b0d-a67078171ba4","f75aaa41-acce-4021-99a0-070a49650240","1500000","2000000","","","","","","","","","","","","","00000000-0000-0000-0000-000000000001","","2025-1-1 18:15","2025-1-1 23:59"
"63e6a5f5-9ec2-4c3d-9a8b-1cb1fa7357be","e2d6be80-968a-41d6-985c-3d1526410c64","5000000","7500000","500000","","","","","","","","","","","","00000000-0000-0000-0000-000000000001","","2025-1-1 18:15","2025-1-1 23:59"
"9c1f68cb-42c0-4278-aaff-a6f909eb1336","4412b726-961e-4fd1-8338-a5b8552490bc","20000000","50000000","200000","","","","","","","","","","","","00000000-0000-0000-0000-000000000001","","2025-1-1 18:15","2025-1-1 23:59"
"5e50ebee-4f78-4a93-af4c-eaa20cc8eff2","ffc26e8a-e1ca-436f-86c0-8947b436fd79","5000000","7500000","","","","","","","","","","","","","00000000-0000-0000-0000-000000000001","","2025-1-1 18:15","2025-1-1 23:59"
"886b7d5f-fc3f-4107-b821-5beff9aaf23c","7e6708bc-282e-4db5-b896-947f0d407cb2","20000000","50000000","500000","","","","","","","","","","","","00000000-0000-0000-0000-000000000001","","2025-1-1 18:15","2025-1-1 23:59"
"747b5b4b-a2fb-48f4-ad53-0b8e85471495","63e8fcdd-17af-4413-8cd1-39e2012795b1","7500000","10000000","","","","","","","","","","","","","00000000-0000-0000-0000-000000000001","","2025-1-1 18:15","2025-1-1 23:59"
"b468e7b7-ddaf-47f3-a40f-5ad97070aefe","b92f6992-01e1-4a17-ae71-059cf3c0f4c5","","","","","","","","","","","","","","","00000000-0000-0000-0000-000000000001","","2025-1-1 18:15","2025-1-1 23:59"
"f328b35c-57d4-47d5-8d26-c839cd9841f9","9cb52bae-6893-483a-9614-22be48d7030a","","","","","","","","","","","","","","","00000000-0000-0000-0000-000000000001","","2025-1-1 18:15","2025-1-1 23:59"
"bbd1e29a-16ef-4cfc-b1b3-9b291d1df3d1","06b6e3d7-2a69-4879-8453-d20a2e06ac72","2000000","3000000","500000","","","","","","","","","","","","00000000-0000-0000-0000-000000000001","","2025-1-1 18:15","2025-1-1 23:59"
"286eb8a2-52a7-40e6-8fac-43e194f0307b","4dba6b15-ff3f-4c41-8b51-0946518c35ab","4000000","5000000","","","","","","","","","","","","","00000000-0000-0000-0000-000000000001","","2025-1-1 18:15","2025-1-1 23:59"
"d9ab9973-5cfb-493d-8c5a-133132a8397c","1aee7828-e8ca-4951-b955-3d272a66dbc4","500000","1000000","50000","","","","","","","","","","","","00000000-0000-0000-0000-000000000001","","2025-1-1 18:15","2025-1-1 23:59"
"b95f0563-ec29-4945-b64f-c854dc901fbc","641d1345-19c9-4711-89e0-b9bd5db58643","500000","1000000","100000","","","","","","","","","","","","00000000-0000-0000-0000-000000000001","","2025-1-1 18:15","2025-1-1 23:59"
"223c0d78-507d-4bc7-ac9d-1c3369f2472a","e22fba63-c32b-4be4-8707-c42476609842","3000000","4000000","","","","","","","","","","","","","00000000-0000-0000-0000-000000000001","","2025-1-1 18:15","2025-1-1 23:59"
"dd255395-71be-419e-840d-a98f489c8ac9","9d3c202d-9381-4147-92a2-c889ecd68121","1000000","1500000","200000","","","","","","","","","","","","00000000-0000-0000-0000-000000000001","","2025-1-1 18:15","2025-1-1 23:59"
"2fea898e-fbe4-4682-bf6a-86bcae775fed","f73cf74b-e2d3-469e-959f-52fc1a245bce","","","1000000","","","","","","","","","","","","00000000-0000-0000-0000-000000000001","","2025-1-1 18:15","2025-1-1 23:59"
"fcce4da4-8c54-4e34-bb6c-cbe33b8e5ab1","2ab72a84-be1d-4f96-bfc6-cbf4113c345d","2000000","3000000","","","","","","","","","","","","","00000000-0000-0000-0000-000000000001","","2025-1-1 18:15","2025-1-1 23:59"
"84e9cd3b-e095-4ce8-93b1-6c76d16f1e0d","f90c3450-c059-4971-afde-fa199ffc1790","","50000","","","","","","","","","","","","","00000000-0000-0000-0000-000000000001","","2025-1-1 18:15","2025-1-1 23:59"
"5488c153-4f65-4b9d-ac6c-cf84b57be906","8ffc9f7a-c3a4-404a-8794-b81f3fa7176d","7500000","10000000","200000","","","","","","","","","","","","00000000-0000-0000-0000-000000000001","","2025-1-1 18:15","2025-1-1 23:59"
"0c952219-d640-4583-92b7-2db0314dd3dd","2bded616-68d1-448d-ae54-1bcf470b058f","3000000","4000000","50000","","","","","","","","","","","","00000000-0000-0000-0000-000000000001","","2025-1-1 18:15","2025-1-1 23:59"
"16517c2a-44d3-4c32-9005-459f6e117df2","61a026f1-84fe-4e23-981c-dc964514ca67","1500000","2000000","200000","","","","","","","","","","","","00000000-0000-0000-0000-000000000001","","2025-1-1 18:15","2025-1-1 23:59"
"a9b8ff95-0e0d-4d23-a43a-ee84f0994283","d39d234b-6ab8-4219-809e-d08dcb0e0f25","100000","200000","","","","","","","","","","","","","00000000-0000-0000-0000-000000000001","","2025-1-1 18:15","2025-1-1 23:59"
"538dd8ac-1fd6-498e-ae47-7fe3168fe3bd","5e827729-112a-49f4-8575-eb8cfc74b271","2000000","3000000","50000","","","","","","","","","","","","00000000-0000-0000-0000-000000000001","","2025-1-1 18:15","2025-1-1 23:59"
"ec773317-3b9c-4cdf-9368-da5dad8f5539","72e6add9-4743-4221-8a37-504502dbca6b","2000000","3000000","100000","","","","","","","","","","","","00000000-0000-0000-0000-000000000001","","2025-1-1 18:15","2025-1-1 23:59"
"4cb85a63-cead-4151-82c6-06a84b0d5558","8bda802f-25a5-4d3b-a073-e775b8254f4d","","","","","","","","","","","","","","","00000000-0000-0000-0000-000000000001","","2025-1-1 18:15","2025-1-1 23:59"
"9a2fc21d-cf55-45ce-b006-f72aa80fd546","ad2f745b-ddda-4165-b428-6274b3a3294c","2000000","3000000","100000","","","","","","","","","","","","00000000-0000-0000-0000-000000000001","","2025-1-1 18:15","2025-1-1 23:59"
"4d7ba4f8-5f92-4e40-9f32-48d9a806ae4a","26e419c5-022d-401b-81b0-e1c58f24aa39","200000","500000","","","","","","","","","","","","","00000000-0000-0000-0000-000000000001","","2025-1-1 18:15","2025-1-1 23:59"
"9610a77b-c772-42fe-b5ed-2422a40b0f1f","ee22ea13-04d5-4669-b113-1ee8a1c679f7","50000","100000","","","","","","","","","","","","","00000000-0000-0000-0000-000000000001","","2025-1-1 18:15","2025-1-1 23:59"
"e2925911-75e7-4dba-adce-d0249738e4f1","dbe4e874-1e0a-44f1-9c88-23243a97f81d","2000000","3000000","200000","","","","","","","","","","","","00000000-0000-0000-0000-000000000001","","2025-1-1 18:15","2025-1-1 23:59"
"64a167b3-20c1-46b6-b6a1-c5ae9bbdcc1a","7b1471a1-c276-4f1c-9750-efa7cf61e6f1","10000000","20000000","","","","","","","","","","","","","00000000-0000-0000-0000-000000000001","","2025-1-1 18:15","2025-1-1 23:59"
"0653ab06-6543-4fae-8b0e-943c8c0b0b75","285a8087-2909-4baa-b959-149231119cea","1500000","2000000","100000","","","","","","","","","","","","00000000-0000-0000-0000-000000000001","","2025-1-1 18:15","2025-1-1 23:59"
"be339f5c-8195-48a2-94eb-3186fa93620e","7d4c71df-a292-4891-88e5-5beda4329583","1000000","1500000","","","","","","","","","","","","","00000000-0000-0000-0000-000000000001","","2025-1-1 18:15","2025-1-1 23:59"
"b8c612f8-e217-4e5e-bffe-9396b10ae246","c1719752-43d5-4d87-bc55-62bed966380d","1500000","2000000","200000","","","","","","","","","","","","00000000-0000-0000-0000-000000000001","","2025-1-1 18:15","2025-1-1 23:59"
"48634715-5980-4fa6-8750-04d0a3d45631","757c944a-c4f9-4134-9add-083e6a6d56fd","2000000","3000000","","","","","","","","","","","","","00000000-0000-0000-0000-000000000001","","2025-1-1 18:15","2025-1-1 23:59"
"3f38d63e-34f2-47f9-95a6-394eba40d3e0","4e56972b-761c-4f40-9a9f-7f636ecd4200","7500000","10000000","50000","","","","","","","","","","","","00000000-0000-0000-0000-000000000001","","2025-1-1 18:15","2025-1-1 23:59"
"88a1fc5a-9bad-4c0e-b80b-82054978d861","da3d6166-4173-4a53-99bd-458944546172","1000000","1500000","","","","","","","","","","","","","00000000-0000-0000-0000-000000000001","","2025-1-1 18:15","2025-1-1 23:59"
"447de0aa-6f5c-4795-8b07-63d0cfd86f68","33e33b88-95cc-4c7c-86f6-bb90ba44b957","200000","500000","","","","","","","","","","","","","00000000-0000-0000-0000-000000000001","","2025-1-1 18:15","2025-1-1 23:59"
"22c9b570-6ec4-4a0c-9ac4-8a2072d80b57","22315914-73c8-4e93-bffa-3e10e9040df0","1000000","1500000","","","","","","","","","","","","","00000000-0000-0000-0000-000000000001","","2025-1-1 18:15","2025-1-1 23:59"
"581fbcab-1b91-4862-a231-0c16b3fcbe29","f14dff5b-0538-465c-bc0c-d69cd2276f8e","500000","1000000","100000","","","","","","","","","","","","00000000-0000-0000-0000-000000000001","","2025-1-1 18:15","2025-1-1 23:59"
"3f12e79a-1a67-430d-91e8-e1e42568e94e","75039b3b-5884-4db7-802a-1aaa9e74a3ec","10000000","20000000","1000000","","","","","","","","","","","","00000000-0000-0000-0000-000000000001","","2025-1-1 18:15","2025-1-1 23:59"
"b8fba44c-da43-4871-abd2-762c186da4a7","6e8ec2e7-0bdf-4dcd-a470-1796fecfca0e","100000","200000","","","","","","","","","","","","","00000000-0000-0000-0000-000000000001","","2025-1-1 18:15","2025-1-1 23:59"
"2b036662-295c-4292-bb5b-1a2ffa463122","a98ca601-52f4-442e-88f0-472b1708df1d","10000000","20000000","1000000","","","","","","","","","","","","00000000-0000-0000-0000-000000000001","","2025-1-1 18:15","2025-1-1 23:59"
"c355e94b-1b07-42c0-b8b4-a871657c81e8","eeb9d325-2e52-4a03-94b8-9a670ad67ec2","2000000","3000000","100000","","","","","","","","","","","","00000000-0000-0000-0000-000000000001","","2025-1-1 18:15","2025-1-1 23:59"
"433e54a0-ff41-4e19-8961-d9aae37a5b77","2341d0f7-22a2-42e5-9bff-ec9b7adfb974","10000000","20000000","","","","","","","","","","","","","00000000-0000-0000-0000-000000000001","","2025-1-1 18:15","2025-1-1 23:59"
"de6a6d72-8f75-41f5-9f91-667a526a8038","9972b15c-9e05-4cc9-b316-2f83608ae522","100000","200000","50000","","","","","","","","","","","","00000000-0000-0000-0000-000000000001","","2025-1-1 18:15","2025-1-1 23:59"
"3218dbd5-2bcd-4c08-b9e3-beaee076fc07","06150d99-d60c-4ac0-8c8f-85c06d1db882","500000","1000000","50000","","","","","","","","","","","","00000000-0000-0000-0000-000000000001","","2025-1-1 18:15","2025-1-1 23:59"
"522847a3-1c74-44c3-9c29-7dd59fbdfb1f","076f9595-f226-4efe-addd-f5ed721a824d","0","0","","","","","","","","","","","","","00000000-0000-0000-0000-000000000001","","2025-1-1 18:15","2025-1-1 23:59"
"8ab872fe-917a-4f82-82dd-b07992f0bb92","aed4ba4a-1cd7-40f2-a2f3-9e984cfa41a7","10000000","20000000","500000","","","","","","","","","","","","00000000-0000-0000-0000-000000000001","","2025-1-1 18:15","2025-1-1 23:59"
"72b7bfa4-036e-4284-bea8-46ecc437f61d","775e0274-77e9-4ad4-8bfb-c06aa4769738","1000000","1500000","200000","","","","","","","","","","","","00000000-0000-0000-0000-000000000001","","2025-1-1 18:15","2025-1-1 23:59"
"0f66aba9-c605-4776-8d68-8593a1847162","8f1e19a6-2f62-4caf-9650-4515099fd387","3000000","4000000","1000000","","","","","","","","","","","","00000000-0000-0000-0000-000000000001","","2025-1-1 18:15","2025-1-1 23:59"
"2c22c944-119b-48d4-a4f8-032a4cc37c57","aa385e8a-8282-4a6b-ba9e-0f4687c5521b","2000000","3000000","100000","","","","","","","","","","","","00000000-0000-0000-0000-000000000001","","2025-1-1 18:15","2025-1-1 23:59"
"2db1e85d-9b09-4291-9997-59b72c36b132","6bedb6b8-7dce-47de-b44e-d8e064f19564","1500000","2000000","200000","","","","","","","","","","","","00000000-0000-0000-0000-000000000001","","2025-1-1 18:15","2025-1-1 23:59"
"a4ff49f0-7737-4c24-99be-47021164da57","4de1a6a0-2773-413e-8c96-0f0b26d0c816","200000","500000","50000","","","","","","","","","","","","00000000-0000-0000-0000-000000000001","","2025-1-1 18:15","2025-1-1 23:59"
"ee673e6e-1b65-48fa-92a9-57c31db4c243","6f207baf-467a-4bc9-9d03-bde54065a98c","4000000","5000000","500000","","","","","","","","","","","","00000000-0000-0000-0000-000000000001","","2025-1-1 18:15","2025-1-1 23:59"
"c9dd901c-a872-4145-ba45-bb4d61457011","f499f3af-585e-42f3-8e89-14cdcc13fd6b","2000000","3000000","200000","","","","","","","","","","","","00000000-0000-0000-0000-000000000001","","2025-1-1 18:15","2025-1-1 23:59"
"0cc8e7f3-5e05-4dcb-ad93-234cf2a7c6c5","09b8df2f-b30f-498f-b8f6-92d468d6540b","7500000","10000000","3000000","","","","","","","","","","","","00000000-0000-0000-0000-000000000001","","2025-1-1 18:15","2025-1-1 23:59"
"a64b6241-2ee3-4e6a-b9d7-f1812e318c60","674336f4-d914-409b-a647-fb25d34bf997","500000","1000000","50000","","","","","","","","","","","","00000000-0000-0000-0000-000000000001","","2025-1-1 18:15","2025-1-1 23:59"
"acea5be4-aa96-446c-a0fc-67e1db395446","e31242a1-2af2-4f86-9d6c-d03bf00a4344","500000","1000000","","","","","","","","","","","","","00000000-0000-0000-0000-000000000001","","2025-1-1 18:15","2025-1-1 23:59"
"5fd9979f-3ac3-4462-83f0-529bf7b3c4e0","3c04ecc6-758e-4309-9772-ea49ae30fc60","200000","500000","200000","","","","","","","","","","","","00000000-0000-0000-0000-000000000001","","2025-1-1 18:15","2025-1-1 23:59"
"0fcbb177-d500-4b73-bc96-501d9deeaf43","82f31048-406f-4d7f-a046-99ec10729294","7500000","10000000","500000","","","","","","","","","","","","00000000-0000-0000-0000-000000000001","","2025-1-1 18:15","2025-1-1 23:59"
"7f6f92b3-9423-43f9-ac72-cc117c267622","7e62eaf4-e82d-4412-8156-99b31f23d11a","1000000","1500000","500000","","","","","","","","","","","","00000000-0000-0000-0000-000000000001","","2025-1-1 18:15","2025-1-1 23:59"
"ab389f8e-d7cc-4c80-ab88-4453948a2eec","6e904355-935b-417a-afc4-1c1ee02f6c6e","1500000","2000000","200000","","","","","","","","","","","","00000000-0000-0000-0000-000000000001","","2025-1-1 18:15","2025-1-1 23:59"
"9610276f-03aa-4e3a-98cd-45e398860070","fa9766ba-6af1-4fe6-9226-2e0127fed0dd","2000000","3000000","200000","","","","","","","","","","","","00000000-0000-0000-0000-000000000001","","2025-1-1 18:15","2025-1-1 23:59"
"d2994885-ef48-4aa5-bd33-d6065ab316d8","a2806baa-5276-4330-88f9-157074983c9e","10000000","20000000","","","","","","","","","","","","","00000000-0000-0000-0000-000000000001","","2025-1-1 18:15","2025-1-1 23:59"
"23e09927-41bc-4934-8f4d-2029a7ab1f7d","ca92bdd1-644b-4fc3-b09c-96bb1b3a73f8","3000000","4000000","1000000","","","","","","","","","","","","00000000-0000-0000-0000-000000000001","","2025-1-1 18:15","2025-1-1 23:59"
"5f40dd10-b534-440e-8093-55cc16b08a79","4a8e40e2-1a1a-4772-91db-67b726796311","1500000","2000000","200000","","","","","","","","","","","","00000000-0000-0000-0000-000000000001","","2025-1-1 18:15","2025-1-1 23:59"
"64d9e5e8-2b55-40cf-b96b-bd90b3591926","0998e044-04d4-450d-84a4-ee3c9202c54a","2000000","3000000","500000","","","","","","","","","","","","00000000-0000-0000-0000-000000000001","","2025-1-1 18:15","2025-1-1 23:59"
"745461e2-ae08-4bec-a2b9-ae2c0c1c4968","2c933293-67d1-4607-942f-368e051b750f","1000000","1500000","200000","","","","","","","","","","","","00000000-0000-0000-0000-000000000001","","2025-1-1 18:15","2025-1-1 23:59"
"20069495-9e71-4dc9-9646-553301b84d40","e99d0859-5f5c-44b7-ac06-667d0a2369b9","5000000","7500000","500000","","","","","","","","","","","","00000000-0000-0000-0000-000000000001","","2025-1-1 18:15","2025-1-1 23:59"
"9491fd85-2dd7-4735-b78f-b86400faccf6","218c53f0-6e82-4f96-99ff-3c2eb52272e3","1500000","2000000","200000","","","","","","","","","","","","00000000-0000-0000-0000-000000000001","","2025-1-1 18:15","2025-1-1 23:59"
"bffe3a5d-3c70-42d0-ac6f-d13da7c2a07c","1e28de06-db80-4a2c-aaa8-030a7d216912","1500000","2000000","100000","","","","","","","","","","","","00000000-0000-0000-0000-000000000001","","2025-1-1 18:15","2025-1-1 23:59"
"7d89d240-a603-4311-9dfe-de97fbfca9cd","f343d665-d06c-4faa-8187-ad6e20892009","1000000","1500000","200000","","","","","","","","","","","","00000000-0000-0000-0000-000000000001","","2025-1-1 18:15","2025-1-1 23:59"
"c784b828-c72b-4eef-82ef-02e1ab0208c9","4f2a1151-2589-40f8-af5b-e54701367688","1500000","2000000","200000","","","","","","","","","","","","00000000-0000-0000-0000-000000000001","","2025-1-1 18:15","2025-1-1 23:59"
"973013df-2bdc-4b78-a438-d2e1b8e1123b","5daa71f2-08a5-43cc-89e1-635c356945e4","1000000","1500000","100000","","","","","","","","","","","","00000000-0000-0000-0000-000000000001","","2025-1-1 18:15","2025-1-1 23:59"
"2d651190-c760-4b94-8769-d4e1bb5f0d93","ba806bbb-f5c0-4134-ab42-4c8563b70467","1500000","2000000","200000","","","","","","","","","","","","00000000-0000-0000-0000-000000000001","","2025-1-1 18:15","2025-1-1 23:59"
"96720526-c990-4b1d-96b8-fde8d617f45b","66e3a60e-b5dc-4f9c-b0df-26bd3798f3c6","1500000","2000000","200000","","","","","","","","","","","","00000000-0000-0000-0000-000000000001","","2025-1-1 18:15","2025-1-1 23:59"
"2fdc7045-e1f2-492a-808d-186516594da6","4005711e-07a2-45cc-8977-01fb3982dfef","2000000","3000000","200000","","","","","","","","","","","","00000000-0000-0000-0000-000000000001","","2025-1-1 18:15","2025-1-1 23:59"
"015eb690-68fd-467b-8604-0520b76aa3c6","c589e3a2-f85f-4f10-b8e3-7046fa1cc8a7","1000000","1500000","50000","","","","","","","","","","","","00000000-0000-0000-0000-000000000001","","2025-1-1 18:15","2025-1-1 23:59"
"832eab44-748a-4c4b-a514-5aab7c7bbaef","a0a00897-4556-4e9f-b321-063241732b52","4000000","5000000","","","","","","","","","","","","","00000000-0000-0000-0000-000000000001","","2025-1-1 18:15","2025-1-1 23:59"
"f08bfe48-641d-4618-8c74-0699f4877867","a6bad5c6-1430-47a0-a43d-c2476108cd24","500000","1000000","100000","","","","","","","","","","","","00000000-0000-0000-0000-000000000001","","2025-1-1 18:15","2025-1-1 23:59"
"8b7db043-0784-4511-9f81-fcf27a73a38b","9e2822ea-83fc-4841-9333-0250b98b5eb1","2000000","3000000","200000","","","","","","","","","","","","00000000-0000-0000-0000-000000000001","","2025-1-1 18:15","2025-1-1 23:59"
"def7f12f-0ed6-40d2-8ebf-099297ce5a5d","b062b012-f72d-44bb-ad21-d0a179942482","1000000","1500000","200000","","","","","","","","","","","","00000000-0000-0000-0000-000000000001","","2025-1-1 18:15","2025-1-1 23:59"
"6f8f190d-edcc-4702-ad1f-f8a54f8747df","d0ba7ddc-8dad-46b9-879f-1b41cf94484a","4000000","5000000","1500000","","","","","","","","","","","","00000000-0000-0000-0000-000000000001","","2025-1-1 18:15","2025-1-1 23:59"
"04f6ab54-0791-43f1-94ce-8e23dc0e6aff","aa9824ad-16d7-4803-ab6c-5fb84749e960","500000","1000000","200000","","","","","","","","","","","","00000000-0000-0000-0000-000000000001","","2025-1-1 18:15","2025-1-1 23:59"
"5567e4a4-b6c5-4e19-a839-3860c98e7db4","4d7c5f23-550b-4ec4-8bd9-e08d5c620d6d","100000","200000","","","","","","","","","","","","","00000000-0000-0000-0000-000000000001","","2025-1-1 18:15","2025-1-1 23:59"
"a16fbc54-3756-4251-b977-4ca536f3f889","4d6bbe5d-c539-4253-8e3d-f9d65f2d9cf8","","","200000","","","","","","","","","","","","00000000-0000-0000-0000-000000000001","","2025-1-1 18:15","2025-1-1 23:59"
"4c391490-145c-4458-85ba-263defd16f62","f4cbd01c-5086-423e-a1f6-435dcf73faee","10000000","20000000","1500000","","","","","","","","","","","","00000000-0000-0000-0000-000000000001","","2025-1-1 18:15","2025-1-1 23:59"
"ff0c3504-af1e-41f7-be5b-b9a65812a07f","c5aeca23-f605-4353-9da3-4553879fe767","1500000","2000000","200000","","","","","","","","","","","","00000000-0000-0000-0000-000000000001","","2025-1-1 18:15","2025-1-1 23:59"
"774c6fa4-5506-4985-a39a-110c90507d68","c9b0683f-b9b0-4990-b9a5-cc0aac1a7339","1000000","1500000","200000","","","","","","","","","","","","00000000-0000-0000-0000-000000000001","","2025-1-1 18:15","2025-1-1 23:59"
"ebf61536-2890-4ae8-b84e-afcc992a832f","820ee065-bd1e-4f26-bfab-9921c1de5e27","1500000","2000000","200000","","","","","","","","","","","","00000000-0000-0000-0000-000000000001","","2025-1-1 18:15","2025-1-1 23:59"
"55b55213-99e0-4302-a127-6594725a720a","601c379d-c035-4344-8031-fd154696ae58","2000000","3000000","500000","","","","","","","","","","","","00000000-0000-0000-0000-000000000001","","2025-1-1 18:15","2025-1-1 23:59"
"5a499119-3f33-45d5-b278-8e5543923c16","98ead1d7-7791-4749-b637-de01bcbd79fc","2000000","3000000","500000","","","","","","","","","","","","00000000-0000-0000-0000-000000000001","","2025-1-1 18:15","2025-1-1 23:59"
"3a82e47d-8ebd-4194-a309-197311d47834","264da3ef-6936-4ac7-aedd-dca2124bfaf7","100000","200000","50000","","","","","","","","","","","","00000000-0000-0000-0000-000000000001","","2025-1-1 18:15","2025-1-1 23:59"
"75c3736f-e5e8-4c90-ab66-85766a41a3f3","2420d57d-00d0-4bc8-83d3-b2630b0d89ce","3000000","4000000","1000000","","","","","","","","","","","","00000000-0000-0000-0000-000000000001","","2025-1-1 18:15","2025-1-1 23:59"
"d3b3b990-95c2-4458-a7c0-51e59bd88c8f","55023b30-eb85-4665-b9de-42e3ddab86a5","2000000","3000000","","","","","","","","","","","","","00000000-0000-0000-0000-000000000001","","2025-1-1 18:15","2025-1-1 23:59"
"97739b7c-497d-462e-9e26-ee45457e5ee4","2d447f80-94eb-4f41-be62-efca2c638f4a","2000000","3000000","100000","","","","","","","","","","","","00000000-0000-0000-0000-000000000001","","2025-1-1 18:15","2025-1-1 23:59"
"a756d233-92bf-44d3-9a9a-a1e834b34460","ef06aa17-c296-4e34-a384-11667b67f20e","2000000","3000000","200000","","","","","","","","","","","","00000000-0000-0000-0000-000000000001","","2025-1-1 18:15","2025-1-1 23:59"
"98ad0410-786e-4056-9b17-b5696cdcea9e","2e99317e-e0e2-439e-baaa-a784c7cdab64","1500000","2000000","200000","","","","","","","","","","","","00000000-0000-0000-0000-000000000001","","2025-1-1 18:15","2025-1-1 23:59"
"8cc46968-a9f4-4ad0-a2e7-4d0bf6716db2","13404652-c573-42cc-8743-5681bd8a8e75","500000","1000000","100000","","","","","","","","","","","","00000000-0000-0000-0000-000000000001","","2025-1-1 18:15","2025-1-1 23:59"
"efcd6de9-8914-433d-ac04-60afd972b017","cd8b6b50-a004-4dca-a897-8355845accd9","200000","500000","50000","","","","","","","","","","","","00000000-0000-0000-0000-000000000001","","2025-1-1 18:15","2025-1-1 23:59"
"0e87d7fd-a662-4a34-8006-fc1904fc0413","5b2a4879-83f2-436a-a059-88ad61a67d8d","200000","500000","50000","","","","","","","","","","","","00000000-0000-0000-0000-000000000001","","2025-1-1 18:15","2025-1-1 23:59"
"bb41cb4b-9627-4498-922b-cbaf3805a070","4769715b-b180-412d-b45e-e1c0d158ccb0","500000","1000000","100000","","","","","","","","","","","","00000000-0000-0000-0000-000000000001","","2025-1-1 18:15","2025-1-1 23:59"
"1adf3d01-fb61-429b-98eb-c9428a3f2c19","1535d502-0469-4daf-a1d8-160a9bfc25c7","2000000","3000000","1000000","","","","","","","","","","","","00000000-0000-0000-0000-000000000001","","2025-1-1 18:15","2025-1-1 23:59"
"f5ce9059-32f7-4b2e-8836-0b56ae576643","800ad2a4-73cd-485e-bf95-2811be10c209","500000","1000000","50000","","","","","","","","","","","","00000000-0000-0000-0000-000000000001","","2025-1-1 18:15","2025-1-1 23:59"
"42ffb907-5a57-4741-80f1-8c9ffbb25b8e","6da0ba7a-7efe-47d8-bb98-631999ec0ed8","500000","1000000","200000","","","","","","","","","","","","00000000-0000-0000-0000-000000000001","","2025-1-1 18:15","2025-1-1 23:59"
"1b0be5c7-2480-47da-b752-98d30fd25fed","008ba9a0-3420-4c4f-b94b-e98ccfb92464","500000","1000000","200000","","","","","","","","","","","","00000000-0000-0000-0000-000000000001","","2025-1-1 18:15","2025-1-1 23:59"
"55667af9-09de-4b97-a18a-78552cb4c648","d22f48ae-d7d8-4a74-ac06-5288a1002b49","5000000","7500000","4000000","","","","","","","","","","","","00000000-0000-0000-0000-000000000001","","2025-1-1 18:15","2025-1-1 23:59"
"aad36b35-0db6-4629-be8b-5099d234423e","342e1393-9b22-4e47-902d-b1ffda543e2b","1500000","2000000","200000","","","","","","","","","","","","00000000-0000-0000-0000-000000000001","","2025-1-1 18:15","2025-1-1 23:59"
"da002762-e486-4153-8225-9fdb31de87ea","00b912c4-79de-48fc-b9ea-339afe2dc898","500000","1000000","100000","","","","","","","","","","","","00000000-0000-0000-0000-000000000001","","2025-1-1 18:15","2025-1-1 23:59"
"c1b86ac8-955a-4362-b0eb-5c9ab1ec4aba","414fa8f9-2e34-476a-9214-30c75939ffd9","1500000","2000000","200000","","","","","","","","","","","","00000000-0000-0000-0000-000000000001","","2025-1-1 18:15","2025-1-1 23:59"
"18a250f8-02c1-4a6b-bd87-b8314172c606","9fefdd2b-67cf-4faf-8cf3-3595045d42b5","2000000","3000000","200000","","","","","","","","","","","","00000000-0000-0000-0000-000000000001","","2025-1-1 18:15","2025-1-1 23:59"
"d8a3461f-0b96-4c9e-bef0-565e6e678691","625a2450-a4cc-4dd6-a70f-1700e69cebd9","5000000","7500000","1000000","","","","","","","","","","","","00000000-0000-0000-0000-000000000001","","2025-1-1 18:15","2025-1-1 23:59"
"65a147c4-544f-4ec7-a354-e6d1809a1fab","9842fd12-0947-4aca-b1db-27fd59293d46","2000000","3000000","500000","","","","","","","","","","","","00000000-0000-0000-0000-000000000001","","2025-1-1 18:15","2025-1-1 23:59"
"eeb5f199-c374-4e19-bbe1-39ce0d773dba","330fae5f-bfe7-4d56-8b99-be93053b076b","3000000","4000000","1000000","","","","","","","","","","","","00000000-0000-0000-0000-000000000001","","2025-1-1 18:15","2025-1-1 23:59"
"a0b4fe30-f76a-449d-9d21-292b1f05a714","5a16267a-c6bc-48d0-b614-591fe851f2b5","1500000","2000000","200000","","","","","","","","","","","","00000000-0000-0000-0000-000000000001","","2025-1-1 18:15","2025-1-1 23:59"
"7a4a5989-6bef-4f7c-850e-d37d073da810","d4374ab7-d8cb-40c2-8b18-c303f7ac7180","2000000","3000000","200000","","","","","","","","","","","","00000000-0000-0000-0000-000000000001","","2025-1-1 18:15","2025-1-1 23:59"
"eb5f61b5-6ff6-4058-9f14-d3717ccdd7fa","78eab194-5c79-41ce-a88e-e2c78a25da83","100000","200000","50000","","","","","","","","","","","","00000000-0000-0000-0000-000000000001","","2025-1-1 18:15","2025-1-1 23:59"
"a9450e22-208d-49ba-ae74-65996f094468","ddf3c380-a91b-442d-a8dc-c864a9531881","5000000","7500000","200000","","","","","","","","","","","","00000000-0000-0000-0000-000000000001","","2025-1-1 18:15","2025-1-1 23:59"
"c2f87c5b-6002-467a-a6f6-26ef2c99b705","8a562cfa-8df8-4ede-b1b0-177474181def","3000000","4000000","1000000","","","","","","","","","","","","00000000-0000-0000-0000-000000000001","","2025-1-1 18:15","2025-1-1 23:59"
"98f3455b-8db8-4e31-b4ce-b63055740f5d","3944e6f4-71a2-427f-9ee9-be9123b4c786","1000000","1500000","200000","","","","","","","","","","","","00000000-0000-0000-0000-000000000001","","2025-1-1 18:15","2025-1-1 23:59"
"db9ff5ff-642d-4b8d-b326-2b8c82283d6d","893f2e52-6cf6-47d5-b5fe-6b7010a3584c","1000000","1500000","200000","","","","","","","","","","","","00000000-0000-0000-0000-000000000001","","2025-1-1 18:15","2025-1-1 23:59"
"d4a8fbde-6715-4848-98f3-57c4cdc60f1e","34e45798-1a82-46a3-83f9-fd150db9bcc6","1000000","1500000","200000","","","","","","","","","","","","00000000-0000-0000-0000-000000000001","","2025-1-1 18:15","2025-1-1 23:59"
"7368565d-2bae-4b66-82dc-13e85aa00b98","1d19375e-a663-4e80-9c08-e2ef1f81c4e1","1000000","1500000","200000","","","","","","","","","","","","00000000-0000-0000-0000-000000000001","","2025-1-1 18:15","2025-1-1 23:59"
"332b3bd9-94d4-4ccf-a282-f12263d7b90d","694d4780-aba1-4cdd-97f9-b121ed7ddf5b","500000","1000000","100000","","","","","","","","","","","","00000000-0000-0000-0000-000000000001","","2025-1-1 18:15","2025-1-1 23:59"
"57e01331-3fcb-447b-a1d3-c60ed7efd732","18754059-b1a2-4fe8-82e6-f03b0ab69e27","7500000","10000000","200000","","","","","","","","","","","","00000000-0000-0000-0000-000000000001","","2025-1-1 18:15","2025-1-1 23:59"
"3349e621-b936-4bbe-aa2f-c73c99c98273","e865848c-9184-4d77-9bd7-d79c7f2ea048","500000","1000000","200000","","","","","","","","","","","","00000000-0000-0000-0000-000000000001","","2025-1-1 18:15","2025-1-1 23:59"
"f4baddd4-615d-4ee5-85d8-72a4a66c305f","39cc140a-77e5-4be0-b048-fa76b5e1855f","20000000","50000000","2000000","","","","","","","","","","","","00000000-0000-0000-0000-000000000001","","2025-1-1 18:15","2025-1-1 23:59"
"634b7cff-3759-4d0c-94a6-081f7474db36","1c4932cd-f7cb-470c-9e7a-08490ea8b5fc","2000000","3000000","2000000","","","","","","","","","","","","00000000-0000-0000-0000-000000000001","","2025-1-1 18:15","2025-1-1 23:59"
"ce915c09-cf91-4001-bd0c-fc9669157316","9fb067d6-2c0b-4f3d-bfda-12def1739c65","7500000","10000000","200000","","","","","","","","","","","","00000000-0000-0000-0000-000000000001","","2025-1-1 18:15","2025-1-1 23:59"
"08f50560-e973-4692-99f9-3c93b4428152","b7d417e3-d9a7-4353-b135-fb87ea2e6ba9","1500000","2000000","200000","","","","","","","","","","","","00000000-0000-0000-0000-000000000001","","2025-1-1 18:15","2025-1-1 23:59"
"53825344-793e-48e8-8612-aad53a7e55ee","4d20c862-1540-4355-9d20-1ebac8013e9b","1000000","1500000","200000","","","","","","","","","","","","00000000-0000-0000-0000-000000000001","","2025-1-1 18:15","2025-1-1 23:59"
"966900bc-7ca2-4f7a-81f7-094b6988032a","a4abc633-5db8-434e-af7d-f0736c5c64b4","4000000","5000000","500000","","","","","","","","","","","","00000000-0000-0000-0000-000000000001","","2025-1-1 18:15","2025-1-1 23:59"
"2c0057b9-2c2c-4e10-abd2-2a4f35dff2d5","c856bdc2-0ee2-4ead-9cf8-d21a9e1de6ab","500000","1000000","50000","","","","","","","","","","","","00000000-0000-0000-0000-000000000001","","2025-1-1 18:15","2025-1-1 23:59"
"2616a975-64ca-4bbc-abfb-a07b2c2fa7e0","c1f34d4c-b778-404c-bb6e-f592a1010d35","5000000","7500000","","","","","","","","","","","","","00000000-0000-0000-0000-000000000001","","2025-1-1 18:15","2025-1-1 23:59"
"0689a187-c21d-4177-8917-d2ab2aff4f91","94f3cf5e-21a0-4e8e-bb8d-fc53ec0e8b05","10000000","20000000","2000000","","","","","","","","","","","","00000000-0000-0000-0000-000000000001","","2025-1-1 18:15","2025-1-1 23:59"
"b7c3777a-b6a1-490a-8d15-9efe03cdb81b","a1b5ecef-aa15-47c8-8bb3-b82f668853f3","500000","1000000","200000","","","","","","","","","","","","00000000-0000-0000-0000-000000000001","","2025-1-1 18:15","2025-1-1 23:59"
"ccfc4e25-eb85-4905-8c6e-2cb8979718d8","94dc5440-bcaa-4091-b89d-edeb843b81ba","2000000","3000000","200000","","","","","","","","","","","","00000000-0000-0000-0000-000000000001","","2025-1-1 18:15","2025-1-1 23:59"
"2bcefc3c-c295-4be0-90e5-499065c944c7","45ee5a61-50be-4fe5-9195-206454f97d63","100000","200000","500000","","","","","","","","","","","","00000000-0000-0000-0000-000000000001","","2025-1-1 18:15","2025-1-1 23:59"
"7ac9c505-824f-4cc1-99fc-734113525880","fb65cb62-e1a1-438c-8b02-358f665dc97b","1000000","1500000","200000","","","","","","","","","","","","00000000-0000-0000-0000-000000000001","","2025-1-1 18:15","2025-1-1 23:59"
"4ada2a51-0653-4fef-925a-31780c778fa0","83b62c7c-0856-4a09-91fa-bb84d254aef6","1000000","1500000","200000","","","","","","","","","","","","00000000-0000-0000-0000-000000000001","","2025-1-1 18:15","2025-1-1 23:59"
"857b8623-687b-4592-ab28-235c87f63c0d","5bf287bf-8e22-4973-81fd-087eba58d107","500000","1000000","200000","","","","","","","","","","","","00000000-0000-0000-0000-000000000001","","2025-1-1 18:15","2025-1-1 23:59"
"80282923-8213-40e9-9924-417b3aba8ac5","0634f940-c410-4e7e-b782-33b36cd85016","2000000","3000000","1000000","","","","","","","","","","","","00000000-0000-0000-0000-000000000001","","2025-1-1 18:15","2025-1-1 23:59"
"0c728283-e395-4380-81b2-36413e449312","b09c44a2-eff0-4e76-b866-23cd2d603b28","4000000","5000000","500000","","","","","","","","","","","","00000000-0000-0000-0000-000000000001","","2025-1-1 18:15","2025-1-1 23:59"
"1d66402d-677b-433f-b12c-a2d622b69ddd","e3219215-b16e-40bf-8d28-da6f983ddbee","50000","100000","","","","","","","","","","","","","00000000-0000-0000-0000-000000000001","","2025-1-1 18:15","2025-1-1 23:59"
"982046ff-9e9d-4adb-a207-3c5c7d153a2a","99bcfc5c-fc74-43ef-a781-d4b7b80621f9","100000","200000","","","","","","","","","","","","","00000000-0000-0000-0000-000000000001","","2025-1-1 18:15","2025-1-1 23:59"
"92a39089-5044-41b3-a203-d59261afd4ea","696b600b-1a53-4d5c-8b40-c414f6f63822","50000","100000","","","","","","","","","","","","","00000000-0000-0000-0000-000000000001","","2025-1-1 18:15","2025-1-1 23:59"
"a310e799-89a6-4655-b975-de3d1b75adf1","8cacf5c0-7d8c-4939-a921-8ae84b7c9fc0","","","","","","","","","","","","","","","00000000-0000-0000-0000-000000000001","","2025-1-1 18:15","2025-1-1 23:59"
"418745d7-3e4d-4b3c-aab9-0c186b59bc46","0b8a832b-c846-438d-8c85-ecdd14b47e70","1000000","1500000","200000","","","","","","","","","","","","00000000-0000-0000-0000-000000000001","","2025-1-1 18:15","2025-1-1 23:59"
"9008fb3e-cb50-4033-8688-2e4d7c38dc45","8cc7a8ba-a597-4267-93a8-196fb0748a7b","1500000","2000000","200000","","","","","","","","","","","","00000000-0000-0000-0000-000000000001","","2025-1-1 18:15","2025-1-1 23:59"
"861244c6-4b29-4e97-abb4-6bd3b2e982f7","1f695f57-2a49-4cfb-9613-1d75681279b0","1500000","2000000","","","","","","","","","","","","","00000000-0000-0000-0000-000000000001","","2025-1-1 18:15","2025-1-1 23:59"
"dcd9a67b-0395-4de7-88f1-6332b2ed0405","79850dd5-7469-4271-992c-007ecc84f780","200000","500000","100000","","","","","","","","","","","","00000000-0000-0000-0000-000000000001","","2025-1-1 18:15","2025-1-1 23:59"
"6fc5dd25-00b8-49e2-b819-cdf434bb13f5","484b23d2-ebc1-4024-b15e-74f3b40aa0b5","1500000","2000000","50000","","","","","","","","","","","","00000000-0000-0000-0000-000000000001","","2025-1-1 18:15","2025-1-1 23:59"
"348237a3-1f26-4ddf-aaa0-442fa602fd88","432cc984-b6b7-444e-bb01-ceaa6b127dc3","1000000","1500000","200000","","","","","","","","","","","","00000000-0000-0000-0000-000000000001","","2025-1-1 18:15","2025-1-1 23:59"
"f4f53b3c-ab24-4368-8468-3e9de1ff923b","adab9208-83b4-47b4-9add-d80e5fd238df","2000000","3000000","500000","","","","","","","","","","","","00000000-0000-0000-0000-000000000001","","2025-1-1 18:15","2025-1-1 23:59"
"17c150be-b315-461c-a2ab-04b1dc281a1a","8cec93d5-2b49-4943-b804-edef46fd206a","2000000","3000000","200000","","","","","","","","","","","","00000000-0000-0000-0000-000000000001","","2025-1-1 18:15","2025-1-1 23:59"
"4975cab7-3330-4145-a2c1-9c1501b94219","fcd94702-e2d2-4b7d-b303-16a6e17dbe5c","7500000","10000000","1000000","","","","","","","","","","","","00000000-0000-0000-0000-000000000001","","2025-1-1 18:15","2025-1-1 23:59"
"878ad7a0-a72c-4145-a293-8319b0672613","c56a2d53-aae5-4fdd-b0e4-590658870784","2000000","3000000","500000","","","","","","","","","","","","00000000-0000-0000-0000-000000000001","","2025-1-1 18:15","2025-1-1 23:59"
"c6356673-d65d-40d9-9bea-240673595b3d","2d37c50d-03c4-4bdf-a509-902324703f8f","500000","1000000","200000","","","","","","","","","","","","00000000-0000-0000-0000-000000000001","","2025-1-1 18:15","2025-1-1 23:59"
"1d6f88a8-7b5c-409b-80be-eb53201e0eaa","55a40515-546a-40d5-8a18-036e2fbe6d71","4000000","5000000","200000","","","","","","","","","","","","00000000-0000-0000-0000-000000000001","","2025-1-1 18:15","2025-1-1 23:59"
"76a8dd4e-aa2b-41c4-808a-9a82db150bf0","46822ec5-1afb-4114-9ee0-0a879a9665f3","4000000","5000000","200000","","","","","","","","","","","","00000000-0000-0000-0000-000000000001","","2025-1-1 18:15","2025-1-1 23:59"
"ae3505ae-8702-40be-ad1b-88c2485ac6ba","d3764418-be6a-48a9-94f8-58c2599902aa","5000000","7500000","500000","","","","","","","","","","","","00000000-0000-0000-0000-000000000001","","2025-1-1 18:15","2025-1-1 23:59"
"f279f515-9f9b-4c73-8f7c-d945426ce65a","35d74cb5-6f4d-47a1-b7cb-e64871ca6483","3000000","4000000","200000","","","","","","","","","","","","00000000-0000-0000-0000-000000000001","","2025-1-1 18:15","2025-1-1 23:59"
"8097e7ce-f9d2-40a1-a113-6cea45ab398c","1671c4ed-f7ec-4e4b-acf0-4e1dcf4e596c","1000000","1500000","200000","","","","","","","","","","","","00000000-0000-0000-0000-000000000001","","2025-1-1 18:15","2025-1-1 23:59"
"c75d1469-6b3b-4eb9-931f-db8e3fd4e266","3ab9243a-b512-4d3a-9dca-f953a1e2064f","500000","1000000","","","","","","","","","","","","","00000000-0000-0000-0000-000000000001","","2025-1-1 18:15","2025-1-1 23:59"
"51f2a588-dd81-4d98-ad48-0e52d4a76d8f","2fa4c9cd-0570-4ba7-bd12-c313c3f0d8b3","1000000","1500000","500000","","","","","","","","","","","","00000000-0000-0000-0000-000000000001","","2025-1-1 18:15","2025-1-1 23:59"
"36a6ca46-d1f1-4085-b254-fd6466653c5d","04542e80-079f-463b-9835-97dbb107a7b4","100000","200000","100000","","","","","","","","","","","","00000000-0000-0000-0000-000000000001","","2025-1-1 18:15","2025-1-1 23:59"
"bf3c2653-3bf1-4130-bfcd-4cf59282b9d2","827b9974-d6b6-4096-80b7-e898017716d4","500000","1000000","200000","","","","","","","","","","","","00000000-0000-0000-0000-000000000001","","2025-1-1 18:15","2025-1-1 23:59"
"0ecc0c7e-69f1-4ee9-b756-6091f4689c78","98af5eba-81d0-4930-b244-78116bc9d58f","2000000","3000000","50000","","","","","","","","","","","","00000000-0000-0000-0000-000000000001","","2025-1-1 18:15","2025-1-1 23:59"
"85a89b18-5357-47f6-9f4a-1b1ddaa961a9","deb62d1a-f254-4b4d-9593-73d5b3832db7","500000","1000000","200000","","","","","","","","","","","","00000000-0000-0000-0000-000000000001","","2025-1-1 18:15","2025-1-1 23:59"
"a5a20e7e-087d-4e41-81c9-59fccf8c975b","7428c776-358e-4787-9829-b8cc9e4b7126","2000000","3000000","200000","","","","","","","","","","","","00000000-0000-0000-0000-000000000001","","2025-1-1 18:15","2025-1-1 23:59"
"75912095-e10d-4870-a1e0-112133a1e8df","c7ceb344-9595-4ea2-b038-7a71e114ad1a","1000000","1500000","200000","","","","","","","","","","","","00000000-0000-0000-0000-000000000001","","2025-1-1 18:15","2025-1-1 23:59"
"567fd049-3ec4-4430-8776-97bfab49e23f","6b7f4ad0-a9e2-4f37-aec3-facc2ef1145f","1500000","2000000","200000","","","","","","","","","","","","00000000-0000-0000-0000-000000000001","","2025-1-1 18:15","2025-1-1 23:59"
"65c2f2b8-968a-4cf4-ab16-53d71003310b","3a5877c3-557e-4d75-a756-174a9a66b8e2","10000000","20000000","500000","","","","","","","","","","","","00000000-0000-0000-0000-000000000001","","2025-1-1 18:15","2025-1-1 23:59"
"7956b5a9-7314-4615-994e-80a7648c0405","75189098-ba4c-413b-ae22-5e0a3332c6ac","500000","1000000","200000","","","","","","","","","","","","00000000-0000-0000-0000-000000000001","","2025-1-1 18:15","2025-1-1 23:59"
"3797b111-11f3-41dc-a9cf-72553d419da7","787e1c6a-fb32-4095-a173-bfda4d878a96","1000000","1500000","200000","","","","","","","","","","","","00000000-0000-0000-0000-000000000001","","2025-1-1 18:15","2025-1-1 23:59"
"875df041-bf0a-430a-b7db-a5eb4f325524","b5551c45-e898-47e0-83b3-83f96a758429","10000","50000","","","","","","","","","","","","","00000000-0000-0000-0000-000000000001","","2025-1-1 18:15","2025-1-1 23:59"
"a2076a96-773b-46ce-b91b-17681292cab3","ff84be6f-0771-4f78-9b71-bdbf63105d11","","","","","","","","","","","","","","","00000000-0000-0000-0000-000000000001","","2025-1-1 18:15","2025-1-1 23:59"
"cd3a8e2e-1fc2-4bc5-becf-6dd62a794f5c","310d9593-7c6e-49e9-ac6e-9f4824ada61c","500000","1000000","","","","","","","","","","","","","00000000-0000-0000-0000-000000000001","","2025-1-1 18:15","2025-1-1 23:59"
"26b1bccd-2e30-4b40-a823-d0ba15d0d927","95de03be-5dbc-43de-a311-9ed42af8a4c6","200000","500000","","","","","","","","","","","","","00000000-0000-0000-0000-000000000001","","2025-1-1 18:15","2025-1-1 23:59"
"07113e7d-ebc4-4585-a36e-5b4ad1431d35","15a3cb19-8311-4fa8-84c5-e2207e6d33c9","500000","1000000","50000","","","","","","","","","","","","00000000-0000-0000-0000-000000000001","","2025-1-1 18:15","2025-1-1 23:59"
"be122e9f-8bbc-4376-9e0a-aaffef9e9d69","4a3b6bf8-d8b4-49fe-a60f-0ae23e36a8ec","500000","1000000","200000","","","","","","","","","","","","00000000-0000-0000-0000-000000000001","","2025-1-1 18:15","2025-1-1 23:59"
"b5fd1e85-4fa1-4b83-b717-e682f92100b7","35d5a1e7-d23f-4f41-ac28-539eab08edd5","200000","500000","100000","","","","","","","","","","","","00000000-0000-0000-0000-000000000001","","2025-1-1 18:15","2025-1-1 23:59"
"b108712e-f422-4cc2-b716-8ef01affaad2","3023d59a-e807-4d3a-a1fc-9d9874fb3215","1000000","1500000","100000","","","","","","","","","","","","00000000-0000-0000-0000-000000000001","","2025-1-1 18:15","2025-1-1 23:59"
"53cc5a90-8e87-4cdc-86bc-964121d4cc3a","b0f7ad2a-2c61-42eb-bf72-baf645bff511","","","","","","","","","","","","","","","00000000-0000-0000-0000-000000000001","","2025-1-1 18:15","2025-1-1 23:59"
"02fee28e-3e22-47d6-836b-cb30738ecd5e","3221ccbc-1849-42a9-b8fe-8d3313babe97","500000","1000000","100000","","","","","","","","","","","","00000000-0000-0000-0000-000000000001","","2025-1-1 18:15","2025-1-1 23:59"
"18fdc0c0-8659-4bfb-a154-3686510b5fb3","040a1432-17bb-42fa-9ecb-673282b15c4c","200000","500000","","","","","","","","","","","","","00000000-0000-0000-0000-000000000001","","2025-1-1 18:15","2025-1-1 23:59"
"345d11d1-57f4-421e-b9da-92cbc403447e","771d2a5d-5151-4c3f-befd-76e56857984f","500000","1000000","50000","","","","","","","","","","","","00000000-0000-0000-0000-000000000001","","2025-1-1 18:15","2025-1-1 23:59"
"97291990-32e8-4e8b-afa0-5a501d478b96","a2c17f36-adb3-4f26-9e9f-f6a2627bb6dd","500000","1000000","200000","","","","","","","","","","","","00000000-0000-0000-0000-000000000001","","2025-1-1 18:15","2025-1-1 23:59"
"e0b9be73-a389-4917-84a1-96eca7d4ffaa","503883eb-5c43-428a-9348-9eed53859846","200000","500000","50000","","","","","","","","","","","","00000000-0000-0000-0000-000000000001","","2025-1-1 18:15","2025-1-1 23:59"
"ae777b01-8e62-4ce1-bf48-3d96811f42ea","f1edcc42-3ff1-48dc-b6a6-99c1616c2997","500000","1000000","","","","","","","","","","","","","00000000-0000-0000-0000-000000000001","","2025-1-1 18:15","2025-1-1 23:59"
"a0163b92-d3cb-4dd5-85a0-2a296b2fe622","e4bae633-39ff-4cd8-b8ea-26077a2db752","","","","","","","","","","","","","","","00000000-0000-0000-0000-000000000001","","2025-1-1 18:15","2025-1-1 23:59"
"63b33939-ebcd-4766-bb27-a4f4dfb22863","9a7b315e-beb7-4795-9e56-a1b7f19db1c7","","","","","","","","","","","","","","","00000000-0000-0000-0000-000000000001","","2025-1-1 18:15","2025-1-1 23:59"
"70d792a8-93cd-4d82-b34e-0520cf2e657d","8d8d949c-a701-42ac-8573-3617f14e0852","1500000","2000000","","","","","","","","","","","","","00000000-0000-0000-0000-000000000001","","2025-1-1 18:15","2025-1-1 23:59"
"78afc5d0-0bae-4c84-874a-a18d1ae26c3b","a513b4c8-e901-465f-9198-97d52faa34e5","200000","500000","200000","","","","","","","","","","","","00000000-0000-0000-0000-000000000001","","2025-1-1 18:15","2025-1-1 23:59"
"21030263-6d21-4ba9-ae01-0a7b62a9998e","92dcb815-2d93-4dd3-a85e-46501758305f","","","","","","","","","","","","","","","00000000-0000-0000-0000-000000000001","","2025-1-1 18:15","2025-1-1 23:59"
"d32a5f70-ea17-492d-91e6-881488689128","bb08b236-af2d-4612-a11e-a8a64a36c39e","200000","500000","100000","","","","","","","","","","","","00000000-0000-0000-0000-000000000001","","2025-1-1 18:15","2025-1-1 23:59"
"be81beb9-659d-4c01-b496-bb539d116d73","a8a20ea4-3f80-4e4e-b66a-184d6e257a88","2000000","3000000","1500000","","","","","","","","","","","","00000000-0000-0000-0000-000000000001","","2025-1-1 18:15","2025-1-1 23:59"
"d40fd5c0-3d4e-4ade-abdf-b15412db8c3a","4e2b2530-6b03-4032-b411-6ba5a15b600d","2000000","3000000","500000","","","","","","","","","","","","00000000-0000-0000-0000-000000000001","","2025-1-1 18:15","2025-1-1 23:59"
"33f524a3-03e0-4673-81ab-f74c9016cae4","d30ae99d-70b7-4006-a5f5-d02dbf98f3a9","","","","","","","","","","","","","","","00000000-0000-0000-0000-000000000001","","2025-1-1 18:15","2025-1-1 23:59"
"b1b3dc4d-bfd7-4530-aaaa-d24f04c45e8f","44e8467f-5d2f-472c-9b4f-fdad2091d184","1500000","2000000","200000","","","","","","","","","","","","00000000-0000-0000-0000-000000000001","","2025-1-1 18:15","2025-1-1 23:59"
"5cb59ee8-87a6-4524-b788-28a953ad699b","bcc2bbf0-b9fe-41bd-a542-ca9f054f1565","1500000","2000000","200000","","","","","","","","","","","","00000000-0000-0000-0000-000000000001","","2025-1-1 18:15","2025-1-1 23:59"
"344ca565-5246-44bc-99c9-f56748d22fa9","64cf482c-03ba-453f-bf15-cd93d190caa3","1500000","2000000","200000","","","","","","","","","","","","00000000-0000-0000-0000-000000000001","","2025-1-1 18:15","2025-1-1 23:59"
"1ded65a7-ae59-4aea-8032-b046d9ab9d4d","02cc76b8-6ded-4adf-b7e0-1accb3d5745c","1000000","1500000","100000","","","","","","","","","","","","00000000-0000-0000-0000-000000000001","","2025-1-1 18:15","2025-1-1 23:59"
"fc485d50-a2f7-4dc7-9dad-c3f9554d7b6d","b6e03c18-20c0-4df0-b2b3-b3b79b13138f","10000000","20000000","10000000","","","","","","","","","","","","00000000-0000-0000-0000-000000000001","","2025-1-1 18:15","2025-1-1 23:59"
"136cd7c6-59d8-4551-bcaf-db3898cd1bd7","7ad3286a-da8f-4733-af3e-a1de1114b4fc","200000","500000","","","","","","","","","","","","","00000000-0000-0000-0000-000000000001","","2025-1-1 18:15","2025-1-1 23:59"
"95dc68a2-0aef-4133-818d-27f21762024f","7f0f595b-7de0-4760-920f-599597a8e46b","200000","500000","10000000","","","","","","","","","","","","00000000-0000-0000-0000-000000000001","","2025-1-1 18:15","2025-1-1 23:59"
"290ffbe6-2fe0-40a8-af04-367fba8bb25a","0335f94e-e7d7-4286-9e96-868b4c23f5a4","500000","1000000","","","","","","","","","","","","","00000000-0000-0000-0000-000000000001","","2025-1-1 18:15","2025-1-1 23:59"
"2ce21605-c5ea-4e9d-9681-ec350533b039","6773423b-3f97-4397-a456-32429a487a05","50000","100000","","","","","","","","","","","","","00000000-0000-0000-0000-000000000001","","2025-1-1 18:15","2025-1-1 23:59"
"b2601841-249d-47c2-9fa4-758990ca7a0c","1e7705f4-553c-4840-8c6e-df4eec68c672","1500000","2000000","","","","","","","","","","","","","00000000-0000-0000-0000-000000000001","","2025-1-1 18:15","2025-1-1 23:59"
"333484ab-2c16-4256-8f1d-e14dfadce948","07ed38e4-1c11-482e-b87f-450eac2220ef","","","","","","","","","","","","","","","00000000-0000-0000-0000-000000000001","","2025-1-1 18:15","2025-1-1 23:59"
"ebd9829d-1b51-4778-a7e5-f649c16a1997","2b10c003-c411-4e06-a6c1-79db4f64e32f","500000","1000000","50000","","","","","","","","","","","","00000000-0000-0000-0000-000000000001","","2025-1-1 18:15","2025-1-1 23:59"
"4d75d5a2-63d7-41da-9dd0-441690d961c3","4a852805-31ce-496e-a56e-b92f906073ce","","50000","","","","","","","","","","","","","00000000-0000-0000-0000-000000000001","","2025-1-1 18:15","2025-1-1 23:59"
"ec1e3d81-0a8a-452a-af08-51d3112d9298","7dea93be-a751-4e47-907e-7ad1dd3a2b6e","","","","","","","","","","","","","","","00000000-0000-0000-0000-000000000001","","2025-1-1 18:15","2025-1-1 23:59"
"70f14977-483d-4094-95b1-d033466c41f7","8d90ae53-65ea-47cc-a2f4-9fa050a655c2","1500000","2000000","200000","","","","","","","","","","","","00000000-0000-0000-0000-000000000001","","2025-1-1 18:15","2025-1-1 23:59"
"e9deb3cc-80e1-4c31-9900-3a7e440c6159","9662b822-a1e1-4e3d-8620-b4fbf57e6a8d","","","","","","","","","","","","","","","00000000-0000-0000-0000-000000000001","","2025-1-1 18:15","2025-1-1 23:59"
"84cfc006-1f7f-4651-99f9-2b5fa05976d8","315a65db-7960-4b2b-a4a0-b25b8dc037e6","10000000","20000000","100000","","","","","","","","","","","","00000000-0000-0000-0000-000000000001","","2025-1-1 18:15","2025-1-1 23:59"
"c9b5b435-d2e4-456a-a20e-e405e290892d","cd2a82b0-bfc9-4fc7-8e5c-950a095bb9fc","50000","100000","","","","","","","","","","","","","00000000-0000-0000-0000-000000000001","","2025-1-1 18:15","2025-1-1 23:59"
"f2760dda-42ba-49a1-86a1-146d41cba14d","bccbf5c6-0926-45ff-b070-7cc5e65e73e7","1000000","1500000","","","","","","","","","","","","","00000000-0000-0000-0000-000000000001","","2025-1-1 18:15","2025-1-1 23:59"
"ddf2c66c-28e9-403b-bf49-1372c72f7802","c7778f21-59da-4ea2-839a-77caf091aae2","4000000","5000000","","","","","","","","","","","","","00000000-0000-0000-0000-000000000001","","2025-1-1 18:15","2025-1-1 23:59"
"6466bd4c-20c0-4b80-8026-5817e1667e02","478399b2-0287-483c-b17e-e8a9f2f70a29","500000","1000000","","","","","","","","","","","","","00000000-0000-0000-0000-000000000001","","2025-1-1 18:15","2025-1-1 23:59"
"b6cdda49-35d5-4a70-a513-adbdbe0d3375","d1fbdbec-34d6-42d8-b51a-3c1a2ffd584e","100000","200000","100000","","","","","","","","","","","","00000000-0000-0000-0000-000000000001","","2025-1-1 18:15","2025-1-1 23:59"
"affdad8f-d944-4feb-acd4-7574d90ed5f2","fd2629ea-c741-4b33-a69b-aef07e670903","1000000","1500000","100000","","","","","","","","","","","","00000000-0000-0000-0000-000000000001","","2025-1-1 18:15","2025-1-1 23:59"
"16e7e0df-1b07-4901-977e-59659e5868b8","e266460e-a2c7-41ea-be2f-0b6aace2ec69","200000","500000","100000","","","","","","","","","","","","00000000-0000-0000-0000-000000000001","","2025-1-1 18:15","2025-1-1 23:59"
"024e8e02-638a-43ad-95e3-0c7c691b3c0e","11ad18b9-143b-49c4-9624-2fdbf76d1c40","","50000","","","","","","","","","","","","","00000000-0000-0000-0000-000000000001","","2025-1-1 18:15","2025-1-1 23:59"
