sr_no,name,short_description,description,established_year,company_name,business_type,ceo_name,ceo_title,ceo_email,entity_type,member_count,min_membership_fee,max_membership_fee,website,industry,category,sector,state,city,association_type,legal_status,json_data
1,Confederation of Indian Industry (CII),India's leading industry association driving competitiveness and sustainable growth.,"CII works to create and sustain an environment conducive to the development of India. A non-government, not-for-profit, industry-led and industry-managed organisation, it plays a proactive role in India's development process.",1895,Confederation of Indian Industry,Non-profit Trade Body,R. Mukundan,President (2026-27),info@cii.in,association,9700,,,https://www.cii.in,"Business Services (B2B, HR, Accounting)",Apex Industry Chamber,Trade & Manufacturing,Delhi,New Delhi,National,Registered Society,"{""association_type"": ""National"", ""legal_status"": ""Registered Society"", ""overview"": {""about"": ""CII works to create and sustain an environment conducive to the development of India, partnering industry, Government, and civil society through advisory and consultative processes. Founded in 1895, CII has direct membership of around 9,700 members and indirect membership of over 3,65,000 enterprises from 318 national and regional industry bodies."", ""mission"": ""To create and sustain an environment conducive to the growth of industry in India, partnering industry and government alike through advisory and consultative processes."", ""vision"": """", ""sector"": ""Multi-Industry"", ""objectives"": [""Partner industry, government and civil society for India's development"", ""Strengthen efficiency, competitiveness and business environment""], ""key_functions"": [""Policy advocacy"", ""Sector-specific councils"", ""International trade facilitation"", ""B20 India Secretariat (2023 G20 Presidency)""]}, ""governance"": {""president"": {""name"": ""R. Mukundan"", ""company"": ""Tata Chemicals Ltd (MD & CEO)""}, ""vice_presidents"": [{""name"": ""Shashwat Goenka"", ""company"": ""RP-Sanjiv Goenka Group (Vice Chairman)""}], ""secretary_general"": {""name"": ""Chandrajit Banerjee"", ""company"": ""Director General, CII (since May 2008)""}}, ""regional_structure"": {""governance_model"": """", ""headquarters"": ""New Delhi, Delhi"", ""chapters"": []}, ""membership_details"": {""overview_metrics"": [{""label"": ""Direct Members"", ""value"": ""9,700+""}, {""label"": ""Indirect Members"", ""value"": ""3,65,000+""}], ""categories"": [], ""requirements"": [], ""application_process"": {}, ""benefits"": [""Access to policy forums"", ""Networking with industry leaders"", ""Sector councils and committees""], ""mode_of_application"": """", ""application_url"": ""https://www.cii.in"", ""member_login_url"": """"}, ""services_offered"": [], ""programs"": {}, ""events"": {}, ""publications"": {}, ""compliance_policies"": {}, ""partnerships"": {""list"": []}, ""awards"": {""list"": []}, ""transparency"": [], ""digital_presence"": [], ""contact_details"": {""office_address"": ""New Delhi, Delhi, India"", ""phone_number"": """", ""email"": ""info@cii.in"", ""website"": ""https://www.cii.in""}}"
2,Federation of Indian Chambers of Commerce & Industry (FICCI),India's oldest and largest apex business organisation.,"FICCI is the voice of India's business and industry. Established in 1927 on the advice of Mahatma Gandhi by Indian businessmen G.D. Birla and Purshottamdas Thakurdas, it is the largest and oldest apex business organisation in India.",1927,Federation of Indian Chambers of Commerce and Industry,Chamber of Commerce,Anant Goenka,President (2025-26),ficci@ficci.com,association,,,,https://ficci.in,"Business Services (B2B, HR, Accounting)",Apex Business Chamber,Trade & Commerce,Delhi,New Delhi,National,Registered Society,"{""association_type"": ""National"", ""legal_status"": ""Registered Society"", ""overview"": {""about"": ""FICCI is a non-governmental trade association and advocacy group based in India, established in 1927 on the advice of Mahatma Gandhi by Indian businessman G.D. Birla and Purshottamdas Thakurdas. FICCI will celebrate its centenary on 7th April 2027."", ""mission"": ""To be the voice of India's business and industry."", ""vision"": """", ""sector"": ""Multi-Industry"", ""objectives"": [""Influence policy for inclusive growth"", ""Promote trade and investment""], ""key_functions"": [""Policy advocacy"", ""Trade delegations"", ""Industry research""]}, ""governance"": {""president"": {""name"": ""Anant Goenka"", ""company"": ""RPG Group (Vice Chairman); also former Chairman, Automotive Tyre Manufacturers Association""}, ""vice_presidents"": [{""name"": ""Puneet Dalmia"", ""company"": ""Dalmia Bharat Limited (MD & CEO)""}], ""secretary_general"": {""name"": ""Jyoti Vij"", ""company"": ""Director General, FICCI""}}, ""regional_structure"": {""governance_model"": """", ""headquarters"": ""New Delhi, Delhi"", ""chapters"": [{""name"": ""FICCI Tamil Nadu State Council"", ""headquarters_address"": ""Chennai, Tamil Nadu"", ""contact_email"": """"}]}, ""membership_details"": {""overview_metrics"": [], ""categories"": [], ""requirements"": [], ""application_process"": {}, ""benefits"": [""Networking platforms"", ""Policy representation"", ""Trade fair participation""], ""mode_of_application"": """", ""application_url"": ""https://ficci.in"", ""member_login_url"": """"}, ""services_offered"": [], ""programs"": {}, ""events"": {}, ""publications"": {}, ""compliance_policies"": {}, ""partnerships"": {""list"": []}, ""awards"": {""list"": []}, ""transparency"": [], ""digital_presence"": [], ""contact_details"": {""office_address"": ""New Delhi, Delhi, India"", ""phone_number"": """", ""email"": ""ficci@ficci.com"", ""website"": ""https://ficci.in""}}"
3,Associated Chambers of Commerce & Industry of India (ASSOCHAM),One of India's premier apex trade and industry bodies.,"ASSOCHAM, established in 1920 by a group of chambers led by the Calcutta Traders Association, is one of the oldest and most reputed apex trade and industry bodies in India, representing over 4.5 lakh direct and indirect members.",1920,Associated Chambers of Commerce and Industry of India,Chamber of Commerce,Nirmal Kumar Minda,President,,association,450000,,,https://www.assocham.org,"Business Services (B2B, HR, Accounting)",Apex Trade & Industry Body,Trade & Commerce,Delhi,New Delhi,National,Registered Society,"{""association_type"": ""National"", ""legal_status"": ""Registered Society"", ""overview"": {""about"": ""ASSOCHAM is a non-governmental trade association and advocacy group based in New Delhi, representing the interests of trade and commerce in India. Established in 1920, it operates with more than 100 national and regional sector councils."", ""mission"": """", ""vision"": """", ""sector"": ""Multi-Industry"", ""objectives"": [""Promote domestic and international trade"", ""Reduce trade barriers""], ""key_functions"": [""Make in India advocacy"", ""MSME support"", ""Ease of Doing Business"", ""Digital Economy"", ""Sustainability & Environment""]}, ""governance"": {""president"": {""name"": ""Nirmal Kumar Minda"", ""company"": """"}, ""vice_presidents"": [], ""secretary_general"": {""name"": ""Col. Saurabh Sanyal (Retd.)"", ""company"": ""Secretary General, ASSOCHAM (since Jan 2026)""}}, ""regional_structure"": {""governance_model"": """", ""headquarters"": ""New Delhi, Delhi"", ""chapters"": [{""name"": ""ASSOCHAM Gujarat Council"", ""headquarters_address"": ""Gujarat"", ""contact_email"": """"}]}, ""membership_details"": {""overview_metrics"": [{""label"": ""Total Members"", ""value"": ""4,50,000+""}], ""categories"": [], ""requirements"": [], ""application_process"": {}, ""benefits"": [], ""mode_of_application"": """", ""application_url"": """", ""member_login_url"": """"}, ""services_offered"": [], ""programs"": {}, ""events"": {""Conclaves"": [{""title"": ""AI Summit 2025"", ""description"": ""Global AI Leadership Meet organised by ASSOCHAM.""}]}, ""publications"": {}, ""compliance_policies"": {}, ""partnerships"": {""list"": []}, ""awards"": {""list"": []}, ""transparency"": [], ""digital_presence"": [], ""contact_details"": {""office_address"": ""New Delhi, Delhi, India"", ""phone_number"": """", ""email"": """", ""website"": ""https://www.assocham.org""}}"
4,PHD Chamber of Commerce and Industry (PHDCCI),A proactive and dynamic apex organisation representing north Indian industry.,"PHD Chamber of Commerce and Industry, established in 1905, is a proactive multi-State apex organisation working at the grass-root level with strong national and international linkages, with a direct membership of over 1,30,000.",1905,PHD Chamber of Commerce and Industry,Chamber of Commerce,Ranjeet Mehta,CEO & Secretary General,sg@phdcci.in,association,130000,,,https://www.phdcci.in,"Business Services (B2B, HR, Accounting)",Apex Industry Chamber,Trade & Services,Delhi,New Delhi,National,Registered Society,"{""association_type"": ""National"", ""legal_status"": ""Registered Society"", ""overview"": {""about"": ""PHD Chamber of Commerce and Industry is a proactive, dynamic National Apex Chamber working at the grass-root level with strong national and international linkages, authorised by the Government of India to issue certificates of origin for exports and recommendations for visas."", ""mission"": """", ""vision"": """", ""sector"": ""Multi-Industry"", ""objectives"": [], ""key_functions"": [""Research-based policy advocacy"", ""Certificate of Origin issuance"", ""Visa recommendations""]}, ""governance"": {""president"": {""name"": """", ""company"": """"}, ""vice_presidents"": [], ""secretary_general"": {""name"": ""Ranjeet Mehta"", ""company"": ""CEO & Secretary General, PHDCCI""}}, ""regional_structure"": {""governance_model"": ""Multi-State"", ""headquarters"": ""New Delhi, Delhi"", ""chapters"": [{""name"": ""PHDCCI Rajasthan"", ""headquarters_address"": ""Rajasthan"", ""contact_email"": """"}]}, ""membership_details"": {""overview_metrics"": [{""label"": ""Direct Members"", ""value"": ""1,30,000+""}], ""categories"": [], ""requirements"": [], ""application_process"": {}, ""benefits"": [""Geographic spread"", ""Conferencing facilities"", ""Networking"", ""Interface with Government""], ""mode_of_application"": """", ""application_url"": """", ""member_login_url"": """"}, ""services_offered"": [], ""programs"": {}, ""events"": {}, ""publications"": {""Reports"": [{""title"": ""Annual Reports"", ""description"": ""PHDCCI publishes annual reports and research studies on economic development.""}]}, ""compliance_policies"": {}, ""partnerships"": {""list"": []}, ""awards"": {""list"": [{""title"": ""PHDCCI Business Practices & Awards 2025"", ""description"": ""Annual recognition programme for business excellence.""}]}, ""transparency"": [], ""digital_presence"": [], ""contact_details"": {""office_address"": ""PHD House, 4/2 Siri Institutional Area, August Kranti Marg, New Delhi 110016, India"", ""phone_number"": ""+91-11-26863801-04"", ""email"": ""sg@phdcci.in"", ""website"": ""https://www.phdcci.in""}}"
5,Federation of Indian Export Organisations (FIEO),Apex body of Indian export promotion organisations.,"FIEO is the apex trade promotion organisation in India, set up jointly by the Ministry of Commerce & Industry, Government of India, and private trade and industry in 1965. It serves the interests of about 200,000 exporters directly and indirectly.",1965,Federation of Indian Export Organisations,Non-profit Trade Body,Dr. Ajay Sahai,Director General & CEO,ajaysahai@fieo.org,association,200000,,,https://fieo.org,"Business Services (B2B, HR, Accounting)",Export Promotion Apex Body,Exports,Delhi,New Delhi,National,Registered Society,"{""association_type"": ""National"", ""legal_status"": ""Registered Society"", ""overview"": {""about"": ""FIEO is the apex trade promotion organisation in India, premier body of all export promotion councils, commodity boards and export development authorities. It is ISO 9001:2015 certified and maintains the Indian Trade Portal."", ""mission"": """", ""vision"": """", ""sector"": ""Multi-Industry / Exports"", ""objectives"": [], ""key_functions"": [""Export facilitation"", ""Certificate of Origin issuance"", ""Trade fairs and B2B matchmaking"", ""Niryat Shree and Niryat Bandhu Awards""]}, ""governance"": {""president"": {""name"": """", ""company"": """"}, ""vice_presidents"": [], ""secretary_general"": {""name"": ""Dr. Ajay Sahai"", ""company"": ""Director General & CEO, FIEO""}}, ""regional_structure"": {""governance_model"": ""Regional"", ""headquarters"": ""New Delhi, Delhi"", ""chapters"": []}, ""membership_details"": {""overview_metrics"": [{""label"": ""Exporters Served"", ""value"": ""2,00,000+""}], ""categories"": [], ""requirements"": [], ""application_process"": {""Step 1"": ""Apply for e-RCMC membership via FIEO website""}, ""benefits"": [""Certificate of Origin"", ""Buyer-Seller Meets"", ""Trade fair participation""], ""mode_of_application"": ""Online (e-RCMC)"", ""application_url"": ""https://fieo.org"", ""member_login_url"": """"}, ""services_offered"": [{""name"": ""Niryat Mitra App"", ""description"": ""Access to publications, event calendar, policy updates, GST rates and export incentives.""}], ""programs"": {}, ""events"": {""Trade Fairs"": [{""title"": ""International Trade Fairs 2025-26"", ""description"": ""Annual calendar of global trade fair participation for exporters.""}]}, ""publications"": {""Magazines"": [{""title"": ""FIEO Monthly News Magazine"", ""description"": ""Trade and commerce magazine with worldwide readership.""}]}, ""compliance_policies"": {}, ""partnerships"": {""list"": [{""name"": ""Enterprise Europe Network"", ""relation"": ""International Partner"", ""website"": """"}]}, ""awards"": {""list"": [{""title"": ""Niryat Shree Award"", ""description"": ""Awarded to outstanding exporters.""}, {""title"": ""Niryat Bandhu Award"", ""description"": ""Awarded to export facilitators.""}]}, ""transparency"": [], ""digital_presence"": [], ""contact_details"": {""office_address"": ""Niryat Bhawan, Opp. Army Hospital, Rao Tula Ram Marg, New Delhi 110057, India"", ""phone_number"": ""+91-11-26150111"", ""email"": ""ajaysahai@fieo.org"", ""website"": ""https://fieo.org""}}"
6,National Association of Software and Service Companies (NASSCOM),Premier trade body of India's IT-BPM industry.,"NASSCOM is the premier trade body and chamber of commerce of the IT-BPM industries in India. Founded in 1988 by industry leaders including Harish Mehta, Ashank Desai, Nandan Nilekani, KV Ramani and Saurabh Srivastava, it represents over 3,000 member companies.",1988,National Association of Software and Service Companies,Non-profit Trade Body,,President,,association,3000,,,https://www.nasscom.in,"Technology / IT (IT Support, Cybersecurity, Digital Marketing)",IT-BPM Industry Apex Body,IT-BPM,Delhi,New Delhi,National,Section 25 Company,"{""association_type"": ""National"", ""legal_status"": ""Section 25 Company"", ""overview"": {""about"": ""NASSCOM is an Indian non-governmental trade association serving the Indian technology industry. Its core values are defined by the ELICIT framework (Excellence, Learning, Impact, Collaboration, Inclusion, Trust). NASSCOM advocates for the $283 billion technology sector."", ""mission"": ""To establish India's tech ecosystem as the world's trusted innovation partner, expanding the country's pool of relevant and skilled talent."", ""vision"": ""To make technology human-centric by enabling and enriching lives, positioning India's tech ecosystem as the world's trusted innovation partner."", ""sector"": ""Information Technology"", ""objectives"": [""Reskill and upskill India's tech workforce"", ""Advocate for policies that promote ease of doing business in tech""], ""key_functions"": [""Policy advocacy"", ""Global trade facilitation"", ""Industry research and Strategic Review"", ""Skilling and talent council coordination""]}, ""governance"": {""president"": {""name"": ""Debjani Ghosh"", ""company"": ""First woman President of NASSCOM (tenure dates not confirmed for current cycle)""}, ""vice_presidents"": [], ""secretary_general"": {""name"": """", ""company"": """"}}, ""regional_structure"": {""governance_model"": """", ""headquarters"": ""New Delhi, Delhi"", ""chapters"": []}, ""membership_details"": {""overview_metrics"": [{""label"": ""Member Companies"", ""value"": ""3,000+""}, {""label"": ""Industry Revenue Share Represented"", ""value"": ""~95%""}], ""categories"": [], ""requirements"": [], ""application_process"": {}, ""benefits"": [""Access to flagship Strategic Review reports"", ""Discounted participation in global trade missions"", ""Networking and skill certifications""], ""mode_of_application"": ""Online / Offline"", ""application_url"": ""https://www.nasscom.in/membership"", ""member_login_url"": """"}, ""services_offered"": [{""name"": ""FutureSkills Prime"", ""description"": ""Industry-driven reskilling platform launched 2019 in partnership with MeitY, covering 155+ competencies across 70+ roles in 10 emerging technologies.""}], ""programs"": {""Skilling"": [{""title"": ""FutureSkills Prime"", ""description"": ""Reskilling platform for AI, cloud, cybersecurity and more.""}]}, ""events"": {""Annual"": [{""title"": ""NASSCOM Technology & Leadership Forum (NTLF)"", ""description"": ""34th edition flagship event held at Fairmont Mumbai.""}, {""title"": ""NASSCOM People Summit"", ""description"": ""Gathering of CHROs, CEOs, CIOs on future of work.""}, {""title"": ""NASSCOM SME Confluence (NSC)"", ""description"": ""Multi-city tech SME gathering with roadshows.""}]}, ""publications"": {""Reports"": [{""title"": ""Technology Sector in India: Strategic Review"", ""description"": ""Annual flagship industry research report.""}]}, ""compliance_policies"": {}, ""partnerships"": {""list"": [{""name"": ""Ministry of Electronics and IT (MeitY)"", ""relation"": ""Government Partner"", ""website"": """"}]}, ""awards"": {""list"": [{""title"": ""SME Inspire Awards"", ""description"": ""National awards programme for technology MSMEs across 21 categories.""}]}, ""transparency"": [], ""digital_presence"": [], ""contact_details"": {""office_address"": ""New Delhi, Delhi, India"", ""phone_number"": """", ""email"": """", ""website"": ""https://www.nasscom.in""}}"
10,Indian Drug Manufacturers' Association (IDMA),Apex body representing India's pharmaceutical manufacturing industry.,"IDMA, founded in 1961, is the largest and most representative apex organisation for the pharmaceutical manufacturing sector in India, amalgamating 8 State Boards with over 11,000 members across the country.",1961,Indian Drug Manufacturers Association,Non-profit Trade Body,Viranchi Shah,National President,feedback@idmaindia.com,association,11000,,,https://idma-assn.org,"Logistics / Manufacturing (Couriers, Warehousing, Light Manufacturing)",Pharma Manufacturers Association,Pharmaceutical Manufacturing,Maharashtra,Mumbai,National,Registered Society,"{""association_type"": ""National"", ""legal_status"": ""Registered Society"", ""overview"": {""about"": ""IDMA represents the national sector of Indian manufacturers engaged in producing bulk actives and formulations, amalgamating 8 State Boards (Gujarat, Himachal Pradesh & Uttaranchal, Haryana, Tamil Nadu, West Bengal, Madhya Pradesh, Telangana, Karnataka) with over 11,000 members."", ""mission"": """", ""vision"": """", ""sector"": ""Pharmaceuticals"", ""objectives"": [""Quality improvement and global compliance"", ""Harmonization of pharmacopoeias""], ""key_functions"": [""Representation to Government authorities"", ""GMP workshops"", ""Pharmaceutical Analyst Conventions (since 1997)""]}, ""governance"": {""president"": {""name"": ""Dr. Viranchi Shah"", ""company"": ""Saga Lifesciences Ltd.""}, ""vice_presidents"": [{""name"": ""(Sr. Vice President)"", ""company"": ""Inga Laboratories Pvt. Ltd.""}], ""secretary_general"": {""name"": ""Daara B. Patel"", ""company"": ""Secretary General, IDMA""}}, ""regional_structure"": {""governance_model"": ""8 State Boards"", ""headquarters"": ""Mumbai, Maharashtra"", ""chapters"": [{""name"": ""IDMA Gujarat State Board (GSB)"", ""headquarters_address"": ""Gujarat - largest state board with 350+ members"", ""contact_email"": """"}]}, ""membership_details"": {""overview_metrics"": [{""label"": ""Total Members"", ""value"": ""11,000+""}], ""categories"": [], ""requirements"": [], ""application_process"": {}, ""benefits"": [""Weekly IDMA Bulletin (55th year)"", ""Monthly journal Indian Drugs (61st year)"", ""GMP training and workshops""], ""mode_of_application"": """", ""application_url"": """", ""member_login_url"": """"}, ""services_offered"": [], ""programs"": {""Quality"": [{""title"": ""National cGMP Day"", ""description"": ""Annual day celebrating commitment to quality and safety standards, observed 10th October.""}]}, ""events"": {""Annual"": [{""title"": ""IDMA Annual Day & Vriddhi"", ""description"": ""62nd edition held in 2024.""}, {""title"": ""Pharmaceutical Analyst Convention (PAC)"", ""description"": ""24th edition in 2025, held annually since 1997.""}]}, ""publications"": {""Journals"": [{""title"": ""Indian Drugs"", ""description"": ""Monthly scientific and technical journal, published for 61+ years.""}], ""Bulletins"": [{""title"": ""IDMA Bulletin"", ""description"": ""Weekly communication bulletin, in its 55th year.""}]}, ""compliance_policies"": {}, ""partnerships"": {""list"": [{""name"": ""Indian Pharmacopoeia Commission"", ""relation"": ""Technical Partner"", ""website"": """"}]}, ""awards"": {""list"": [{""title"": ""IDMA Quality Excellence Awards"", ""description"": ""For manufacturing of APIs and Formulations.""}, {""title"": ""IDMA Margi Memorial Best Patent Award"", ""description"": ""For best patents granted in India and abroad.""}, {""title"": ""IDMA Corporate Citizen Award"", ""description"": ""Recognizes humanitarian CSR activities of members.""}, {""title"": ""IDMA Research Awards"", ""description"": ""For original research papers published in Indian Drugs.""}]}, ""transparency"": [], ""digital_presence"": [], ""contact_details"": {""office_address"": ""102-B, Poonam Chambers, Dr. A.B. Road, Worli, Mumbai 400018, India"", ""phone_number"": ""+91-22-2494 4624"", ""email"": ""feedback@idmaindia.com"", ""website"": ""https://idma-assn.org""}}"
11,Organisation of Pharmaceutical Producers of India (OPPI),Apex body of research-based pharmaceutical companies in India.,"OPPI is the apex body of research-based global pharmaceutical companies in India, established in 1965. Member firms account for around 60% of the total pharmaceuticals market and 50% of drug export industry.",1965,Organisation of Pharmaceutical Producers of India,Non-profit Trade Body,Anil Matai,Director General,,association,,,,https://www.indiaoppi.com,"Health (Medical, Diagnostic & Wellness)",Research Pharma Producers Body,Pharmaceuticals,Maharashtra,Mumbai,National,Registered Society,"{""association_type"": ""National"", ""legal_status"": ""Registered Society"", ""overview"": {""about"": ""OPPI represents research-based global pharmaceutical companies in India, an integral part of India's healthcare journey since pre-independence. In 2025 OPPI celebrated its Diamond Jubilee (60 years since 1965 founding)."", ""mission"": ""Building a healthier India through access to Innovation."", ""vision"": ""An organisation of research and innovation driven pharmaceutical companies committed to addressing India's healthcare needs."", ""sector"": ""Pharmaceuticals"", ""objectives"": [""Facilitate greater access to quality healthcare solutions"", ""Encourage research and innovation"", ""Disseminate knowledge and best practices"", ""Contribute to policy dialogues""], ""key_functions"": [""Advocacy on Innovation, Access and Ease of Doing Business"", ""Code of Pharmaceutical Practices (ethics)""]}, ""governance"": {""president"": {""name"": ""Bhushan Akshikar"", ""company"": ""Appointed President, 2024""}, ""vice_presidents"": [], ""secretary_general"": {""name"": ""Anil Matai"", ""company"": ""Director General, OPPI""}}, ""regional_structure"": {""governance_model"": """", ""headquarters"": ""Mumbai, Maharashtra"", ""chapters"": []}, ""membership_details"": {""overview_metrics"": [{""label"": ""Market Share of Members"", ""value"": ""~60%""}], ""categories"": [], ""requirements"": [], ""application_process"": {}, ""benefits"": [], ""mode_of_application"": """", ""application_url"": """", ""member_login_url"": """"}, ""services_offered"": [], ""programs"": {""Patient Initiatives"": [{""title"": ""Bharat Ke Liye"", ""description"": ""Initiative launched March 2023 highlighting OPPI's commitment to healthier India.""}]}, ""events"": {}, ""publications"": {}, ""compliance_policies"": {""Ethics"": [{""title"": ""Code of Pharmaceutical Practices"", ""description"": ""Stringent ethics and CGMP compliance code for member companies.""}]}, ""partnerships"": {""list"": [{""name"": ""IFPMA"", ""relation"": ""International Federation Member"", ""website"": ""https://www.ifpma.org""}]}, ""awards"": {""list"": []}, ""transparency"": [], ""digital_presence"": [], ""contact_details"": {""office_address"": ""Peninsula Corporate Park, Peninsula Chambers, Ground Floor, Ganpatrao Kadam Marg, Lower Parel, Mumbai 400013, India"", ""phone_number"": ""+91-22-2491 8123"", ""email"": """", ""website"": ""https://www.indiaoppi.com""}}"
12,Indian Pharmaceutical Alliance (IPA),Alliance of India's leading domestic pharmaceutical companies.,"IPA was founded in August 1999 by Dilip G Shah along with Cipla, Dr. Reddy's, Lupin, Piramal, Ranbaxy and Wockhardt to promote the cause of generic drugs in India. It now represents 24 leading Indian pharma companies.",1999,Indian Pharmaceutical Alliance,Non-profit Trade Body,Sudarshan Jain,Secretary General,,association,24,,,https://www.ipa-india.org,"Health (Medical, Diagnostic & Wellness)",Pharma Alliance,Pharmaceuticals,Maharashtra,Mumbai,National,Registered Society,"{""association_type"": ""National"", ""legal_status"": ""Registered Society"", ""overview"": {""about"": ""IPA is an alliance of 24 leading Indian pharmaceutical companies, founded in 1999 to promote the cause of generic drugs and represent research-based national pharmaceutical companies in India. Nearly 1 in 5 generic medicines used worldwide is manufactured in India."", ""mission"": """", ""vision"": """", ""sector"": ""Pharmaceuticals"", ""objectives"": [], ""key_functions"": [""Policy engagement with Government"", ""Regulatory trust building"", ""Biologics and mRNA capability development with CPI""]}, ""governance"": {""president"": {""name"": """", ""company"": """"}, ""vice_presidents"": [{""name"": ""Archana Jatkar"", ""company"": ""Associate Secretary General, IPA""}], ""secretary_general"": {""name"": ""Sudarshan Jain"", ""company"": ""Secretary General, IPA""}}, ""regional_structure"": {""governance_model"": """", ""headquarters"": ""Mumbai, Maharashtra"", ""chapters"": []}, ""membership_details"": {""overview_metrics"": [{""label"": ""Member Companies"", ""value"": ""24""}], ""categories"": [], ""requirements"": [], ""application_process"": {}, ""benefits"": [], ""mode_of_application"": """", ""application_url"": """", ""member_login_url"": """"}, ""services_offered"": [], ""programs"": {}, ""events"": {}, ""publications"": {""Reports"": [{""title"": ""Pharma Industry and Government Collaboration"", ""description"": ""IPA-PwC report on India's pharma response and reform.""}]}, ""compliance_policies"": {}, ""partnerships"": {""list"": [{""name"": ""PwC"", ""relation"": ""Research Partner"", ""website"": """"}]}, ""awards"": {""list"": []}, ""transparency"": [], ""digital_presence"": [], ""contact_details"": {""office_address"": ""Mumbai, Maharashtra, India"", ""phone_number"": """", ""email"": """", ""website"": ""https://www.ipa-india.org""}}"
13,All India Organisation of Chemists & Druggists (AIOCD),National body of licensed drug retail chemists and druggists.,"AIOCD is the national apex organisation for licensed chemists and druggists in India, established in 1961, representing about 800,000 members - stockists, pharmacies and retailers across the country.",1961,All India Organisation of Chemists and Druggists,Trade Body,J. S. Shinde,President,,association,800000,,,https://aiocd.com,"Dealers & Distributors (FMCG, Electronics Distribution)",Chemists & Druggists Trade Body,Pharma Trade / Distribution,Maharashtra,Mumbai,National,Registered Society,"{""association_type"": ""National"", ""legal_status"": ""Registered Society"", ""overview"": {""about"": ""AIOCD is the national apex organisation for licensed chemists and druggists in India, representing about 800,000 members including stockists, pharmacies and retailers."", ""mission"": """", ""vision"": """", ""sector"": ""Pharma Retail / Distribution"", ""objectives"": [], ""key_functions"": [""Retail trade representation"", ""Pharmacy regulation advocacy""]}, ""governance"": {""president"": {""name"": ""J. S. Shinde"", ""company"": """"}, ""vice_presidents"": [], ""secretary_general"": {""name"": """", ""company"": """"}}, ""regional_structure"": {""governance_model"": """", ""headquarters"": ""Mumbai, Maharashtra"", ""chapters"": []}, ""membership_details"": {""overview_metrics"": [{""label"": ""Total Members"", ""value"": ""8,00,000+""}], ""categories"": [], ""requirements"": [], ""application_process"": {}, ""benefits"": [], ""mode_of_application"": """", ""application_url"": """", ""member_login_url"": """"}, ""services_offered"": [], ""programs"": {}, ""events"": {}, ""publications"": {}, ""compliance_policies"": {}, ""partnerships"": {""list"": []}, ""awards"": {""list"": []}, ""transparency"": [], ""digital_presence"": [], ""contact_details"": {""office_address"": ""Mumbai, Maharashtra, India"", ""phone_number"": """", ""email"": """", ""website"": ""https://aiocd.com""}}"
14,Pharmaceuticals Export Promotion Council of India (PHARMEXCIL),Government-backed council promoting India's pharmaceutical exports.,"PHARMEXCIL was set up in 2004 by the Ministry of Commerce & Industry to boost India's pharma exports, assisting member companies through market studies, trade delegations, and global trade fair participation.",2004,Pharmaceuticals Export Promotion Council of India,Export Promotion Council,Dinesh Dua,Chairperson,,association,,,,https://pharmexcil.in,"Health (Medical, Diagnostic & Wellness)",Pharma Export Promotion Council,Pharma Exports,Telangana,Hyderabad,National,Registered Society,"{""association_type"": ""National"", ""legal_status"": ""Registered Society"", ""overview"": {""about"": ""PHARMEXCIL, set up in 2004 under Ministry of Commerce & Industry, promotes export of pharmaceutical products including drug intermediates, bulk drugs, formulations, biologicals, ayush and herbal products and surgicals."", ""mission"": """", ""vision"": """", ""sector"": ""Pharma Exports"", ""objectives"": [], ""key_functions"": [""Export promotion"", ""Market studies"", ""Trade delegations""]}, ""governance"": {""president"": {""name"": ""Dinesh Dua"", ""company"": ""CEO, Nectar Lifesciences Limited""}, ""vice_presidents"": [], ""secretary_general"": {""name"": """", ""company"": """"}}, ""regional_structure"": {""governance_model"": """", ""headquarters"": ""Hyderabad, Telangana"", ""chapters"": []}, ""membership_details"": {""overview_metrics"": [], ""categories"": [], ""requirements"": [], ""application_process"": {}, ""benefits"": [], ""mode_of_application"": """", ""application_url"": """", ""member_login_url"": """"}, ""services_offered"": [], ""programs"": {}, ""events"": {}, ""publications"": {}, ""compliance_policies"": {}, ""partnerships"": {""list"": []}, ""awards"": {""list"": []}, ""transparency"": [], ""digital_presence"": [], ""contact_details"": {""office_address"": ""Hyderabad, Telangana, India"", ""phone_number"": """", ""email"": """", ""website"": ""https://pharmexcil.in""}}"
15,Society of Indian Automobile Manufacturers (SIAM),Apex national body representing all major vehicle manufacturers in India.,"SIAM is a not-for-profit apex national body representing all major vehicle and vehicular engine manufacturers in India, registered under Societies Registration Act 1860 with charitable status under the Income Tax Act.",1960,Society of Indian Automobile Manufacturers,Non-profit Trade Body,Shailesh Chandra,President (2024-25),siam@siam.in,association,,,,https://www.siam.in,Automotive (Auto & EV Franchises),Automobile Manufacturers Association,Automobile Manufacturing,Delhi,New Delhi,National,Registered Society (Charitable),"{""association_type"": ""National"", ""legal_status"": ""Registered Society (Charitable status under Income Tax Act 1961)"", ""overview"": {""about"": ""SIAM works towards supporting sustainable development of the Indian Automobile Industry with the vision that India emerges as the destination of choice for design and manufacture of automobiles. It works closely with stakeholders on economic and commercial policies, regulations and standards."", ""mission"": """", ""vision"": ""India as the destination of choice in the world for design and manufacture of automobiles."", ""sector"": ""Automotive"", ""objectives"": [""Enhance automobile industry's contribution to Indian economy"", ""Improve road safety and environment protection""], ""key_functions"": [""Policy and standards formulation"", ""Monthly Industry Statistics publication"", ""Auto Expo organisation (with ACMA, CII)""]}, ""governance"": {""president"": {""name"": ""Shailesh Chandra"", ""company"": ""Managing Director, Tata Motors Passenger Vehicles Ltd. & Tata Passenger Electric Mobility Ltd""}, ""vice_presidents"": [{""name"": ""Shenu Agarwal"", ""company"": ""Managing Director & CEO, Ashok Leyland Ltd""}], ""secretary_general"": {""name"": ""Rajesh Menon"", ""company"": ""Director General, SIAM""}}, ""regional_structure"": {""governance_model"": """", ""headquarters"": ""New Delhi, Delhi"", ""chapters"": []}, ""membership_details"": {""overview_metrics"": [], ""categories"": [], ""requirements"": [], ""application_process"": {}, ""benefits"": [], ""mode_of_application"": """", ""application_url"": """", ""member_login_url"": """"}, ""services_offered"": [{""name"": ""Monthly Industry Statistics"", ""description"": ""Regular publication of vehicle production/sales data.""}, {""name"": ""Monthly Commodity Price Monitor"", ""description"": ""Tracking of input commodity prices for the industry.""}], ""programs"": {""Road Safety & Environment"": [{""title"": ""Surakshit Safar"", ""description"": ""Road safety awareness pavilion/campaign at auto shows.""}]}, ""events"": {""Biennial"": [{""title"": ""Auto Expo - The Motor Show / Bharat Mobility Global Expo"", ""description"": ""Jointly organised with ACMA and CII, India's premier auto exhibition.""}]}, ""publications"": {}, ""compliance_policies"": {}, ""partnerships"": {""list"": [{""name"": ""ACMA"", ""relation"": ""Co-organiser of Auto Expo"", ""website"": ""https://www.acma.in""}, {""name"": ""CII"", ""relation"": ""Co-organiser of Auto Expo"", ""website"": ""https://www.cii.in""}]}, ""awards"": {""list"": []}, ""transparency"": [], ""digital_presence"": [], ""contact_details"": {""office_address"": ""Core 4B, 5th Floor, India Habitat Centre, Lodi Road, New Delhi 110003, India"", ""phone_number"": ""+91-11-24647810-13"", ""email"": ""siam@siam.in"", ""website"": ""https://www.siam.in""}}"
16,Automotive Component Manufacturers Association of India (ACMA),Apex body of auto component manufacturers in India.,"ACMA is the apex industry body representing the interests of the automotive component industry in India, representing the USD 80.2 billion auto component industry comprising organised players and SMEs.",1959,Automotive Component Manufacturers Association of India,Non-profit Trade Body,Shradha Suri Marwah,President,acma@vsnl.com,association,,,,https://www.acma.in,Automotive (Auto & EV Franchises),Auto Component Manufacturers Association,Auto Components Manufacturing,Delhi,New Delhi,National,Registered Society,"{""association_type"": ""National"", ""legal_status"": ""Registered Society"", ""overview"": {""about"": ""ACMA is the apex industry body representing the automotive component industry in India, valued at USD 80.2 billion, comprising organised manufacturers and thousands of SMEs across the auto components value chain."", ""mission"": """", ""vision"": """", ""sector"": ""Auto Components"", ""objectives"": [""GST rationalisation advocacy"", ""Support MSMEs in auto component sector""], ""key_functions"": [""Policy advocacy"", ""Auto Expo co-organisation"", ""Export refund and liquidity support advocacy""]}, ""governance"": {""president"": {""name"": ""Shradha Suri Marwah"", ""company"": """"}, ""vice_presidents"": [], ""secretary_general"": {""name"": """", ""company"": """"}}, ""regional_structure"": {""governance_model"": """", ""headquarters"": ""New Delhi, Delhi"", ""chapters"": []}, ""membership_details"": {""overview_metrics"": [{""label"": ""Industry Size Represented"", ""value"": ""USD 80.2 Billion""}], ""categories"": [], ""requirements"": [], ""application_process"": {}, ""benefits"": [], ""mode_of_application"": """", ""application_url"": """", ""member_login_url"": """"}, ""services_offered"": [], ""programs"": {}, ""events"": {""Biennial"": [{""title"": ""Auto Expo - The Motor Show"", ""description"": ""Jointly organised with SIAM and CII.""}]}, ""publications"": {}, ""compliance_policies"": {}, ""partnerships"": {""list"": [{""name"": ""SIAM"", ""relation"": ""Co-organiser of Auto Expo"", ""website"": ""https://www.siam.in""}]}, ""awards"": {""list"": []}, ""transparency"": [], ""digital_presence"": [], ""contact_details"": {""office_address"": ""The Capital Court, 6th Floor, Olof Palme Marg, Munirka, New Delhi 110067, India"", ""phone_number"": ""+91-11-26160315"", ""email"": ""acma@vsnl.com"", ""website"": ""https://www.acma.in""}}"
17,Federation of Automobile Dealers Associations (FADA),National body for automobile dealers in India.,"FADA, founded in 1964, is the apex national body of the automobile retail industry in India, representing over 15,000 automobile dealerships and 30,000+ outlets, accounting for around 90% of market share.",1964,Federation of Automobile Dealers Associations,Non-profit Trade Body,Manish Raj Singhania,President,,association,15000,,,https://fada.in,Automotive (Auto & EV Franchises),Automobile Dealers Association,Auto Retail,Delhi,New Delhi,National,Registered Society,"{""association_type"": ""National"", ""legal_status"": ""Registered Society"", ""overview"": {""about"": ""FADA is the apex national body of the Automobile Retail Industry in India engaged in sale, service and spares of 2/3-wheelers, passenger cars, UVs, commercial vehicles and tractors, networking with over 30 regional/state/city dealer associations."", ""mission"": """", ""vision"": ""One Nation | One Association"", ""sector"": ""Auto Retail"", ""objectives"": [], ""key_functions"": [""Auto Policy and Taxation advocacy"", ""Vehicle Registration Procedure inputs"", ""Road Safety initiatives"", ""Vehicle Retail Data publication""]}, ""governance"": {""president"": {""name"": ""Manish Raj Singhania"", ""company"": """"}, ""vice_presidents"": [{""name"": ""C S Vigneshwar"", ""company"": ""Past President""}], ""secretary_general"": {""name"": ""Saharsh Damani"", ""company"": ""CEO, FADA (first CEO, appointed 2017)""}}, ""regional_structure"": {""governance_model"": ""30+ regional/state/city associations"", ""headquarters"": ""New Delhi, Delhi"", ""chapters"": []}, ""membership_details"": {""overview_metrics"": [{""label"": ""Dealerships"", ""value"": ""15,000+""}, {""label"": ""Outlets"", ""value"": ""30,000+""}, {""label"": ""Market Share"", ""value"": ""~90%""}], ""categories"": [], ""requirements"": [], ""application_process"": {}, ""benefits"": [""FADA Academy training"", ""Industry research and data (FADA Vehicle Retail Data)""], ""mode_of_application"": """", ""application_url"": """", ""member_login_url"": """"}, ""services_offered"": [{""name"": ""FADA Research"", ""description"": ""Monthly vehicle retail data across categories.""}], ""programs"": {""Training"": [{""title"": ""FADA Academy GenX Executive Leadership Program"", ""description"": ""Leadership development program for auto retail professionals, in partnership with NMIMS.""}]}, ""events"": {""Annual"": [{""title"": ""FADA Dealership Excellence Awards"", ""description"": ""Annual awards recognizing excellence in automobile dealership operations.""}, {""title"": ""Finance & Insurance Summit"", ""description"": ""Annual summit alongside Auto Retail Conclave.""}]}, ""publications"": {""Journals"": [{""title"": ""FADA Journal"", ""description"": ""Monthly publication covering industry updates, GST guidance, and retail data.""}]}, ""compliance_policies"": {}, ""partnerships"": {""list"": [{""name"": ""Automotive Skills Development Council (ASDC)"", ""relation"": ""Skilling Partner"", ""website"": """"}]}, ""awards"": {""list"": [{""title"": ""FADA Dealership Excellence Awards 2025"", ""description"": ""Jury-led national recognition for top auto dealerships.""}]}, ""transparency"": [], ""digital_presence"": [], ""contact_details"": {""office_address"": ""New Delhi, Delhi, India"", ""phone_number"": """", ""email"": """", ""website"": ""https://fada.in""}}"
18,Confederation of Indian Textile Industry (CITI),Apex body of the entire Indian textile industry.,"CITI is the apex body of the entire Indian textile industry, founded in 1942, representing the complete value chain from cotton farmers and spinning units to garment exporters and textile machinery makers.",1942,Confederation of Indian Textile Industry,Non-profit Trade Body,Ashwin Chandran,Chairman,mail@citiindia.org,association,,,,https://citiindia.org,"Fashion (Apparel, Footwear, Accessories)",Textile Industry Apex Body,Textile Manufacturing,Delhi,New Delhi,National,Registered Society,"{""association_type"": ""National"", ""legal_status"": ""Registered Society"", ""overview"": {""about"": ""CITI is the only national body that connects India's entire textile and clothing spectrum, from cotton farmers and spinning units to garment exporters and textile machinery makers. It also heads the Textile Sector Skill Council and CITI-CDRA."", ""mission"": """", ""vision"": """", ""sector"": ""Textiles"", ""objectives"": [], ""key_functions"": [""End-to-end textile value chain representation"", ""Textile Sector Skill Council"", ""Policy advocacy on PLI, PM MITRA schemes""]}, ""governance"": {""president"": {""name"": ""Ashwin Chandran"", ""company"": ""Chairman & Managing Director, Precot Meridien Limited""}, ""vice_presidents"": [{""name"": ""(Vice Chairman)"", ""company"": ""Precot Ltd.""}], ""secretary_general"": {""name"": """", ""company"": """"}}, ""regional_structure"": {""governance_model"": """", ""headquarters"": ""New Delhi, Delhi"", ""chapters"": []}, ""membership_details"": {""overview_metrics"": [], ""categories"": [], ""requirements"": [], ""application_process"": {}, ""benefits"": [], ""mode_of_application"": """", ""application_url"": """", ""member_login_url"": """"}, ""services_offered"": [], ""programs"": {""Skilling"": [{""title"": ""Textile Sector Skill Council"", ""description"": ""Skill development body for textile workforce, also linked to National Skills Development Corporation.""}]}, ""events"": {}, ""publications"": {}, ""compliance_policies"": {}, ""partnerships"": {""list"": [{""name"": ""National Skills Development Corporation"", ""relation"": ""Board Member Partnership"", ""website"": """"}]}, ""awards"": {""list"": []}, ""transparency"": [], ""digital_presence"": [], ""contact_details"": {""office_address"": ""6th Floor, Narain Manzil, 23 Barakhamba Road, New Delhi 110001, India"", ""phone_number"": ""23325013 / 15 / 55"", ""email"": ""mail@citiindia.org"", ""website"": ""https://citiindia.org""}}"
19,Apparel Export Promotion Council (AEPC),Government body promoting India's apparel exports globally.,"AEPC is the official body of apparel exporters in India, incorporated in 1978 under the Foreign Trade (Development and Regulation) Act, operating under the Ministry of Textiles to promote garment exports.",1978,Apparel Export Promotion Council,Export Promotion Council,Dr. A. Sakthivel,Chairman (5th term),,association,,,,https://www.aepcindia.com,"Fashion (Apparel, Footwear, Accessories)",Apparel Export Promotion Council,Apparel Exports,Haryana,Gurgaon,National,Statutory Export Promotion Body,"{""association_type"": ""National"", ""legal_status"": ""Statutory Export Promotion Body (under Foreign Trade Development & Regulation Act 1992)"", ""overview"": {""about"": ""AEPC is the official body of apparel exporters in India, operating under the Ministry of Textiles. From one office in 1978 it has grown to over 40 offices, providing trade statistics, market intelligence and trade fair assistance to garment exporters."", ""mission"": """", ""vision"": """", ""sector"": ""Apparel Exports"", ""objectives"": [""Promote and support export of Indian garments"", ""Improve competitiveness of Indian apparel sector""], ""key_functions"": [""Market research & development"", ""Trade fair organisation"", ""Policy advocacy"", ""Skill development"", ""Certification and standards""]}, ""governance"": {""president"": {""name"": ""Dr. A. Sakthivel"", ""company"": ""Board member for 43 years, Chairman 5 terms""}, ""vice_presidents"": [], ""secretary_general"": {""name"": """", ""company"": """"}}, ""regional_structure"": {""governance_model"": ""40+ offices"", ""headquarters"": ""Gurgaon, Haryana"", ""chapters"": []}, ""membership_details"": {""overview_metrics"": [], ""categories"": [], ""requirements"": [], ""application_process"": {}, ""benefits"": [""Trade statistics access"", ""Market intelligence"", ""Trade fair participation assistance""], ""mode_of_application"": """", ""application_url"": """", ""member_login_url"": """"}, ""services_offered"": [], ""programs"": {}, ""events"": {""Biannual"": [{""title"": ""India International Garment Fair (IIGF)"", ""description"": ""Held at Noida, with about 350 exhibitors and 2,500+ overseas buyers - Asia's biggest platform for MSME garment exporters.""}]}, ""publications"": {}, ""compliance_policies"": {}, ""partnerships"": {""list"": [{""name"": ""Ministry of Textiles, Government of India"", ""relation"": ""Government Oversight Body"", ""website"": """"}]}, ""awards"": {""list"": [{""title"": ""Mentor of the Indian Apparel Industry"", ""description"": ""Recognition awarded by AEPC to industry leaders.""}]}, ""transparency"": [], ""digital_presence"": [], ""contact_details"": {""office_address"": ""Apparel House, Institutional Area, Sector-44, Gurgaon, Haryana"", ""phone_number"": ""0124-2708000"", ""email"": """", ""website"": ""https://www.aepcindia.com""}}"
20,Cotton Textiles Export Promotion Council (TEXPROCIL),Apex body for promotion of cotton textile exports from India.,"TEXPROCIL, set up in 1954, is the apex export promotion body for cotton textiles from India, assisting member exporters with market information and representation to government bodies.",1954,Cotton Textiles Export Promotion Council,Export Promotion Council,Vijay Agarwal,Chairman,,association,,,,https://texprocil.org,"Fashion (Apparel, Footwear, Accessories)",Cotton Textile Export Council,Cotton Textile Exports,Maharashtra,Mumbai,National,Registered Society,"{""association_type"": ""National"", ""legal_status"": ""Registered Society"", ""overview"": {""about"": ""TEXPROCIL is the apex export promotion body for cotton textiles from India, assisting exporters in international trade negotiations including under WTO, and defending Indian exporters against anti-dumping measures."", ""mission"": """", ""vision"": """", ""sector"": ""Cotton Textile Exports"", ""objectives"": [], ""key_functions"": [""Trade negotiation support"", ""Anti-dumping defense advocacy"", ""Market information""]}, ""governance"": {""president"": {""name"": ""Vijay Agarwal"", ""company"": ""Chairman""}, ""vice_presidents"": [], ""secretary_general"": {""name"": ""Dr. Siddhartha Rajagopal"", ""company"": ""Executive Director, TEXPROCIL (joined 1992, previously at AEPC)""}}, ""regional_structure"": {""governance_model"": """", ""headquarters"": ""Mumbai, Maharashtra"", ""chapters"": []}, ""membership_details"": {""overview_metrics"": [], ""categories"": [], ""requirements"": [], ""application_process"": {}, ""benefits"": [], ""mode_of_application"": """", ""application_url"": """", ""member_login_url"": """"}, ""services_offered"": [], ""programs"": {}, ""events"": {}, ""publications"": {}, ""compliance_policies"": {}, ""partnerships"": {""list"": []}, ""awards"": {""list"": []}, ""transparency"": [], ""digital_presence"": [], ""contact_details"": {""office_address"": ""Mumbai, Maharashtra, India"", ""phone_number"": """", ""email"": """", ""website"": ""https://texprocil.org""}}"
21,Chemicals & Allied Products Export Promotion Council (CAPEXIL),Export promotion body for chemicals and allied products.,"CAPEXIL, set up in March 1958 by the Ministry of Commerce & Industry, promotes exports of chemicals, dyes, ceramics, paper, rubber and other allied products from India.",1958,Chemicals and Allied Products Export Promotion Council,Export Promotion Council,Ramesh K. Mittal,Chairperson,capexil@capexil.in,association,,,,https://capexil.org,"Logistics / Manufacturing (Couriers, Warehousing, Light Manufacturing)",Chemicals Export Promotion Council,Chemical Exports,West Bengal,Kolkata,National,Statutory Export Promotion Body,"{""association_type"": ""National"", ""legal_status"": ""Statutory Export Promotion Body (sponsored by Ministry of Commerce & Industry)"", ""overview"": {""about"": ""CAPEXIL is a premier export promotion council set up in 1958 to promote export of Chemical and Allied Products from India, with panels covering Paper, Ceramics, Rubber, and Miscellaneous Products."", ""mission"": """", ""vision"": """", ""sector"": ""Chemicals & Allied Exports"", ""objectives"": [], ""key_functions"": [""Export facilitation"", ""Stakeholder meets"", ""International trade fair participation""]}, ""governance"": {""president"": {""name"": ""Ramesh K. Mittal"", ""company"": ""Chairperson, CAPEXIL""}, ""vice_presidents"": [], ""secretary_general"": {""name"": """", ""company"": """"}}, ""regional_structure"": {""governance_model"": ""Regional Offices"", ""headquarters"": ""Kolkata, West Bengal"", ""chapters"": [{""name"": ""Northern Regional Office"", ""headquarters_address"": ""New Delhi"", ""contact_email"": """"}]}, ""membership_details"": {""overview_metrics"": [], ""categories"": [], ""requirements"": [], ""application_process"": {}, ""benefits"": [], ""mode_of_application"": """", ""application_url"": """", ""member_login_url"": """"}, ""services_offered"": [], ""programs"": {}, ""events"": {""Annual"": [{""title"": ""Annual General Meeting"", ""description"": ""67th AGM held at The Lalit Great Eastern Hotel, reviewing council performance and strategic goals.""}], ""Trade Fairs"": [{""title"": ""PaperEx"", ""description"": ""17th International Exhibition & Conference on Pulp, Paper and Allied Industries.""}]}, ""publications"": {}, ""compliance_policies"": {}, ""partnerships"": {""list"": [{""name"": ""FIEO"", ""relation"": ""Cross-body Coordination"", ""website"": """"}]}, ""awards"": {""list"": []}, ""transparency"": [], ""digital_presence"": [], ""contact_details"": {""office_address"": ""Vanijya Bhavan, International Trade Facilitation Center, 3rd Floor, 1/1 Wood Street, Kolkata 700016, India"", ""phone_number"": ""+91-33-22891721/22/23/25"", ""email"": ""capexil@capexil.in"", ""website"": ""https://capexil.org""}}"
22,Indian Chemical Council (ICC),National body for India's chemical industry.,"Indian Chemical Council (ICC) is the apex body of the Indian chemical industry, representing manufacturers and promoting sustainable practices within the sector, publishing an 84th Annual Report for 2024-25.",1938,Indian Chemical Council,Non-profit Trade Body,,President,,association,,,,https://www.indianchemicalcouncil.com,"Logistics / Manufacturing (Couriers, Warehousing, Light Manufacturing)",Chemical Industry Apex Body,Chemical Manufacturing,Maharashtra,Mumbai,National,Registered Society,"{""association_type"": ""National"", ""legal_status"": ""Registered Society"", ""overview"": {""about"": ""ICC is the apex body of the Indian chemical industry, with 84 years of operation as of its 84th Annual Report (2024-25). It maintains records of Past Presidents and Past Director Generals and signs MoUs to support industry development."", ""mission"": """", ""vision"": """", ""sector"": ""Chemicals"", ""objectives"": [], ""key_functions"": [""Policy representation"", ""ICC Outlook annual conference"", ""MoU partnerships""]}, ""governance"": {""president"": {""name"": """", ""company"": """"}, ""vice_presidents"": [], ""secretary_general"": {""name"": """", ""company"": """"}}, ""regional_structure"": {""governance_model"": """", ""headquarters"": ""Mumbai, Maharashtra"", ""chapters"": []}, ""membership_details"": {""overview_metrics"": [], ""categories"": [], ""requirements"": [], ""application_process"": {}, ""benefits"": [], ""mode_of_application"": """", ""application_url"": """", ""member_login_url"": """"}, ""services_offered"": [], ""programs"": {}, ""events"": {""Annual"": [{""title"": ""ICC Outlook"", ""description"": ""Annual conference featuring government and industry speakers on chemical sector trends.""}]}, ""publications"": {""Reports"": [{""title"": ""ICC Annual Report"", ""description"": ""84th Annual Report covering FY 2024-25 published.""}]}, ""compliance_policies"": {}, ""partnerships"": {""list"": []}, ""awards"": {""list"": []}, ""transparency"": [{""title"": ""84th Annual Report 2024-25"", ""description"": ""Published annual report available on ICC website."", ""status"": ""Published""}], ""digital_presence"": [], ""contact_details"": {""office_address"": ""Mumbai, Maharashtra, India"", ""phone_number"": """", ""email"": """", ""website"": ""https://www.indianchemicalcouncil.com""}}"
23,Engineering Export Promotion Council of India (EEPC India),Premier export promotion body for engineering goods.,"EEPC India, set up in 1955, is the premier export promotion body for engineering goods, products and services in India, serving over 12,000 members through regional offices across the country.",1955,Engineering Export Promotion Council of India,Export Promotion Council,Pankaj Chadha,Chairman,,association,12000,,,https://www.eepcindia.org,"Logistics / Manufacturing (Couriers, Warehousing, Light Manufacturing)",Engineering Goods Export Council,Engineering Exports,West Bengal,Kolkata,National,Registered Society,"{""association_type"": ""National"", ""legal_status"": ""Registered Society"", ""overview"": {""about"": ""EEPC India is the premier export promotion body for engineering goods in India, with over 12,000 members, helping exporters penetrate global markets through regional offices, seminars and trade fair participation."", ""mission"": """", ""vision"": """", ""sector"": ""Engineering Exports"", ""objectives"": [], ""key_functions"": [""Export facilitation"", ""International trade fair participation (e.g. Hannover Messe)"", ""Regional seminars on export schemes""]}, ""governance"": {""president"": {""name"": ""Pankaj Chadha"", ""company"": ""Chairman, EEPC India""}, ""vice_presidents"": [{""name"": ""Anoop Marwaha"", ""company"": ""Regional Chairman (Western Region)""}], ""secretary_general"": {""name"": """", ""company"": """"}}, ""regional_structure"": {""governance_model"": ""Regional Offices (Western, Northern, Southern, Eastern)"", ""headquarters"": ""Kolkata, West Bengal"", ""chapters"": []}, ""membership_details"": {""overview_metrics"": [{""label"": ""Total Members"", ""value"": ""12,000+""}], ""categories"": [], ""requirements"": [], ""application_process"": {}, ""benefits"": [], ""mode_of_application"": """", ""application_url"": """", ""member_login_url"": """"}, ""services_offered"": [], ""programs"": {}, ""events"": {""Annual"": [{""title"": ""WR Engineering Export Excellence Awards"", ""description"": ""Regional awards recognizing top engineering exporters.""}], ""International"": [{""title"": ""Hannover Messe participation"", ""description"": ""EEPC India booth and delegations at major international trade fairs.""}]}, ""publications"": {""Newsletters"": [{""title"": ""EEPC India Daily/Weekly Newsletter"", ""description"": ""Trade and policy updates for members.""}]}, ""compliance_policies"": {}, ""partnerships"": {""list"": [{""name"": ""CSIR-CMERI"", ""relation"": ""Technical Collaboration"", ""website"": """"}]}, ""awards"": {""list"": [{""title"": ""WR Engineering Export Excellence Awards"", ""description"": ""Regional recognition for engineering exporters.""}]}, ""transparency"": [], ""digital_presence"": [], ""contact_details"": {""office_address"": ""Kolkata, West Bengal, India"", ""phone_number"": """", ""email"": """", ""website"": ""https://www.eepcindia.org""}}"
24,Indian Electrical & Electronics Manufacturers' Association (IEEMA),Apex body of electrical and electronic equipment manufacturers.,"IEEMA is the representative body of manufacturers of electrical, industrial electronics and allied equipment in India, established in 1948. Members contribute over 90% of installed electrical equipment in the country with combined turnover exceeding USD 50 billion.",1948,Indian Electrical and Electronics Manufacturers Association,Non-profit Trade Body,Hamza Arsiwala,President,,association,,,,https://ieema.org,"Logistics / Manufacturing (Couriers, Warehousing, Light Manufacturing)",Electrical Equipment Manufacturers Association,Electrical Equipment,Maharashtra,Mumbai,National,Registered Society,"{""association_type"": ""National"", ""legal_status"": ""Registered Society"", ""overview"": {""about"": ""IEEMA covers all segments of electricity from generation, transmission, distribution to last-mile connectivity, plus new-energy areas like EV components, battery storage and green hydrogen. Members contribute over 90% of India's installed electrical equipment, with combined turnover exceeding USD 50 billion and exports over USD 10 billion."", ""mission"": """", ""vision"": """", ""sector"": ""Electrical Equipment"", ""objectives"": [], ""key_functions"": [""Policy advocacy"", ""Government liaison on power sector"", ""Standardisation collaboration""]}, ""governance"": {""president"": {""name"": ""Hamza Arsiwala"", ""company"": ""President, IEEMA""}, ""vice_presidents"": [{""name"": ""Vikram Gandotra"", ""company"": ""Vice President, IEEMA & Chairman, ELECRAMA 2025""}], ""secretary_general"": {""name"": ""Charu Mathur"", ""company"": ""Director General, IEEMA""}}, ""regional_structure"": {""governance_model"": """", ""headquarters"": ""Mumbai, Maharashtra"", ""chapters"": []}, ""membership_details"": {""overview_metrics"": [{""label"": ""Combined Member Turnover"", ""value"": ""USD 50 Billion+""}, {""label"": ""Exports"", ""value"": ""USD 10 Billion+""}], ""categories"": [], ""requirements"": [], ""application_process"": {}, ""benefits"": [], ""mode_of_application"": """", ""application_url"": """", ""member_login_url"": """"}, ""services_offered"": [], ""programs"": {}, ""events"": {""Biennial"": [{""title"": ""ELECRAMA"", ""description"": ""World's largest electrical show; 2025 edition hosted 1,100+ exhibitors, 10 country pavilions, 4 lakh+ visitors.""}], ""Annual"": [{""title"": ""Metering India"", ""description"": ""10th edition focused on sustainability and energy efficiency in metering.""}]}, ""publications"": {""Journals"": [{""title"": ""IEEMA Journal"", ""description"": ""Monthly electrical & electronics trade journal since June 1981, ABC-certified, 10,000 copies circulation.""}], ""Directories"": [{""title"": ""IEEMA Directory"", ""description"": ""Member and industry information directory.""}]}, ""compliance_policies"": {}, ""partnerships"": {""list"": [{""name"": ""FOMEK (Korea)"", ""relation"": ""International Business Cooperation"", ""website"": """"}]}, ""awards"": {""list"": []}, ""transparency"": [], ""digital_presence"": [], ""contact_details"": {""office_address"": ""Mumbai, Maharashtra, India"", ""phone_number"": """", ""email"": """", ""website"": ""https://ieema.org""}}"
25,Indian Machine Tool Manufacturers' Association (IMTMA),Apex body representing India's machine tool industry.,"IMTMA, founded in 1946, is the apex body of machine tool manufacturers in India, promoting the industry for nearly eight decades and organising IMTEX, one of Asia's premier machine tool exhibitions.",1946,Indian Machine Tool Manufacturers Association,Non-profit Trade Body,Mohini Kelkar,President (2025-26),,association,,,,https://www.imtma.in,"Logistics / Manufacturing (Couriers, Warehousing, Light Manufacturing)",Machine Tool Manufacturers Association,Machine Tools,Karnataka,Bengaluru,National,Registered Society,"{""association_type"": ""National"", ""legal_status"": ""Registered Society"", ""overview"": {""about"": ""IMTMA is the apex body of India's machine tool industry, entering its 80th year, supporting Make in India and Atmanirbhar Bharat initiatives. The sector serves automotive, aerospace, electronics, energy and infrastructure industries."", ""mission"": """", ""vision"": """", ""sector"": ""Machine Tools"", ""objectives"": [""Promote Industry 4.0 and digital manufacturing adoption"", ""Strengthen exports and global competitiveness""], ""key_functions"": [""Policy shaping"", ""Technology adoption promotion"", ""Industry-academia-government collaboration""]}, ""governance"": {""president"": {""name"": ""Mohini Kelkar"", ""company"": ""Director, Business Development, Grind Master Machines Pvt Ltd (first woman President)""}, ""vice_presidents"": [{""name"": ""Vikram Salunke"", ""company"": ""Managing Director, Accurate Gauging & Instruments Pvt Ltd""}], ""secretary_general"": {""name"": """", ""company"": """"}}, ""regional_structure"": {""governance_model"": """", ""headquarters"": ""Bengaluru, Karnataka"", ""chapters"": []}, ""membership_details"": {""overview_metrics"": [], ""categories"": [], ""requirements"": [], ""application_process"": {}, ""benefits"": [], ""mode_of_application"": """", ""application_url"": """", ""member_login_url"": """"}, ""services_offered"": [], ""programs"": {""Technology"": [{""title"": ""Industry 4.0 adoption initiatives"", ""description"": ""Programs enabling member companies to adopt digital manufacturing and sustainable technologies.""}]}, ""events"": {""Annual"": [{""title"": ""Annual General Meeting"", ""description"": ""79th AGM held at Bangalore International Exhibition Centre (BIEC), Bengaluru.""}], ""Biennial"": [{""title"": ""IMTEX"", ""description"": ""One of Asia's premier machine tool exhibitions.""}]}, ""publications"": {}, ""compliance_policies"": {}, ""partnerships"": {""list"": []}, ""awards"": {""list"": []}, ""transparency"": [], ""digital_presence"": [], ""contact_details"": {""office_address"": ""Bangalore International Exhibition Centre area, Bengaluru, Karnataka, India"", ""phone_number"": """", ""email"": """", ""website"": ""https://www.imtma.in""}}"
26,All India Plastics Manufacturers Association (AIPMA),Largest body of plastics manufacturers in Asia.,"AIPMA is the largest and most representative body of the plastics industry in Asia, established in 1945, known for organising Plastivision India - the country's leading plastics exhibition.",1945,All India Plastics Manufacturers Association,Non-profit Trade Body,,President,office@aipma.net,association,,,,https://www.aipma.net,"Logistics / Manufacturing (Couriers, Warehousing, Light Manufacturing)",Plastics Manufacturers Association,Plastics Manufacturing,Maharashtra,Mumbai,National,Registered Society,"{""association_type"": ""National"", ""legal_status"": ""Registered Society"", ""overview"": {""about"": ""AIPMA is the largest plastics industry body in Asia, organiser of Plastivision India since 1992, which has grown from 7,000 visitors and 120+ exhibitors to 2,25,000 visitors and 1,200+ exhibitors at NESCO, Mumbai."", ""mission"": """", ""vision"": """", ""sector"": ""Plastics"", ""objectives"": [], ""key_functions"": [""Trade exhibition organisation"", ""Industry development advocacy""]}, ""governance"": {""president"": {""name"": """", ""company"": """"}, ""vice_presidents"": [], ""secretary_general"": {""name"": """", ""company"": """"}}, ""regional_structure"": {""governance_model"": """", ""headquarters"": ""Mumbai, Maharashtra"", ""chapters"": []}, ""membership_details"": {""overview_metrics"": [], ""categories"": [], ""requirements"": [], ""application_process"": {}, ""benefits"": [], ""mode_of_application"": """", ""application_url"": """", ""member_login_url"": """"}, ""services_offered"": [], ""programs"": {}, ""events"": {""Triennial"": [{""title"": ""Plastivision India"", ""description"": ""Leading plastics exhibition; 2023 edition (7-11 Dec) drew 2,25,000+ visitors and 1,200+ exhibitors at NESCO Mumbai.""}]}, ""publications"": {}, ""compliance_policies"": {}, ""partnerships"": {""list"": []}, ""awards"": {""list"": []}, ""transparency"": [], ""digital_presence"": [], ""contact_details"": {""office_address"": ""A-52, Street No. 1, M.I.D.C. Marol, Andheri (East), Mumbai 400093, India"", ""phone_number"": ""022-6777 8899"", ""email"": ""office@aipma.net"", ""website"": ""https://www.aipma.net""}}"
28,Confederation of Real Estate Developers' Associations of India (CREDAI),Apex body of private real estate developers in India.,"CREDAI, established in 1999, is the apex body for private real estate developers in India, advocating for the housing sector with state chapters and youth/women's wings nationwide.",1999,Confederation of Real Estate Developers Associations of India,Non-profit Industry Body,Shekhar G Patel,National President (2025-2027),,association,,,,https://credai.org,"Real Estate (Brokerage, Property Management)",Real Estate Developers Apex Body,Construction & Development,Delhi,New Delhi,National,Registered Society,"{""association_type"": ""National"", ""legal_status"": ""Registered Society"", ""overview"": {""about"": ""CREDAI advocates for India's real estate developers, with active state chapters (e.g. CREDAI-MCHI, CREDAI-AP), youth wings and women's wings conducting regular leadership transitions and CSR initiatives."", ""mission"": """", ""vision"": """", ""sector"": ""Real Estate"", ""objectives"": [""Building a stronger, greener future for real estate and the nation""], ""key_functions"": [""Policy advocacy"", ""Legal Committee on Supreme Court litigations"", ""State chapter coordination""]}, ""governance"": {""president"": {""name"": ""Shekhar G Patel"", ""company"": ""Managing Director, Ganesh Housing Corporation (term 2025-2027)""}, ""vice_presidents"": [{""name"": ""Ranjit Naiknavare"", ""company"": """"}, {""name"": ""Rohit Raj Modi"", ""company"": """"}, {""name"": ""Ashish Patel"", ""company"": """"}, {""name"": ""Dhaval Ajmera"", ""company"": """"}, {""name"": ""M A Mehaboob"", ""company"": """"}], ""secretary_general"": {""name"": ""Gaurav Gupta"", ""company"": ""Secretary, CREDAI""}}, ""regional_structure"": {""governance_model"": ""State Chapters"", ""headquarters"": ""New Delhi, Delhi"", ""chapters"": [{""name"": ""CREDAI Visakhapatnam"", ""headquarters_address"": ""Visakhapatnam, Andhra Pradesh"", ""contact_email"": """"}, {""name"": ""CREDAI-MCHI (Maharashtra)"", ""headquarters_address"": ""Mumbai, Maharashtra"", ""contact_email"": """"}]}, ""membership_details"": {""overview_metrics"": [], ""categories"": [], ""requirements"": [], ""application_process"": {}, ""benefits"": [], ""mode_of_application"": """", ""application_url"": """", ""member_login_url"": """"}, ""services_offered"": [], ""programs"": {""CSR"": [{""title"": ""Women's Wing CSR Initiatives"", ""description"": ""Community programs run by CREDAI Women's Wing chapters.""}]}, ""events"": {}, ""publications"": {""Newsletters"": [{""title"": ""CREDAI Newsletter"", ""description"": ""Periodic newsletter covering chapter activities and national priorities.""}]}, ""compliance_policies"": {}, ""partnerships"": {""list"": []}, ""awards"": {""list"": []}, ""transparency"": [], ""digital_presence"": [], ""contact_details"": {""office_address"": ""New Delhi, Delhi, India"", ""phone_number"": """", ""email"": """", ""website"": ""https://credai.org""}}"
29,National Real Estate Development Council (NAREDCO),Self-regulatory body under Ministry of Housing for real estate.,"NAREDCO is an autonomous self-regulatory body for real estate developers, established in 1998 under the aegis of the Ministry of Housing and Urban Affairs, with the Union Minister as Ex-officio Chief Patron.",1998,National Real Estate Development Council,Self-Regulatory Body,G. Hari Babu,President,,association,,,,https://naredco.in,"Real Estate (Brokerage, Property Management)",Real Estate Self-Regulatory Council,Construction & Development,Delhi,New Delhi,National,Autonomous Self-Regulatory Body (under Ministry of Housing & Urban Affairs),"{""association_type"": ""National"", ""legal_status"": ""Autonomous Self-Regulatory Body under Ministry of Housing and Urban Affairs"", ""overview"": {""about"": ""NAREDCO was established in 1998 under the aegis of the Ministry of Housing and Urban Affairs, Government of India. The Minister of Housing and Urban Affairs serves as Ex-officio Chief Patron. Day-to-day affairs are managed by an elected Governing Council."", ""mission"": """", ""vision"": """", ""sector"": ""Real Estate"", ""objectives"": [], ""key_functions"": [""Two-way communication between industry and government"", ""Policy facilitation"", ""Sustainable development promotion""]}, ""governance"": {""president"": {""name"": ""G. Hari Babu"", ""company"": ""Former President, APREDA (4 years); built NAREDCO AP with 12 chapters and 1200+ members""}, ""vice_presidents"": [{""name"": ""Rajan Bandelkar"", ""company"": ""Vice Chairman, NAREDCO""}], ""secretary_general"": {""name"": """", ""company"": """"}}, ""regional_structure"": {""governance_model"": ""State Chapters (e.g. NAREDCO AP, NAREDCO Telangana)"", ""headquarters"": ""New Delhi, Delhi"", ""chapters"": [{""name"": ""NAREDCO Andhra Pradesh"", ""headquarters_address"": ""Andhra Pradesh - 12 chapters"", ""contact_email"": """"}]}, ""membership_details"": {""overview_metrics"": [{""label"": ""NAREDCO AP Members (example chapter)"", ""value"": ""1,200+""}], ""categories"": [], ""requirements"": [], ""application_process"": {}, ""benefits"": [], ""mode_of_application"": """", ""application_url"": """", ""member_login_url"": """"}, ""services_offered"": [], ""programs"": {}, ""events"": {}, ""publications"": {}, ""compliance_policies"": {}, ""partnerships"": {""list"": [{""name"": ""Ministry of Housing and Urban Affairs"", ""relation"": ""Government Oversight (Chief Patron)"", ""website"": """"}]}, ""awards"": {""list"": []}, ""transparency"": [], ""digital_presence"": [], ""contact_details"": {""office_address"": ""New Delhi, Delhi, India"", ""phone_number"": """", ""email"": """", ""website"": ""https://naredco.in""}}"
30,Indian Banks' Association (IBA),Collective voice of the banking industry in India.,"Indian Banks' Association, founded in 1946 and headquartered in Mumbai, is a voluntary association of banks promoting coordination, standardization and transparency in India's banking sector.",1946,Indian Banks Association,Industry Association,Challa Sreenivasulu Setty,Chairman,,association,237,,,https://www.iba.org.in,"Finance / Banking (Loans, Insurance, Banking Correspondents)",Banking Industry Association,Banking,Maharashtra,Mumbai,National,Registered Society,"{""association_type"": ""National"", ""legal_status"": ""Registered Society"", ""overview"": {""about"": ""IBA is a voluntary body representing Indian banks, promoting coordination, standardization, and transparency in banking. Setty was elected at the IBA managing committee meeting on March 28, 2025, replacing Sunil Mehta, and assisted by three elected deputy chairmen."", ""mission"": """", ""vision"": """", ""sector"": ""Banking"", ""objectives"": [""Encourage innovation"", ""Promote ethical practices"", ""Drive operational excellence"", ""Facilitate cooperation among banks""], ""key_functions"": [""NPA resolution support"", ""Digital banking promotion"", ""Banking education"", ""Research and analysis on industry trends""]}, ""governance"": {""president"": {""name"": ""Challa Sreenivasulu Setty"", ""company"": ""Chairman, State Bank of India (SBI); also IBA Chairman since March 2025""}, ""vice_presidents"": [], ""secretary_general"": {""name"": """", ""company"": """"}}, ""regional_structure"": {""governance_model"": """", ""headquarters"": ""Mumbai, Maharashtra"", ""chapters"": []}, ""membership_details"": {""overview_metrics"": [], ""categories"": [], ""requirements"": [], ""application_process"": {}, ""benefits"": [], ""mode_of_application"": """", ""application_url"": """", ""member_login_url"": """"}, ""services_offered"": [{""name"": ""IBAPI Portal"", ""description"": ""Indian Banks Auctions Mortgaged Properties Information - centralized property auction system for NPA recovery.""}], ""programs"": {}, ""events"": {}, ""publications"": {}, ""compliance_policies"": {}, ""partnerships"": {""list"": []}, ""awards"": {""list"": []}, ""transparency"": [], ""digital_presence"": [], ""contact_details"": {""office_address"": ""Mumbai, Maharashtra, India"", ""phone_number"": """", ""email"": """", ""website"": ""https://www.iba.org.in""}}"
31,Association of Mutual Funds in India (AMFI),Umbrella body of the Indian mutual fund industry.,"AMFI is the apex body of all SEBI-registered Asset Management Companies, established in 1995, dedicated to developing the Indian mutual fund industry on professional, healthy and ethical lines.",1995,Association of Mutual Funds in India,Industry Body,Sundeep Sikka,"Chairman (effective Sept 4, 2025)",sundeep.sikka@nipponindiaim.com,association,,,,https://www.amfiindia.com,"Finance / Banking (Loans, Insurance, Banking Correspondents)",Mutual Funds Industry Body,Mutual Funds,Maharashtra,Mumbai,National,Registered Society,"{""association_type"": ""National"", ""legal_status"": ""Registered Society"", ""overview"": {""about"": ""AMFI is an apex body of all Asset Management Companies registered with SEBI. Sundeep Sikka (Nippon Life India AMC CEO) was elected Chairman following the 30th AGM in September 2025, replacing Navneet Munot of HDFC AMC; Sikka previously served as Chairman from 2013-2015."", ""mission"": """", ""vision"": """", ""sector"": ""Mutual Funds"", ""objectives"": [""Investor education"", ""Policy advocacy"", ""Promoting ethical practices"", ""Deepening financial markets""], ""key_functions"": [""ARN Committee oversight"", ""Industry data publication"", ""SEBI policy coordination""]}, ""governance"": {""president"": {""name"": ""Sundeep Sikka"", ""company"": ""Executive Director & CEO, Nippon Life India Asset Management Limited""}, ""vice_presidents"": [{""name"": ""Vishal Kapoor"", ""company"": ""CEO, Bandhan Asset Management Company - Vice Chairman""}], ""secretary_general"": {""name"": ""S L Pandian"", ""company"": ""Dy Chief Executive, AMFI""}}, ""regional_structure"": {""governance_model"": """", ""headquarters"": ""Mumbai, Maharashtra"", ""chapters"": []}, ""membership_details"": {""overview_metrics"": [], ""categories"": [], ""requirements"": [], ""application_process"": {}, ""benefits"": [], ""mode_of_application"": """", ""application_url"": """", ""member_login_url"": """"}, ""services_offered"": [], ""programs"": {""Investor Education"": [{""title"": ""B30/Women Incentives Program"", ""description"": ""Incentive scheme for fund distributors in B30 cities, paid after 1 year completion.""}]}, ""events"": {""Annual"": [{""title"": ""AMFI Annual General Meeting"", ""description"": ""30th AGM held in 2025, followed by board elections.""}]}, ""publications"": {""Bulletins"": [{""title"": ""MF Bulletin"", ""description"": ""Monthly industry update on AUM, new investors and fund rankings.""}]}, ""compliance_policies"": {}, ""partnerships"": {""list"": [{""name"": ""SEBI"", ""relation"": ""Regulatory Coordination"", ""website"": """"}]}, ""awards"": {""list"": []}, ""transparency"": [], ""digital_presence"": [], ""contact_details"": {""office_address"": ""Mumbai, Maharashtra, India"", ""phone_number"": """", ""email"": ""sundeep.sikka@nipponindiaim.com"", ""website"": ""https://www.amfiindia.com""}}"
34,Indian Medical Association (IMA),National voluntary organisation of physicians of modern scientific medicine.,"IMA, established in 1928 (originally All India Medical Association, renamed 1930), is the largest association of medical doctors in India with approximately 350,000 member doctors across 1,700 active local branches in 29 states/UTs.",1928,Indian Medical Association,Professional Body,Dr. Dilip P. Bhanushali,National President (2025-26),,association,350000,,,https://www.ima-india.org,"Health (Medical, Diagnostic & Wellness)",Medical Professionals Association,Medical Professionals,Delhi,New Delhi,National,Registered Society,"{""association_type"": ""National"", ""legal_status"": ""Registered Society"", ""overview"": {""about"": ""IMA is a private, national voluntary organisation of physicians, the largest association of medical doctors in India with approximately 350,000 members across 1,700 active local branches in 29 states and union territories. Headquartered in New Delhi (previously Calcutta)."", ""mission"": """", ""vision"": """", ""sector"": ""Healthcare"", ""objectives"": [], ""key_functions"": [""Health policy advocacy"", ""Continuing medical education (IMA CGP)"", ""Journal publication (JIMA)""]}, ""governance"": {""president"": {""name"": ""Dr. Dilip P. Bhanushali"", ""company"": ""Took over at 99th Annual All India Medical Conference, Hyderabad, Jan 2025""}, ""vice_presidents"": [{""name"": ""Dr. Anilkumar J. Nayak"", ""company"": ""National President Elect 2025-2026""}], ""secretary_general"": {""name"": ""Dr. Sarbari Dutta"", ""company"": ""Hony. Secretary General, IMA (2024-2026)""}}, ""regional_structure"": {""governance_model"": ""State and Local Branches"", ""headquarters"": ""New Delhi, Delhi"", ""chapters"": [{""name"": ""IMA Bengal State Branch"", ""headquarters_address"": ""11/3, Dr. Biresh Guha Street, Kolkata 700017"", ""contact_email"": """"}]}, ""membership_details"": {""overview_metrics"": [{""label"": ""Member Doctors"", ""value"": ""3,50,000+""}, {""label"": ""Local Branches"", ""value"": ""1,700+""}], ""categories"": [], ""requirements"": [], ""application_process"": {}, ""benefits"": [""Exclusive job portal for IMA members"", ""IMA Health Manifesto access"", ""Continuing medical education""], ""mode_of_application"": """", ""application_url"": """", ""member_login_url"": """"}, ""services_offered"": [], ""programs"": {""Continuing Education"": [{""title"": ""IMA College of General Practitioners (IMA CGP)"", ""description"": ""Continuing medical education wing for general practitioners.""}]}, ""events"": {""Annual"": [{""title"": ""Annual All India Medical Conference"", ""description"": ""99th edition held in Hyderabad, January 2025, attended by 2,000 delegates.""}]}, ""publications"": {""Journals"": [{""title"": ""Journal of Indian Medical Association (JIMA)"", ""description"": ""Official medical journal of IMA.""}]}, ""compliance_policies"": {}, ""partnerships"": {""list"": []}, ""awards"": {""list"": []}, ""transparency"": [], ""digital_presence"": [], ""contact_details"": {""office_address"": ""New Delhi, Delhi, India"", ""phone_number"": ""+91-11-23370009"", ""email"": """", ""website"": ""https://www.ima-india.org""}}"
39,Federation of Hotel & Restaurant Associations of India (FHRAI),Apex body of hotels and restaurants in India.,"FHRAI, founded in 1955 by legendary hotelier Rai Bahadur M.S. Oberoi, is the apex body of hotels and restaurants in India, representing 1,00,000 hotels and 5,00,000 restaurants nationwide.",1955,Federation of Hotel and Restaurant Associations of India,Non-profit Trade Body,Surendra Kumar Jaiswal,President (2025),,association,100000,,,https://www.fhrai.com,"Hotel, Travel & Tourism (Hotels, Homestays, Travel Agencies)",Hotel & Restaurant Federation,Hotels & Restaurants,Delhi,New Delhi,National,Registered Society,"{""association_type"": ""National"", ""legal_status"": ""Registered Society"", ""overview"": {""about"": ""FHRAI is the apex body and voice of the Indian Hospitality Industry, representing 1,00,000 hotels and 5,00,000 restaurants. It is managed by an Executive Committee with members from four Regional Associations: HRANI, HRAEI, SIHRA and HRAWI."", ""mission"": """", ""vision"": """", ""sector"": ""Hospitality"", ""objectives"": [], ""key_functions"": [""Education and training"", ""Research and publication"", ""Annual Convention for government-industry interaction"", ""Infrastructure status advocacy for hospitality sector""]}, ""governance"": {""president"": {""name"": ""Surendra Kumar Jaiswal"", ""company"": ""President, FHRAI (2025); elected by turn from 4 regions for 1-year term""}, ""vice_presidents"": [{""name"": ""(3 Vice Presidents)"", ""company"": ""Elected from regions other than President's region""}], ""secretary_general"": {""name"": """", ""company"": ""Secretary General, FHRAI (heads day-to-day Secretariat)""}}, ""regional_structure"": {""governance_model"": ""4 Regional Associations (HRANI, HRAEI, SIHRA, HRAWI)"", ""headquarters"": ""New Delhi, Delhi"", ""chapters"": [{""name"": ""Hotel and Restaurant Association of Western India (HRAWI)"", ""headquarters_address"": ""Western Region"", ""contact_email"": """"}]}, ""membership_details"": {""overview_metrics"": [{""label"": ""Hotels Represented"", ""value"": ""1,00,000""}, {""label"": ""Restaurants Represented"", ""value"": ""5,00,000""}], ""categories"": [], ""requirements"": [], ""application_process"": {}, ""benefits"": [], ""mode_of_application"": """", ""application_url"": """", ""member_login_url"": """"}, ""services_offered"": [], ""programs"": {""Education"": [{""title"": ""FHRAI-IHM"", ""description"": ""Hotel management institute network in Delhi NCR, Ghaziabad and Greater Noida.""}]}, ""events"": {""Annual"": [{""title"": ""FHRAI Annual Convention"", ""description"": ""Premier hospitality industry event with ~1,000 delegates from India and abroad.""}, {""title"": ""FPO-Hospitality & Farmer's Benefit Summit"", ""description"": ""2025 summit connecting agriculture and hospitality sectors, themed 'Bridging Fields to Forks'.""}]}, ""publications"": {}, ""compliance_policies"": {}, ""partnerships"": {""list"": [{""name"": ""FAITH (Federation of Associations in Indian Tourism & Hospitality)"", ""relation"": ""Umbrella Policy Body Member"", ""website"": """"}]}, ""awards"": {""list"": []}, ""transparency"": [], ""digital_presence"": [], ""contact_details"": {""office_address"": ""New Delhi, Delhi, India"", ""phone_number"": """", ""email"": """", ""website"": ""https://www.fhrai.com""}}"
48,Indian Wind Turbine Manufacturers Association (IWTMA),Apex business association and voice of the Indian wind industry.,"Established in 1998, IWTMA is the apex business association and voice of the Indian Wind Industry, working with Central and State policymakers, investors, and stakeholders to develop India's wind power sector.",1998,Indian Wind Turbine Manufacturers Association,Non-profit Industry Body,Aditya Pyasi,Chief Executive Officer,secretarygeneral@indianwindpower.com,association,,,,https://indianwindpower.com,"Logistics / Manufacturing (Couriers, Warehousing, Light Manufacturing)",Wind Energy Industry Body,Wind Energy,Delhi,New Delhi,National,Registered Society,"{""association_type"": ""National"", ""legal_status"": ""Registered Society"", ""overview"": {""about"": ""IWTMA is the apex business association and voice of the Indian Wind Industry, established in 1998. Over the last 25+ years it has played a pivotal role in development of the wind power industry and India's transition to clean energy."", ""mission"": ""To accelerate wind power adoption, support policy reforms, encourage innovation, and contribute toward India's clean energy and net-zero goals."", ""vision"": """", ""sector"": ""Wind Energy"", ""objectives"": [""Promote and harness wind energy for inclusive sustained growth"", ""Campaign for a Green Revolution encompassing economy, business and rural employment"", ""Strive for high efficiency in energy generation through best technologies""], ""key_functions"": [""Policy framework engagement"", ""Regulatory intervention"", ""Stakeholder engagement with MNRE""]}, ""governance"": {""president"": {""name"": ""Girish Tanti"", ""company"": ""Suzlon Energy (Vice Chairman & Founding Member); also Vice Chairman, GWEC""}, ""vice_presidents"": [{""name"": ""Dr. Saravanan Manickam"", ""company"": ""Nordex (Country Head/VP India) - Vice Chairman-cum-Secretary""}], ""secretary_general"": {""name"": ""Aditya Pyasi"", ""company"": ""Chief Executive Officer, IWTMA""}}, ""regional_structure"": {""governance_model"": """", ""headquarters"": ""New Delhi, Delhi"", ""chapters"": []}, ""membership_details"": {""overview_metrics"": [], ""categories"": [], ""requirements"": [], ""application_process"": {}, ""benefits"": [], ""mode_of_application"": """", ""application_url"": """", ""member_login_url"": """"}, ""services_offered"": [], ""programs"": {}, ""events"": {""Trade Shows"": [{""title"": ""Windergy India"", ""description"": ""Annual wind energy exhibition and conference held in Chennai.""}]}, ""publications"": {}, ""compliance_policies"": {}, ""partnerships"": {""list"": [{""name"": ""Ministry of New and Renewable Energy (MNRE)"", ""relation"": ""Government Regulatory Partner"", ""website"": """"}]}, ""awards"": {""list"": []}, ""transparency"": [], ""digital_presence"": [], ""contact_details"": {""office_address"": ""Transit House, C-1, 2nd Floor, Soami Nagar, New Delhi 110017, India"", ""phone_number"": ""+91-11-41814744"", ""email"": ""secretarygeneral@indianwindpower.com"", ""website"": ""https://indianwindpower.com""}}"
