id,industry_id,name,slug,icon_name,icon_url,image_url,description,display_order,is_active,meta_title,meta_description,created_at,updated_at
138bec94-c996-4510-895c-6c0af0f6a6fc,7b332bd1-117a-4b40-92a1-aa8c5267a02b,Quick Service Restaurants (QSR),qsr,,/FranchiseHomePage/Category_Icons/qsr.png,/FranchiseData/CategoryImage/QSR.png,,1,TRUE,,,2025-1-1 0:00,2025-1-1 0:00
33871093-82ae-468b-becb-d5ad477a7b98,7b332bd1-117a-4b40-92a1-aa8c5267a02b,Fine Dining & Full-Service Restaurants,fine-dining,,/FranchiseHomePage/Category_Icons/fine-dining.png,/FranchiseData/CategoryImage/Fine%20dining.png,,2,TRUE,,,2025-1-1 0:00,2025-1-1 0:00
8dcc57a0-79ac-45dd-9db0-efb3d1fd5299,7b332bd1-117a-4b40-92a1-aa8c5267a02b,Cafes & Coffee Shops,cafes-coffee,,/FranchiseHomePage/Category_Icons/cafes-coffee.png,/FranchiseData/CategoryImage/Cafes%20&%20Coffee%20Shops.png,,3,TRUE,,,2025-1-1 0:00,2025-1-1 0:00
a4607b32-1492-4625-b7e1-ce88eb426112,7b332bd1-117a-4b40-92a1-aa8c5267a02b,Cloud Kitchens (Delivery-Only),cloud-kitchens,,/FranchiseHomePage/Category_Icons/cloud-kitchens.png,/FranchiseData/CategoryImage/Cloud%20Kitchens%20(Delivery-Only).png,,4,TRUE,,,2025-1-1 0:00,2025-1-1 0:00
343841d6-b938-4b7d-8523-23d25aa1eeb5,7b332bd1-117a-4b40-92a1-aa8c5267a02b,Dessert & Frozen Treats,dessert-frozen,,/FranchiseHomePage/Category_Icons/dessert-frozen.png,/FranchiseData/CategoryImage/Dessert%20&%20Frozen%20Treats.png,,5,TRUE,,,2025-1-1 0:00,2025-1-1 0:00
470809ae-c5f3-4ba1-9522-fd0972619f7f,7b332bd1-117a-4b40-92a1-aa8c5267a02b,Casual & Fast-Casual Dining,casual-dining,,/FranchiseHomePage/Category_Icons/casual-dining.png,/FranchiseData/CategoryImage/Casual%20&%20Fast-Casual%20Dining.png,,6,TRUE,,,2025-1-1 0:00,2025-1-1 0:00
4cae38a8-4a2b-4f9f-8e47-c51a8fdab4d6,7b332bd1-117a-4b40-92a1-aa8c5267a02b,Specialty Food,specialty-food,,/FranchiseHomePage/Category_Icons/specialty-food.png,/FranchiseData/CategoryImage/Specialty%20Food.png,,7,TRUE,,,2025-1-1 0:00,2025-1-1 0:00
a2af5b73-0d5f-4819-8bac-acbdaa32952f,7b332bd1-117a-4b40-92a1-aa8c5267a02b,Beverage Franchises,beverage-franchises,,/FranchiseHomePage/Category_Icons/beverage-franchises.png,/FranchiseData/CategoryImage/Beverage%20Franchises.png,,8,TRUE,,,2025-1-1 0:00,2025-1-1 0:00
5f917eec-d4dc-40cb-94dd-b3272db3f858,ae11be80-bea3-4d0e-a35a-c964451b1a20,Apparel & Fashion Retail,apparel-fashion,,/FranchiseHomePage/Category_Icons/Apparel%20&%20Fashion%20Retail.png,/FranchiseData/CategoryImage/Apparel%20&%20Fashion%20Retail.png,,1,TRUE,,,2025-1-1 0:00,2025-1-1 0:00
4081baaa-071b-45f4-a25d-ac5121bfccc7,ae11be80-bea3-4d0e-a35a-c964451b1a20,Grocery & Supermarkets,grocery-supermarkets,,/FranchiseHomePage/Category_Icons/Grocery%20&%20Supermarkets.png,/FranchiseData/CategoryImage/Grocery%20&%20Supermarkets.png,,2,TRUE,,,2025-1-1 0:00,2025-1-1 0:00
a3ae9791-1572-4564-a7b7-b17e5824951c,ae11be80-bea3-4d0e-a35a-c964451b1a20,Electronics & Appliances,electronics-appliances,,/FranchiseHomePage/Category_Icons/Electronics%20&%20Appliances.png,/FranchiseData/CategoryImage/Electronics%20&%20Appliances.png,,3,TRUE,,,2025-1-1 0:00,2025-1-1 0:00
d859a9f6-ce5f-4e3f-8c72-f7e2030f93ce,ae11be80-bea3-4d0e-a35a-c964451b1a20,Home & Garden Products,home-garden,,/FranchiseHomePage/Category_Icons/Home%20&%20Garden%20Products.png,/FranchiseData/CategoryImage/Home%20&%20Garden%20Products.png,,4,TRUE,,,2025-1-1 0:00,2025-1-1 0:00
2a186b71-b6dd-44ce-affb-88b8d16eb578,ae11be80-bea3-4d0e-a35a-c964451b1a20,"Books,Toys & Entertainment",books-toys,,"/FranchiseHomePage/Category_Icons/Books,%20Toys%20&%20Entertainment.png","/FranchiseData/CategoryImage/Books,Toys%20&%20Entertainment.png",,5,TRUE,,,2025-1-1 0:00,2025-1-1 0:00
a304b977-b01b-44b8-aebb-1186af42aba7,ae11be80-bea3-4d0e-a35a-c964451b1a20,Cosmetics & Beauty Products,cosmetics-beauty,,/FranchiseHomePage/Category_Icons/Cosmetics%20&%20Beauty%20Products.png,/FranchiseData/CategoryImage/Cosmetics%20&%20Beauty%20Products.png,,6,TRUE,,,2025-1-1 0:00,2025-1-1 0:00
10bbf5a6-0d2a-4f76-9579-c153cfc4542f,ae11be80-bea3-4d0e-a35a-c964451b1a20,Jewellery & Accessories,jewellery-accessories,,/FranchiseHomePage/Category_Icons/Jewellery%20&%20Accessories.png,/FranchiseData/CategoryImage/Jewellery%20&%20Accessories.png,,7,TRUE,,,2025-1-1 0:00,2025-1-1 0:00
10f25068-4e34-42ca-94b3-96f5288b82ea,ae11be80-bea3-4d0e-a35a-c964451b1a20,Mixed Retail/Department Stores,mixed-retail,,/FranchiseHomePage/Category_Icons/Mixed%20RetailDepartment%20Stores.png,/FranchiseData/CategoryImage/Mixed%20RetailDepartment%20Stores.png,,8,TRUE,,,2025-1-1 0:00,2025-1-1 0:00
c0bae7dc-ef7b-4a8b-99fd-c1c1de3a9ed2,42467fa8-06f1-4047-baf5-212e10ea66d8,Hair & Salon Services,hair-salon,,/FranchiseHomePage/Category_Icons/Hair%20&%20Salon%20Services.png,/FranchiseData/CategoryImage/Hair%20&%20Salon%20Services.png,,1,TRUE,,,2025-1-1 0:00,2025-1-1 0:00
d3eb7bae-2fff-4325-b5fc-0d1ef63ce523,42467fa8-06f1-4047-baf5-212e10ea66d8,Spa & Massage Services,spa-massage,,/FranchiseHomePage/Category_Icons/Spa%20&%20Massage%20Service.png,/FranchiseData/CategoryImage/Spa%20&%20Massage%20Services.png,,2,TRUE,,,2025-1-1 0:00,2025-1-1 0:00
99a7aaba-40a8-48e3-b8f9-a0d489cfb213,42467fa8-06f1-4047-baf5-212e10ea66d8,Beauty & Cosmetic Clinics,beauty-clinics,,/FranchiseHomePage/Category_Icons/Beauty%20&%20Cosmetic%20Clinics.png,/FranchiseData/CategoryImage/Beauty%20&%20Cosmetic%20Clinics.png,,3,TRUE,,,2025-1-1 0:00,2025-1-1 0:00
02999122-359b-4495-876f-248557ba579f,42467fa8-06f1-4047-baf5-212e10ea66d8,Waxing & Hair Removal,waxing-hair-removal,,/FranchiseHomePage/Category_Icons/Waxing%20&%20Hair%20Removal.png,/FranchiseData/CategoryImage/Waxing%20&%20Hair%20Removal.png,,4,TRUE,,,2025-1-1 0:00,2025-1-1 0:00
0ddee978-50df-4323-9856-5e851356e212,42467fa8-06f1-4047-baf5-212e10ea66d8,Grooming Services,grooming-services,,/FranchiseHomePage/Category_Icons/Grooming%20Services.png,/FranchiseData/CategoryImage/Grooming%20Services.png,,5,TRUE,,,2025-1-1 0:00,2025-1-1 0:00
254fb67f-3428-43b2-9dfb-c01553f7a6d1,42467fa8-06f1-4047-baf5-212e10ea66d8,Nail Care,nail-care,,/FranchiseHomePage/Category_Icons/Nail%20Care.png,/FranchiseData/CategoryImage/Nail%20Care.png,,6,TRUE,,,2025-1-1 0:00,2025-1-1 0:00
7f3199ec-177e-41c2-aff7-49d5373d9018,42467fa8-06f1-4047-baf5-212e10ea66d8,Pet Grooming,pet-grooming,,/FranchiseHomePage/Category_Icons/Pet%20Grooming.png,/FranchiseData/CategoryImage/Pet%20Grooming.png,,7,TRUE,,,2025-1-1 0:00,2025-1-1 0:00
5dbe61d1-daa6-4f30-acba-d9094a3f9de3,ead42b5a-26e6-4bd2-a2e3-bb8709ede483,Fitness Centres & Gyms,fitness-gyms,,/FranchiseHomePage/coming-soon.png,/FranchiseData/CategoryImage/Fitness%20Centres%20&%20Gyms.png,,1,TRUE,,,2025-1-1 0:00,2025-1-1 0:00
5b071e7b-5df0-4482-bcb4-ab6cb4ce9ac2,ead42b5a-26e6-4bd2-a2e3-bb8709ede483,Yoga & Pilates,yoga-pilates,,/FranchiseHomePage/Category_Icons/Yoga%20&%20Pilates.png,/FranchiseData/CategoryImage/Yoga%20&%20Pilates.png,,2,TRUE,,,2025-1-1 0:00,2025-1-1 0:00
53b38111-c118-4a0d-ba1d-0500cedd6285,ead42b5a-26e6-4bd2-a2e3-bb8709ede483,Specialised Fitness,specialised-fitness,,/FranchiseHomePage/Category_Icons/Specialised%20Fitness.png,/FranchiseData/CategoryImage/Specialised%20Fitness.png,,3,TRUE,,,2025-1-1 0:00,2025-1-1 0:00
632d6a1d-1002-4772-a104-4a5429379ea0,ead42b5a-26e6-4bd2-a2e3-bb8709ede483,Health & Wellness Centers,health-wellness,,/FranchiseHomePage/Category_Icons/Health%20&%20Wellness%20Centers.png,/FranchiseData/CategoryImage/Health%20&%20Wellness%20Centers.png,,4,TRUE,,,2025-1-1 0:00,2025-1-1 0:00
dcf3fa10-c963-4888-9cc7-0abf93b6138d,ead42b5a-26e6-4bd2-a2e3-bb8709ede483,Mental Health & Counseling,mental-health,,/FranchiseHomePage/coming-soon.png,/FranchiseData/CategoryImage/Mental%20Health%20&%20Counseling.png,,5,TRUE,,,2025-1-1 0:00,2025-1-1 0:00
ecb74426-adfd-416f-90ce-ac1136940e59,f26791cd-9656-452d-8326-9b9296125906,Medical & Healthcare Services,medical-healthcare,,/FranchiseHomePage/Category_Icons/Medical%20&%20Healthcare%20Services.png,/FranchiseData/CategoryImage/Medical%20&%20Healthcare%20Services.png,,6,TRUE,,,2025-1-1 0:00,2025-1-1 0:00
92d923db-9583-4bf3-bda3-5bfde5a99d88,ead42b5a-26e6-4bd2-a2e3-bb8709ede483,Physical Therapy & Rehabilitation,physical-therapy,,/FranchiseHomePage/Category_Icons/Physical%20Therapy%20&%20Rehabilitation.png,/FranchiseData/CategoryImage/Physical%20Therapy%20&%20Rehabilitation.png,,7,TRUE,,,2025-1-1 0:00,2025-1-1 0:00
1197ce03-96ae-4670-9ef3-28468625cf46,f5fe36f6-02ef-4ca5-b884-30d22b5402cf,Preschool & Early Learning,preschool-early,,/FranchiseHomePage/Category_Icons/Preschool%20&%20Early%20Learning.png,/FranchiseData/CategoryImage/Preschool%20&%20Early%20Learning.png,,1,TRUE,,,2025-1-1 0:00,2025-1-1 0:00
93813225-2cbe-4d50-8943-423d4338776a,f5fe36f6-02ef-4ca5-b884-30d22b5402cf,Tutoring & Coaching,tutoring-coaching,,/FranchiseHomePage/Category_Icons/Tutoring%20&%20Coaching.png,/FranchiseData/CategoryImage/Tutoring%20&%20Coaching.png,,2,TRUE,,,2025-1-1 0:00,2025-1-1 0:00
f0980453-c886-4dd1-8af5-7186fd83578d,f5fe36f6-02ef-4ca5-b884-30d22b5402cf,Competitive Exam Coaching,competitive-exam,,/FranchiseHomePage/Category_Icons/Competitive%20Exam%20Coaching.png,/FranchiseData/CategoryImage/Competitive%20Exam%20Coaching.png,,3,TRUE,,,2025-1-1 0:00,2025-1-1 0:00
5f5560cf-c169-4781-8204-fb75ac3408c8,f5fe36f6-02ef-4ca5-b884-30d22b5402cf,Professional Skill Development,professional-skill,,/FranchiseHomePage/Category_Icons/Professional%20Skill%20Development.png,/FranchiseData/CategoryImage/Professional%20Skill%20Development.png,,4,TRUE,,,2025-1-1 0:00,2025-1-1 0:00
d57f11d3-f03a-49bf-905e-131a223352cd,f5fe36f6-02ef-4ca5-b884-30d22b5402cf,Coding & STEM Academies,coding-stem,,/FranchiseHomePage/Category_Icons/Coding%20&%20STEM%20Academies.png,/FranchiseData/CategoryImage/Coding%20&%20STEM%20Academies.png,,5,TRUE,,,2025-1-1 0:00,2025-1-1 0:00
bd05a5ba-f1c0-4097-93c5-1a06a55ffc29,f5fe36f6-02ef-4ca5-b884-30d22b5402cf,EdTech Platforms,edtech-platforms,,/FranchiseHomePage/Category_Icons/EdTech%20Platforms.png,/FranchiseData/CategoryImage/EdTech%20Platforms.png,,6,TRUE,,,2025-1-1 0:00,2025-1-1 0:00
77f6700e-88b8-40d8-9b61-ffefe536a5a2,f5fe36f6-02ef-4ca5-b884-30d22b5402cf,Study Abroad & Consultancy,study-abroad,,/FranchiseHomePage/Category_Icons/Study%20Abroad%20&%20Education%20Consultancy.png,/FranchiseData/CategoryImage/Study%20Abroad%20&%20Consultancy.png,,7,TRUE,,,2025-1-1 0:00,2025-1-1 0:00
7a9cbfd8-d8a1-4773-8fad-dc210e493a3c,f5fe36f6-02ef-4ca5-b884-30d22b5402cf,Language Learning,language-learning,,/FranchiseHomePage/Category_Icons/Language%20Learning.png,/FranchiseData/CategoryImage/Language%20learning.png,,8,TRUE,,,2025-1-1 0:00,2025-1-1 0:00
dc3b2dd6-a7eb-4ed7-bf00-750e33978760,f5fe36f6-02ef-4ca5-b884-30d22b5402cf,Specialized Learning Centers,specialized-learning,,/FranchiseHomePage/Category_Icons/Specialized%20Learning%20Centers.png,/FranchiseData/CategoryImage/Specialized%20Learning%20Centers.png,,9,TRUE,,,2025-1-1 0:00,2025-1-1 0:00
70f60247-60d3-4bce-87a8-ef397833ede6,5ed3c109-2d23-4148-a019-f347fda26ed4,Vehicle Maintenance & Service,vehicle-maintenance,,/FranchiseHomePage/coming-soon.png,/FranchiseData/CategoryImage/Vehicle%20Maintenance%20&%20Service.png,,1,TRUE,,,2025-1-1 0:00,2025-1-1 0:00
d6a47d18-5c17-48fb-9992-be67d2da891b,5ed3c109-2d23-4148-a019-f347fda26ed4,Car Detailing & Wash,car-detailing-wash,,/FranchiseHomePage/Category_Icons/Car%20Detailing%20&%20Car%20Wash.png,/FranchiseData/CategoryImage/Car%20Detailing%20&%20Wash.png,,2,TRUE,,,2025-1-1 0:00,2025-1-1 0:00
e4739fad-d89d-44b7-81f5-e25621fbc5cb,5ed3c109-2d23-4148-a019-f347fda26ed4,Auto Repair & Customisation,auto-repair-custom,,/FranchiseHomePage/coming-soon.png,/FranchiseData/CategoryImage/Auto%20Repair%20&%20Customisation.png,,3,TRUE,,,2025-1-1 0:00,2025-1-1 0:00
9850fdfd-cfa4-4d9d-9b6e-f39e1338186a,5ed3c109-2d23-4148-a019-f347fda26ed4,Automotive Aftermarket,automotive-aftermarket,,/FranchiseHomePage/Category_Icons/Automotive%20Aftermarket.png,/FranchiseData/CategoryImage/Automotive%20Aftermarket.png,,4,TRUE,,,2025-1-1 0:00,2025-1-1 0:00
5c249092-11b0-47dc-81ba-1a905c6f45aa,5ed3c109-2d23-4148-a019-f347fda26ed4,Automotive Specialty Services,automotive-specialty,,/FranchiseHomePage/coming-soon.png,/FranchiseData/CategoryImage/Automotive%20Specialty%20Services.png,,5,TRUE,,,2025-1-1 0:00,2025-1-1 0:00
a6fc6a01-e65f-4b3d-86d2-fef0685892fd,5ed3c109-2d23-4148-a019-f347fda26ed4,Vehicle Care Products,vehicle-care,,/FranchiseHomePage/Category_Icons/Vehicle%20Care%20Products.png,/FranchiseData/CategoryImage/Vehicle%20Care%20Products.png,,6,TRUE,,,2025-1-1 0:00,2025-1-1 0:00
c4b3c39d-233a-4b8c-94c3-8fb588d7f015,f26791cd-9656-452d-8326-9b9296125906,Fitness Centres & Gyms,fitness-centres-gyms,,/FranchiseHomePage/coming-soon.png,/FranchiseData/CategoryImage/Fitness%20Centres%20&%20Gyms.png,,1,TRUE,,,2025-1-1 0:00,2025-1-1 0:00
dc6c211b-19b9-4eed-9e3e-9d10792b6f55,c39ecac8-9a1f-4ad3-af64-069b9b315926,Digital Marketing Services,digital-marketing-services,,/FranchiseHomePage/coming-soon.png,/FranchiseData/CategoryImage/digital%20marketing%20services.png,,1,TRUE,,,2025-1-1 0:00,2025-1-1 0:00
0baf2aaa-4422-4262-94e1-7e6bc24eac15,c39ecac8-9a1f-4ad3-af64-069b9b315926,Web & Software Development,web-software-development,,/FranchiseHomePage/coming-soon.png,/FranchiseData/CategoryImage/web%20and%20software%20development.png,,2,TRUE,,,2025-1-1 0:00,2025-1-1 0:00
7c844539-83eb-4880-b86c-dd05973f0e0a,c39ecac8-9a1f-4ad3-af64-069b9b315926,IT & Tech Services,it-tech-services,,/FranchiseHomePage/coming-soon.png,/FranchiseData/CategoryImage/IT%20and%20tech%20services.png,,3,TRUE,,,2025-1-1 0:00,2025-1-1 0:00
2795f0e6-d9db-4ea9-9de5-4f1f909fcda4,c39ecac8-9a1f-4ad3-af64-069b9b315926,Accounting & Financial Services,accounting-financial-services,,/FranchiseHomePage/coming-soon.png,/FranchiseData/CategoryImage/accounting%20and%20financial.png,,4,TRUE,,,2025-1-1 0:00,2025-1-1 0:00
b28bcd2f-98c3-4e0e-bbae-d05d48bf82e9,c39ecac8-9a1f-4ad3-af64-069b9b315926,Business Consulting,business-consulting,,/FranchiseHomePage/coming-soon.png,/FranchiseData/CategoryImage/business%20consulting.png,,5,TRUE,,,2025-1-1 0:00,2025-1-1 0:00
8fc98f56-9662-45f7-8bd6-86a56e2142d1,c39ecac8-9a1f-4ad3-af64-069b9b315926,HR & Recruitment Services,hr-recruitment-services,,/FranchiseHomePage/coming-soon.png,/FranchiseData/CategoryImage/HR%20and%20recruitment.png,,6,TRUE,,,2025-1-1 0:00,2025-1-1 0:00
c1b9b21d-6863-4744-a46e-9f5681c05341,c39ecac8-9a1f-4ad3-af64-069b9b315926,Legal Services,legal-services,,/FranchiseHomePage/coming-soon.png,/FranchiseData/CategoryImage/legal%20services.png,,7,TRUE,,,2025-1-1 0:00,2025-1-1 0:00
1527e19d-d3a7-4fcf-830f-825359d1b676,c39ecac8-9a1f-4ad3-af64-069b9b315926,Insurance Services,insurance-services,,/FranchiseHomePage/coming-soon.png,/FranchiseData/CategoryImage/insurance%20services.png,,8,TRUE,,,2025-1-1 0:00,2025-1-1 0:00
456e1a68-37c2-454d-948f-a46294d6ba3a,c39ecac8-9a1f-4ad3-af64-069b9b315926,Business Support Services,business-support-services,,/FranchiseHomePage/coming-soon.png,/FranchiseData/CategoryImage/business%20support%20services.png,,9,TRUE,,,2025-1-1 0:00,2025-1-1 0:00
9c7269de-e6b3-4482-ba69-736a23782685,3b1b6be7-d616-4c46-a470-2a2fc1d16691,Apparel & Clothing Stores,apparel-clothing-stores,,/FranchiseHomePage/coming-soon.png,/FranchiseData/CategoryImage/apparel%20and%20clothing%20stores.png,,1,TRUE,,,2025-1-1 0:00,2025-1-1 0:00
2032ce41-47d8-4fdd-91e0-981b8b21c9d0,3b1b6be7-d616-4c46-a470-2a2fc1d16691,Footwear & Accessories,footwear-accessories,,/FranchiseHomePage/coming-soon.png,/FranchiseData/CategoryImage/footwear%20and%20accessories.png,,2,TRUE,,,2025-1-1 0:00,2025-1-1 0:00
1866cf60-c10e-4b11-8852-091ae2ba71f9,3b1b6be7-d616-4c46-a470-2a2fc1d16691,Luxury & Designer Brands,luxury-designer-brands,,/FranchiseHomePage/coming-soon.png,/FranchiseData/CategoryImage/luxury%20and%20designer%20brands.png,,3,TRUE,,,2025-1-1 0:00,2025-1-1 0:00
8fb154e8-39fd-474e-b3d3-2c16d78ee53b,3b1b6be7-d616-4c46-a470-2a2fc1d16691,Sportswear & Activewear,sportswear-activewear,,/FranchiseHomePage/coming-soon.png,/FranchiseData/CategoryImage/realistic%20sportswear%20and%20activewear.png,,4,TRUE,,,2025-1-1 0:00,2025-1-1 0:00
d68337a9-9103-4131-b0d9-6daf3f5eaf40,3b1b6be7-d616-4c46-a470-2a2fc1d16691,Ethnic & Traditional Wear,ethnic-traditional-wear,,/FranchiseHomePage/coming-soon.png,/FranchiseData/CategoryImage/ethnic%20and%20traditional%20wear.png,,5,TRUE,,,2025-1-1 0:00,2025-1-1 0:00
a3b7ded9-682f-45b4-b286-182dbd36a9b9,3b1b6be7-d616-4c46-a470-2a2fc1d16691,Fashion & Lifestyle Services,fashion-lifestyle-services,,/FranchiseHomePage/coming-soon.png,/FranchiseData/CategoryImage/fashion%20and%20lifestyle%20services.png,,6,TRUE,,,2025-1-1 0:00,2025-1-1 0:00
4ee5e694-5d88-4a9b-ba2e-eecf653807e1,1e4a2772-e991-4e90-b77b-2724809f5dbc,Cleaning Services,cleaning-services,,/FranchiseHomePage/Category_Icons/Cleaning%20Services.png,/FranchiseData/CategoryImage/Cleaning%20Services.png,,1,TRUE,,,2025-1-1 0:00,2025-1-1 0:00
b45b8235-8a17-48af-9a87-71873063f8f5,1e4a2772-e991-4e90-b77b-2724809f5dbc,Pest Control & Sanitation,pest-control-sanitation,,/FranchiseHomePage/Category_Icons/Pest%20Control%20&%20Sanitation.png,/FranchiseData/CategoryImage/Pest%20Control%20&%20Sanitation.png,,2,TRUE,,,2025-1-1 0:00,2025-1-1 0:00
dd495c7f-0522-4654-8419-806d50566caa,1e4a2772-e991-4e90-b77b-2724809f5dbc,Plumbing Services,plumbing-services,,/FranchiseHomePage/Category_Icons/Plumbing%20Services.png,/FranchiseData/CategoryImage/Plumbing%20Services.png,,3,TRUE,,,2025-1-1 0:00,2025-1-1 0:00
c606a99f-9126-4617-b6f4-1d0783d678bd,1e4a2772-e991-4e90-b77b-2724809f5dbc,Electrical Services,electrical-services,,/FranchiseHomePage/coming-soon.png,/FranchiseData/CategoryImage/Electrical%20Services.png,,4,TRUE,,,2025-1-1 0:00,2025-1-1 0:00
01b818d0-7e55-4132-b059-e96bea1febef,1e4a2772-e991-4e90-b77b-2724809f5dbc,HVAC Services,hvac-services,,/FranchiseHomePage/Category_Icons/HVAC%20Services.png,/FranchiseData/CategoryImage/HVAC%20Services.png,,5,TRUE,,,2025-1-1 0:00,2025-1-1 0:00
335a566e-8b41-454f-88b7-8ea35818e22d,1e4a2772-e991-4e90-b77b-2724809f5dbc,Home Maintenance & Repair,home-maintenance-repair,,/FranchiseHomePage/Category_Icons/Repair%20&%20Maintenance%20Services.png,/FranchiseData/CategoryImage/Home%20Maintenance%20&%20Repair.png,,6,TRUE,,,2025-1-1 0:00,2025-1-1 0:00
6c03c726-7f06-4ff6-b04a-0e860d40ccc7,1e4a2772-e991-4e90-b77b-2724809f5dbc,Painting & Flooring,painting-flooring,,/FranchiseHomePage/coming-soon.png,/FranchiseData/CategoryImage/Painting%20&%20Flooring.png,,7,TRUE,,,2025-1-1 0:00,2025-1-1 0:00
8d009eb0-2234-4ba9-9768-f922672929f0,1e4a2772-e991-4e90-b77b-2724809f5dbc,Home Improvement & Renovation,home-improvement-renovation,,/FranchiseHomePage/coming-soon.png,/FranchiseData/CategoryImage/Home%20Improvement%20&%20Renovation.png,,8,TRUE,,,2025-1-1 0:00,2025-1-1 0:00
41dd72ed-1f72-43d6-9116-fdb8ce80478e,1e4a2772-e991-4e90-b77b-2724809f5dbc,Home Automation & Smart Homes,home-automation-smart-homes,,/FranchiseHomePage/coming-soon.png,/FranchiseData/CategoryImage/Home%20Automation%20&%20Smart%20Homes.png,,9,TRUE,,,2025-1-1 0:00,2025-1-1 0:00
7bc90202-a7aa-4e3b-b541-ffc4cc5cf83d,1e4a2772-e991-4e90-b77b-2724809f5dbc,Locksmith & Security,locksmith-security,,/FranchiseHomePage/coming-soon.png,/FranchiseData/CategoryImage/Locksmith%20&%20Security.png,,10,TRUE,,,2025-1-1 0:00,2025-1-1 0:00
0986f242-a7aa-4df0-bb46-d1f3e5c64cf8,d8e835b1-07dd-4279-93b4-5049cfb1c6d6,Hotels & Motels,hotels-motels,,/FranchiseHomePage/Category_Icons/Hotels%20&%20Motels.png,/FranchiseData/CategoryImage/hotels%20and%20motels.png,,1,TRUE,,,2025-1-1 0:00,2025-1-1 0:00
53e8261f-9b48-46b6-8eb5-b911d3af5457,d8e835b1-07dd-4279-93b4-5049cfb1c6d6,Guesthouses & B&B,guesthouses-bb,,/FranchiseHomePage/Category_Icons/Guesthouses%20&%20B&B.png,/FranchiseData/CategoryImage/guesthouses%20and%20bed%20and%20breakfast.png,,2,TRUE,,,2025-1-1 0:00,2025-1-1 0:00
fd3cd529-283e-43a7-bd0f-d39244df0fa3,d8e835b1-07dd-4279-93b4-5049cfb1c6d6,Resorts & Holiday Destinations,resorts-holiday-destinations,,/FranchiseHomePage/Category_Icons/Resorts%20&%20Holiday%20Destinations.png,/FranchiseData/CategoryImage/resorts%20and%20holiday%20destinations.png,,3,TRUE,,,2025-1-1 0:00,2025-1-1 0:00
f289e1ce-81a2-4f27-961d-16f8003d7feb,d8e835b1-07dd-4279-93b4-5049cfb1c6d6,Conference & Event Venues,conference-event-venues,,/FranchiseHomePage/Category_Icons/Conference%20&%20Event%20Venues.png,/FranchiseData/CategoryImage/conference%20and%20event%20venues.png,,4,TRUE,,,2025-1-1 0:00,2025-1-1 0:00
54babe4f-96f7-4e64-a219-73d52337d179,d8e835b1-07dd-4279-93b4-5049cfb1c6d6,Travel Agencies,travel-agencies,,/FranchiseHomePage/Category_Icons/Travel%20&%20Tourism.png,/FranchiseData/CategoryImage/travel%20agencies.png,,5,TRUE,,,2025-1-1 0:00,2025-1-1 0:00
e5fcf8a7-cb34-4278-8082-a63b9d1856a9,d8e835b1-07dd-4279-93b4-5049cfb1c6d6,Transportation Services,transportation-services,,/FranchiseHomePage/Category_Icons/Public%20Transportation.png,/FranchiseData/CategoryImage/public%20transportation%20services.png,,6,TRUE,,,2025-1-1 0:00,2025-1-1 0:00
b9032050-81a1-427a-870a-dcedec8e3b3d,d8e835b1-07dd-4279-93b4-5049cfb1c6d6,Hospitality Technology,hospitality-technology,,/FranchiseHomePage/coming-soon.png,/FranchiseData/CategoryImage/hospitality%20technology.png,,7,TRUE,,,2025-1-1 0:00,2025-1-1 0:00
9a6acaba-6896-4d0f-b27a-d71a8be4e523,a28de9c3-9d0d-4058-8782-1211f20ffd1d,Gaming & Entertainment Centers,gaming-entertainment-centers,,/FranchiseHomePage/coming-soon.png,/FranchiseData/CategoryImage/gaming%20and%20entertainment%20category.png,,1,TRUE,,,2025-1-1 0:00,2025-1-1 0:00
6ac0227c-3313-4551-b93f-6d37821bb3b6,a28de9c3-9d0d-4058-8782-1211f20ffd1d,Theaters & Movie Halls,theaters-movie-halls,,/FranchiseHomePage/Category_Icons/Theatres%20&%20Movie%20Halls.png,/FranchiseData/CategoryImage/theaters%20and%20movie%20halls.png,,2,TRUE,,,2025-1-1 0:00,2025-1-1 0:00
58a9f4ba-24e6-4caa-940b-e5f062be9214,a28de9c3-9d0d-4058-8782-1211f20ffd1d,Event & Party Services,event-party-services,,/FranchiseHomePage/Category_Icons/Event%20&%20Entertainment%20Services.png,/FranchiseData/CategoryImage/event%20and%20party%20services.png,,3,TRUE,,,2025-1-1 0:00,2025-1-1 0:00
211ccc34-3e11-46b3-b109-e15d2aeab854,a28de9c3-9d0d-4058-8782-1211f20ffd1d,Subscription Services,subscription-services,,/FranchiseHomePage/Category_Icons/Subscription%20Services.png,/FranchiseData/CategoryImage/subscription%20services.png,,4,TRUE,,,2025-1-1 0:00,2025-1-1 0:00
40be4653-2469-456b-b4f7-550b1d19ffae,a28de9c3-9d0d-4058-8782-1211f20ffd1d,Leisure & Adventure Services,leisure-adventure-services,,/FranchiseHomePage/Category_Icons/Sports%20&%20Recreation.png,/FranchiseData/CategoryImage/leisure%20and%20adventure%20services.png,,5,TRUE,,,2025-1-1 0:00,2025-1-1 0:00
3fab3044-def1-4fff-a598-bac8d76da990,a28de9c3-9d0d-4058-8782-1211f20ffd1d,Pet Care & Entertainment,pet-care-entertainment,,/FranchiseHomePage/Category_Icons/pet%20care%20services.png,/FranchiseData/CategoryImage/pet%20care%20and%20entertainment.png,,6,TRUE,,,2025-1-1 0:00,2025-1-1 0:00
28572475-7747-45b9-8c58-aa7c2c3f0145,f494351f-bfb3-411d-a178-d1905bd0616e,Government Service Centers,government-service-centers,,/FranchiseHomePage/Category_Icons/Government%20Service%20Centres.png,/FranchiseData/CategoryImage/government%20service%20centers.png,,1,TRUE,,,2025-1-1 0:00,2025-1-1 0:00
56c873fb-d05a-475b-9c58-8e43efcba0b2,7a9a1918-d00b-4094-9825-a655d28b0b38,Fuel & Petroleum Services,fuel-petroleum-services,,/FranchiseHomePage/Category_Icons/Fuel%20&%20Petroleum.png,/FranchiseData/CategoryImage/fuel%20and%20petroleum%20services.png,,2,TRUE,,,2025-1-1 0:00,2025-1-1 0:00
49500120-0ecc-4524-b956-f8c42329cafd,1a821422-d8eb-484f-a280-8af8f6b79144,Real Estate Brokerage,real-estate-brokerage,,/FranchiseHomePage/Category_Icons/Real%20Estate%20Brokerage.png,/FranchiseData/CategoryImage/real%20estate%20brokerage.png,,1,TRUE,,,2025-1-1 0:00,2025-1-1 0:00
05d3406c-0ae8-44da-9117-954f2ff4d8c0,1a821422-d8eb-484f-a280-8af8f6b79144,Property Management,property-management,,/FranchiseHomePage/Category_Icons/Property%20Management.png,/FranchiseData/CategoryImage/property%20management.png,,2,TRUE,,,2025-1-1 0:00,2025-1-1 0:00
ca02fc79-4b0f-46d9-a2ae-ba767deaa976,1a821422-d8eb-484f-a280-8af8f6b79144,Real Estate Services,real-estate-services,,/FranchiseHomePage/Category_Icons/Real%20Estate%20Services.png,/FranchiseData/CategoryImage/real%20estate%20services.png,,3,TRUE,,,2025-1-1 0:00,2025-1-1 0:00
1492dd48-44ce-4209-b09b-42795a46e039,1a821422-d8eb-484f-a280-8af8f6b79144,Co-living Spaces,co-living-spaces,,/FranchiseHomePage/Category_Icons/Co-Living%20Spaces.png,/FranchiseData/CategoryImage/co-living%20spaces.png,,4,TRUE,,,2025-1-1 0:00,2025-1-1 0:00
0c827c7d-022f-4ae3-a4fd-cb3c85e5f484,1a821422-d8eb-484f-a280-8af8f6b79144,Real Estate Technology,real-estate-technology,,/FranchiseHomePage/Category_Icons/Real%20Estate%20Technology.png,/FranchiseData/CategoryImage/real%20estate%20technology.png,,5,TRUE,,,2025-1-1 0:00,2025-1-1 0:00
d4f34b1e-14f5-4163-acbc-9c79e63541ed,64fd1516-f032-4630-8a79-e347851f2e18,Software Development & IT Services,software-development-it-services,,/FranchiseHomePage/coming-soon.png,/FranchiseData/CategoryImage/software%20development%20and%20IT%20services.png,,1,TRUE,,,2025-1-1 0:00,2025-1-1 0:00
6ecf7d43-5480-45d8-a8cf-861eefbe3725,64fd1516-f032-4630-8a79-e347851f2e18,Cloud & Hosting Services,cloud-hosting-services,,/FranchiseHomePage/coming-soon.png,/FranchiseData/CategoryImage/cloud%20and%20hosting%20services.png,,2,TRUE,,,2025-1-1 0:00,2025-1-1 0:00
e7278d42-add0-4fba-a53c-e7c670e48af7,64fd1516-f032-4630-8a79-e347851f2e18,Cybersecurity & Networking,cybersecurity-networking,,/FranchiseHomePage/coming-soon.png,/FranchiseData/CategoryImage/cybersecurity%20and%20networking.png,,3,TRUE,,,2025-1-1 0:00,2025-1-1 0:00
063181d7-7e4f-4493-9eca-550f76ac9da7,64fd1516-f032-4630-8a79-e347851f2e18,Data & Analytics,data-analytics,,/FranchiseHomePage/coming-soon.png,/FranchiseData/CategoryImage/data%20and%20analytics.png,,4,TRUE,,,2025-1-1 0:00,2025-1-1 0:00
c11aae48-2de1-4aa9-a144-0c0d1bbacc85,64fd1516-f032-4630-8a79-e347851f2e18,IT Consulting & Support,it-consulting-support,,/FranchiseHomePage/coming-soon.png,/FranchiseData/CategoryImage/IT%20consulting%20and%20support.png,,5,TRUE,,,2025-1-1 0:00,2025-1-1 0:00
53641b9b-58cc-4bdd-b2fd-c698a2c44026,4a104cba-ccd3-4f86-b204-2277660117eb,Banking Services,banking-services,,/FranchiseHomePage/Category_Icons/Banking%20Services.png,/FranchiseData/CategoryImage/banking%20services.png,,1,TRUE,,,2025-1-1 0:00,2025-1-1 0:00
ff1a36e5-3931-487f-8837-3e24af030706,4a104cba-ccd3-4f86-b204-2277660117eb,Wealth Management,wealth-management,,/FranchiseHomePage/Category_Icons/Wealth%20Management.png,/FranchiseData/CategoryImage/wealth%20management.png,,2,TRUE,,,2025-1-1 0:00,2025-1-1 0:00
6bb1c67f-609f-4a2a-af8a-f95ac0357537,4a104cba-ccd3-4f86-b204-2277660117eb,Credit & Loan Services,credit-loan-services,,/FranchiseHomePage/Category_Icons/Credit%20&%20Loan%20Services.png,/FranchiseData/CategoryImage/credit%20and%20loan%20services.png,,3,TRUE,,,2025-1-1 0:00,2025-1-1 0:00
778fc1c9-c1e1-4135-b04e-4a1d9531ee28,4a104cba-ccd3-4f86-b204-2277660117eb,Payment & Digital Financial Services,payment-digital-financial-services,,/FranchiseHomePage/Category_Icons/Payment%20&%20Digital%20Financial%20Services.png,/FranchiseData/CategoryImage/payment%20and%20digital%20financial%20services.png,,4,TRUE,,,2025-1-1 0:00,2025-1-1 0:00
f5e5d6a5-6dd0-4af7-acde-327f620fd476,26d2b88d-ddbf-45b7-a016-9379064270a9,Courier & Parcel Services,courier-parcel-services,,/FranchiseHomePage/Category_Icons/Courier%20&%20Parcel%20Services.png,/FranchiseData/CategoryImage/courier%20and%20parcel%20services.png,,1,TRUE,,,2025-1-1 0:00,2025-1-1 0:00
75a81971-d8fd-4cdc-9389-ce56a7099dad,26d2b88d-ddbf-45b7-a016-9379064270a9,Last-Mile Delivery,last-mile-delivery,,/FranchiseHomePage/Category_Icons/Last-Mile%20Delivery.png,/FranchiseData/CategoryImage/last-mile%20delivery.png,,2,TRUE,,,2025-1-1 0:00,2025-1-1 0:00
9c2d0266-5fb2-49ee-9e46-dda1542d9e63,26d2b88d-ddbf-45b7-a016-9379064270a9,Warehouse & Storage,warehouse-storage,,/FranchiseHomePage/Category_Icons/Warehouse%20&%20Storage.png,/FranchiseData/CategoryImage/warehouse%20and%20storage.png,,3,TRUE,,,2025-1-1 0:00,2025-1-1 0:00
75378ce6-f415-4cb9-a1a2-628f22004a53,26d2b88d-ddbf-45b7-a016-9379064270a9,Logistics & Supply Chain,logistics-supply-chain,,/FranchiseHomePage/Category_Icons/Logistics%20&%20Supply%20Chain.png,/FranchiseData/CategoryImage/logistics%20and%20supply%20chain.png,,4,TRUE,,,2025-1-1 0:00,2025-1-1 0:00
775faf14-9846-445d-b917-94b05b99a161,985ff825-8855-4dec-9615-6d83578ef2cf,Vertical Farming & Urban Agriculture,vertical-farming-urban-agriculture,,/FranchiseHomePage/Category_Icons/Vertical%20Farming.png,/FranchiseData/CategoryImage/vertical%20farming%20and%20urban%20agriculture.png,,1,TRUE,,,2025-1-1 0:00,2025-1-1 0:00
5b847337-027e-4a50-99a8-be658931cbf4,985ff825-8855-4dec-9615-6d83578ef2cf,Organic & Sustainable Products,organic-sustainable-products,,/FranchiseHomePage/Category_Icons/Organic%20&%20Sustainable%20Products.png,/FranchiseData/CategoryImage/organic%20and%20sustainable%20products.png,,2,TRUE,,,2025-1-1 0:00,2025-1-1 0:00
ce9a4f01-7e24-4171-89d9-beb67adc1d7f,985ff825-8855-4dec-9615-6d83578ef2cf,Agricultural Services,agricultural-services,,/FranchiseHomePage/Category_Icons/Agricultural%20Services.png,/FranchiseData/CategoryImage/agricultural%20services.png,,3,TRUE,,,2025-1-1 0:00,2025-1-1 0:00
3935744f-77f8-479b-b88f-39999b92ed11,985ff825-8855-4dec-9615-6d83578ef2cf,Renewable Energy,renewable-energy,,/FranchiseHomePage/Category_Icons/Renewable%20Energy.png,/FranchiseData/CategoryImage/renewable%20energy.png,,4,TRUE,,,2025-1-1 0:00,2025-1-1 0:00
c138a247-2179-4e36-aba3-da03ba148f52,e42b13ce-89ed-481f-98ab-36ac53927ee4,Printing Services,printing-services,,/FranchiseHomePage/Category_Icons/Printing%20Services.png,/FranchiseData/CategoryImage/printing%20services.png,,1,TRUE,,,2025-1-1 0:00,2025-1-1 0:00
9023ec3b-de2e-4b34-8612-420f18244150,e42b13ce-89ed-481f-98ab-36ac53927ee4,Sign & Graphics,sign-graphics,,/FranchiseHomePage/Category_Icons/Sign%20&%20Graphics.png,/FranchiseData/CategoryImage/sign%20and%20graphics.png,,2,TRUE,,,2025-1-1 0:00,2025-1-1 0:00
9b9a62f5-8465-45c6-adcb-1ba9cb45552d,e42b13ce-89ed-481f-98ab-36ac53927ee4,Publishing Services,publishing-services,,/FranchiseHomePage/Category_Icons/Publishing%20Services.png,/FranchiseData/CategoryImage/publishing%20services.png,,3,TRUE,,,2025-1-1 0:00,2025-1-1 0:00
197fcbc8-7a73-40b5-802f-fa829cd49329,cc637398-2762-4b5b-a999-c1a8c5567cfe,"Agents, Dealers & Distributors",dealers-distributors,,/FranchiseHomePage/Category_Icons/dealers-distributors.png,/FranchiseData/CategoryImage/dealers-distributors.png,,1,TRUE,,,2025-1-1 0:00,2025-1-1 0:00
484d8df9-b564-4b71-a87c-6c9c4d977a8f,c39ecac8-9a1f-4ad3-af64-069b9b315926,Apex Industry Chamber,apex-industry-chamber,,/FranchiseHomePage/coming-soon.png,/FranchiseHomePage/coming-soon.png,,1,TRUE,,,2026-6-30 0:00,2026-6-30 0:00
061014f3-c8ab-42b8-b742-2760e82749d5,c39ecac8-9a1f-4ad3-af64-069b9b315926,Apex Trade & Industry Body,apex-trade-industry-body,,/FranchiseHomePage/coming-soon.png,/FranchiseHomePage/coming-soon.png,,2,TRUE,,,2026-6-30 0:00,2026-6-30 0:00
3c00d90f-918e-4364-b833-ff3a5c223d0b,c39ecac8-9a1f-4ad3-af64-069b9b315926,Export Promotion Apex Body,export-promotion-apex-body,,/FranchiseHomePage/coming-soon.png,/FranchiseHomePage/coming-soon.png,,3,TRUE,,,2026-6-30 0:00,2026-6-30 0:00
1aa22f9f-a1e5-4549-93b4-141765fbe6aa,64fd1516-f032-4630-8a79-e347851f2e18,Internet & Digital Industry Body,internet-digital-industry-body,,/FranchiseHomePage/coming-soon.png,/FranchiseHomePage/coming-soon.png,,4,TRUE,,,2026-6-30 0:00,2026-6-30 0:00
42b2344d-9274-48dc-aa13-4dee5bb1a973,64fd1516-f032-4630-8a79-e347851f2e18,IT Hardware Manufacturers Association,it-hardware-manufacturers-association,,/FranchiseHomePage/coming-soon.png,/FranchiseHomePage/coming-soon.png,,5,TRUE,,,2026-6-30 0:00,2026-6-30 0:00
7766462a-e4c2-4724-af36-cb3840af9fb7,64fd1516-f032-4630-8a79-e347851f2e18,Cybersecurity & Data Protection Body,cybersecurity-data-protection-body,,/FranchiseHomePage/coming-soon.png,/FranchiseHomePage/coming-soon.png,,6,TRUE,,,2026-6-30 0:00,2026-6-30 0:00
b4e73d2f-cf64-4b9a-a982-4d49058a49dd,26d2b88d-ddbf-45b7-a016-9379064270a9,Pharma Manufacturers Association,pharma-manufacturers-association,,/FranchiseHomePage/coming-soon.png,/FranchiseHomePage/coming-soon.png,,7,TRUE,,,2026-6-30 0:00,2026-6-30 0:00
c7fe9461-bd3c-4ae3-b096-7709671adec0,26d2b88d-ddbf-45b7-a016-9379064270a9,Research Pharma Producers Body,research-pharma-producers-body,,/FranchiseHomePage/coming-soon.png,/FranchiseHomePage/coming-soon.png,,8,TRUE,,,2026-6-30 0:00,2026-6-30 0:00
48a515e0-d699-4b07-8360-88913304238f,26d2b88d-ddbf-45b7-a016-9379064270a9,Pharma Alliance,pharma-alliance,,/FranchiseHomePage/coming-soon.png,/FranchiseHomePage/coming-soon.png,,9,TRUE,,,2026-6-30 0:00,2026-6-30 0:00
186db943-05d1-4b99-853c-be9e081c71de,26d2b88d-ddbf-45b7-a016-9379064270a9,Chemists & Druggists Trade Body,chemists-druggists-trade-body,,/FranchiseHomePage/coming-soon.png,/FranchiseHomePage/coming-soon.png,,10,TRUE,,,2026-6-30 0:00,2026-6-30 0:00
8d813da5-d304-40f6-9eeb-4a98c56ec264,26d2b88d-ddbf-45b7-a016-9379064270a9,Pharma Export Promotion Council,pharma-export-promotion-council,,/FranchiseHomePage/coming-soon.png,/FranchiseHomePage/coming-soon.png,,11,TRUE,,,2026-6-30 0:00,2026-6-30 0:00
7fce0d6d-4f99-4e28-bb0a-2d3e5d2c0b73,5ed3c109-2d23-4148-a019-f347fda26ed4,Auto Component Manufacturers Association,auto-component-manufacturers-association,,/FranchiseHomePage/coming-soon.png,/FranchiseHomePage/coming-soon.png,,12,TRUE,,,2026-6-30 0:00,2026-6-30 0:00
f8c9dae5-7b3c-4e5d-be7b-e191d0ed837c,5ed3c109-2d23-4148-a019-f347fda26ed4,Automobile Dealers Association,automobile-dealers-association,,/FranchiseHomePage/coming-soon.png,/FranchiseHomePage/coming-soon.png,,13,TRUE,,,2026-6-30 0:00,2026-6-30 0:00
bd0825e2-9da2-437d-8fe0-741a06514421,3b1b6be7-d616-4c46-a470-2a2fc1d16691,Textile Industry Apex Body,textile-industry-apex-body,,/FranchiseHomePage/coming-soon.png,/FranchiseHomePage/coming-soon.png,,14,TRUE,,,2026-6-30 0:00,2026-6-30 0:00
999cbc34-f578-4d27-833e-400b2d14b950,3b1b6be7-d616-4c46-a470-2a2fc1d16691,Apparel Export Promotion Council,apparel-export-promotion-council,,/FranchiseHomePage/coming-soon.png,/FranchiseHomePage/coming-soon.png,,15,TRUE,,,2026-6-30 0:00,2026-6-30 0:00
bf8c66ea-bb49-49b4-9c3f-36d6ffde8ec3,3b1b6be7-d616-4c46-a470-2a2fc1d16691,Cotton Textile Export Council,cotton-textile-export-council,,/FranchiseHomePage/coming-soon.png,/FranchiseHomePage/coming-soon.png,,16,TRUE,,,2026-6-30 0:00,2026-6-30 0:00
41df08b4-c115-46ce-a877-1000b0c2d8b2,26d2b88d-ddbf-45b7-a016-9379064270a9,Chemicals Export Promotion Council,chemicals-export-promotion-council,,/FranchiseHomePage/coming-soon.png,/FranchiseHomePage/coming-soon.png,,17,TRUE,,,2026-6-30 0:00,2026-6-30 0:00
7c5f6593-5e14-41b0-8f6d-2267dbc78706,26d2b88d-ddbf-45b7-a016-9379064270a9,Chemical Industry Apex Body,chemical-industry-apex-body,,/FranchiseHomePage/coming-soon.png,/FranchiseHomePage/coming-soon.png,,18,TRUE,,,2026-6-30 0:00,2026-6-30 0:00
fce70c8d-f31c-42bc-86fc-5fdca740895c,26d2b88d-ddbf-45b7-a016-9379064270a9,Engineering Goods Export Council,engineering-goods-export-council,,/FranchiseHomePage/coming-soon.png,/FranchiseHomePage/coming-soon.png,,19,TRUE,,,2026-6-30 0:00,2026-6-30 0:00
1b80c88a-6aaf-48e6-9183-51387838833a,26d2b88d-ddbf-45b7-a016-9379064270a9,Electrical Equipment Manufacturers Association,electrical-equipment-manufacturers-association,,/FranchiseHomePage/coming-soon.png,/FranchiseHomePage/coming-soon.png,,20,TRUE,,,2026-6-30 0:00,2026-6-30 0:00
b958e93b-9ecb-4dfb-9281-189a9ab466ab,26d2b88d-ddbf-45b7-a016-9379064270a9,Machine Tool Manufacturers Association,machine-tool-manufacturers-association,,/FranchiseHomePage/coming-soon.png,/FranchiseHomePage/coming-soon.png,,21,TRUE,,,2026-6-30 0:00,2026-6-30 0:00
df8a3401-4589-4cd2-8fb3-58e4c8382314,26d2b88d-ddbf-45b7-a016-9379064270a9,Plastics Manufacturers Association,plastics-manufacturers-association,,/FranchiseHomePage/coming-soon.png,/FranchiseHomePage/coming-soon.png,,22,TRUE,,,2026-6-30 0:00,2026-6-30 0:00
cfd6bc31-0dff-4f23-b5b9-b9001aa54b01,26d2b88d-ddbf-45b7-a016-9379064270a9,Plastics Professional Institute,plastics-professional-institute,,/FranchiseHomePage/coming-soon.png,/FranchiseHomePage/coming-soon.png,,23,TRUE,,,2026-6-30 0:00,2026-6-30 0:00
a2c7bc5d-3d61-4446-99eb-c03e54430084,1a821422-d8eb-484f-a280-8af8f6b79144,Real Estate Developers Apex Body,real-estate-developers-apex-body,,/FranchiseHomePage/coming-soon.png,/FranchiseHomePage/coming-soon.png,,24,TRUE,,,2026-6-30 0:00,2026-6-30 0:00
9b66d775-f776-43f9-833c-e536fd6df902,1a821422-d8eb-484f-a280-8af8f6b79144,Real Estate Self-Regulatory Council,real-estate-self-regulatory-council,,/FranchiseHomePage/coming-soon.png,/FranchiseHomePage/coming-soon.png,,25,TRUE,,,2026-6-30 0:00,2026-6-30 0:00
5c7560d0-101c-442e-afd6-8ce4551d4a25,4a104cba-ccd3-4f86-b204-2277660117eb,Banking Industry Association,banking-industry-association,,/FranchiseHomePage/coming-soon.png,/FranchiseHomePage/coming-soon.png,,26,TRUE,,,2026-6-30 0:00,2026-6-30 0:00
51f021e6-6abe-4b51-81c8-e4afd54bfdea,4a104cba-ccd3-4f86-b204-2277660117eb,Mutual Funds Industry Body,mutual-funds-industry-body,,/FranchiseHomePage/coming-soon.png,/FranchiseHomePage/coming-soon.png,,27,TRUE,,,2026-6-30 0:00,2026-6-30 0:00
24e45f90-ffad-447f-ab3c-2e65a2a96939,4a104cba-ccd3-4f86-b204-2277660117eb,Stock Brokers Forum,stock-brokers-forum,,/FranchiseHomePage/coming-soon.png,/FranchiseHomePage/coming-soon.png,,28,TRUE,,,2026-6-30 0:00,2026-6-30 0:00
651f67d2-ddf3-4631-b563-36a4296e93a5,4a104cba-ccd3-4f86-b204-2277660117eb,Life Insurance Industry Council,life-insurance-industry-council,,/FranchiseHomePage/coming-soon.png,/FranchiseHomePage/coming-soon.png,,29,TRUE,,,2026-6-30 0:00,2026-6-30 0:00
b3b2a429-cbf4-4143-9c74-a2620908f736,f26791cd-9656-452d-8326-9b9296125906,Medical Professionals Association,medical-professionals-association,,/FranchiseHomePage/coming-soon.png,/FranchiseHomePage/coming-soon.png,,30,TRUE,,,2026-6-30 0:00,2026-6-30 0:00
af3d3325-6851-4dc1-be98-8daee625ae9e,f26791cd-9656-452d-8326-9b9296125906,Nursing Regulatory Council,nursing-regulatory-council,,/FranchiseHomePage/coming-soon.png,/FranchiseHomePage/coming-soon.png,,31,TRUE,,,2026-6-30 0:00,2026-6-30 0:00
de81b6e3-eb27-428d-a6ff-444b1f367044,f26791cd-9656-452d-8326-9b9296125906,Hospital Accreditation Body,hospital-accreditation-body,,/FranchiseHomePage/coming-soon.png,/FranchiseHomePage/coming-soon.png,,32,TRUE,,,2026-6-30 0:00,2026-6-30 0:00
62be9b6f-ca90-4154-b4e9-277c34a5bcc9,f26791cd-9656-452d-8326-9b9296125906,Dental Regulatory Council,dental-regulatory-council,,/FranchiseHomePage/coming-soon.png,/FranchiseHomePage/coming-soon.png,,33,TRUE,,,2026-6-30 0:00,2026-6-30 0:00
06a3c337-950a-4385-8973-010318914c11,d8e835b1-07dd-4279-93b4-5049cfb1c6d6,Hotel Industry Apex Body,hotel-industry-apex-body,,/FranchiseHomePage/coming-soon.png,/FranchiseHomePage/coming-soon.png,,34,TRUE,,,2026-6-30 0:00,2026-6-30 0:00
0f2a71a0-9079-4cc1-81db-f05e413c6d7a,d8e835b1-07dd-4279-93b4-5049cfb1c6d6,Hotel & Restaurant Federation,hotel-restaurant-federation,,/FranchiseHomePage/coming-soon.png,/FranchiseHomePage/coming-soon.png,,35,TRUE,,,2026-6-30 0:00,2026-6-30 0:00
c4e4b86e-4a28-4e66-b7d5-b847763a88d7,d8e835b1-07dd-4279-93b4-5049cfb1c6d6,Travel Agents Federation,travel-agents-federation,,/FranchiseHomePage/coming-soon.png,/FranchiseHomePage/coming-soon.png,,36,TRUE,,,2026-6-30 0:00,2026-6-30 0:00
da4ae9e7-bca3-412e-9580-0108b97884e0,f5fe36f6-02ef-4ca5-b884-30d22b5402cf,University Apex Body,university-apex-body,,/FranchiseHomePage/coming-soon.png,/FranchiseHomePage/coming-soon.png,,37,TRUE,,,2026-6-30 0:00,2026-6-30 0:00
7dacc402-541e-4b0a-913b-aaff40631bcc,f5fe36f6-02ef-4ca5-b884-30d22b5402cf,Technical Education Regulator,technical-education-regulator,,/FranchiseHomePage/coming-soon.png,/FranchiseHomePage/coming-soon.png,,38,TRUE,,,2026-6-30 0:00,2026-6-30 0:00
88de2103-904b-4f88-9b69-617f840903ea,64fd1516-f032-4630-8a79-e347851f2e18,Advertising Self-Regulatory Body,advertising-self-regulatory-body,,/FranchiseHomePage/coming-soon.png,/FranchiseHomePage/coming-soon.png,,39,TRUE,,,2026-6-30 0:00,2026-6-30 0:00
097e96fc-514e-4c1d-951d-81b4f2a11bba,64fd1516-f032-4630-8a79-e347851f2e18,Newspaper Publishers Society,newspaper-publishers-society,,/FranchiseHomePage/coming-soon.png,/FranchiseHomePage/coming-soon.png,,40,TRUE,,,2026-6-30 0:00,2026-6-30 0:00
21f880fd-d23d-4b93-bb3a-b266d8e937e5,7b332bd1-117a-4b40-92a1-aa8c5267a02b,Food Processing Industry Body,food-processing-industry-body,,/FranchiseHomePage/coming-soon.png,/FranchiseHomePage/coming-soon.png,,41,TRUE,,,2026-6-30 0:00,2026-6-30 0:00
762da233-c0c3-4693-8608-fa79a8401ce9,985ff825-8855-4dec-9615-6d83578ef2cf,Seed Industry Association,seed-industry-association,,/FranchiseHomePage/coming-soon.png,/FranchiseHomePage/coming-soon.png,,42,TRUE,,,2026-6-30 0:00,2026-6-30 0:00
a03b50c5-4928-4e02-953b-e6e079cac9d1,f494351f-bfb3-411d-a178-d1905bd0616e,Govt. Export Development Authority,govt-export-development-authority,,/FranchiseHomePage/coming-soon.png,/FranchiseHomePage/coming-soon.png,,43,TRUE,,,2026-6-30 0:00,2026-6-30 0:00
8f74518e-e0e8-4e27-8d48-5b78f4d3bcac,26d2b88d-ddbf-45b7-a016-9379064270a9,Wind Energy Industry Body,wind-energy-industry-body,,/FranchiseHomePage/coming-soon.png,/FranchiseHomePage/coming-soon.png,,44,TRUE,,,2026-6-30 0:00,2026-6-30 0:00
b3382f6b-415e-4dc9-bb1c-4b28494ec331,26d2b88d-ddbf-45b7-a016-9379064270a9,Solar Energy Professional Society,solar-energy-professional-society,,/FranchiseHomePage/coming-soon.png,/FranchiseHomePage/coming-soon.png,,45,TRUE,,,2026-6-30 0:00,2026-6-30 0:00
c46ea153-8739-481e-88f4-cb096272cc1c,26d2b88d-ddbf-45b7-a016-9379064270a9,Power Equipment Manufacturers Forum,power-equipment-manufacturers-forum,,/FranchiseHomePage/coming-soon.png,/FranchiseHomePage/coming-soon.png,,46,TRUE,,,2026-6-30 0:00,2026-6-30 0:00
f5c08add-5df0-4c89-8708-1522a5bcdc1d,26d2b88d-ddbf-45b7-a016-9379064270a9,Road Transport Apex Body,road-transport-apex-body,,/FranchiseHomePage/coming-soon.png,/FranchiseHomePage/coming-soon.png,,47,TRUE,,,2026-6-30 0:00,2026-6-30 0:00
28ee8b8c-3b38-4656-81b0-c2512a20b830,26d2b88d-ddbf-45b7-a016-9379064270a9,Container Shipping Lines Association,container-shipping-lines-association,,/FranchiseHomePage/coming-soon.png,/FranchiseHomePage/coming-soon.png,,48,TRUE,,,2026-6-30 0:00,2026-6-30 0:00
98be5dc0-03c2-47ed-8075-db8b2b7b146a,26d2b88d-ddbf-45b7-a016-9379064270a9,Air Cargo Agents Association,air-cargo-agents-association,,/FranchiseHomePage/coming-soon.png,/FranchiseHomePage/coming-soon.png,,49,TRUE,,,2026-6-30 0:00,2026-6-30 0:00
266f4ebf-3444-46ad-9e22-8f5741a3c0f8,cc637398-2762-4b5b-a999-c1a8c5567cfe,Retail Trade Association,retail-trade-association,,/FranchiseHomePage/coming-soon.png,/FranchiseHomePage/coming-soon.png,,50,TRUE,,,2026-6-30 0:00,2026-6-30 0:00
f37ea4b1-06ec-46b4-832f-3cc349b841d1,c39ecac8-9a1f-4ad3-af64-069b9b315926,HR Staffing Industry Body,hr-staffing-industry-body,,/FranchiseHomePage/coming-soon.png,/FranchiseHomePage/coming-soon.png,,51,TRUE,,,2026-6-30 0:00,2026-6-30 0:00
b0523b90-b164-462c-a055-7b62845093c7,c39ecac8-9a1f-4ad3-af64-069b9b315926,HR Professionals Network,hr-professionals-network,,/FranchiseHomePage/coming-soon.png,/FranchiseHomePage/coming-soon.png,,52,TRUE,,,2026-6-30 0:00,2026-6-30 0:00
7a0746c5-7e8c-4786-a741-c1af9fb9afc9,c39ecac8-9a1f-4ad3-af64-069b9b315926,Legal Profession Regulatory Body,legal-profession-regulatory-body,,/FranchiseHomePage/coming-soon.png,/FranchiseHomePage/coming-soon.png,,53,TRUE,,,2026-6-30 0:00,2026-6-30 0:00
0f21c9ea-5348-45ef-847d-3cad4c0b55ab,26d2b88d-ddbf-45b7-a016-9379064270a9,MSME Federation,msme-federation,,/FranchiseHomePage/coming-soon.png,/FranchiseHomePage/coming-soon.png,,54,TRUE,,,2026-6-30 0:00,2026-6-30 0:00
9f049437-5449-4241-a940-d4426ef141bb,26d2b88d-ddbf-45b7-a016-9379064270a9,Industries Association,industries-association,,/FranchiseHomePage/coming-soon.png,/FranchiseHomePage/coming-soon.png,,55,TRUE,,,2026-6-30 0:00,2026-6-30 0:00
b150a80d-09a6-4005-aaf5-3a0ce75cd082,26d2b88d-ddbf-45b7-a016-9379064270a9,Small Industries Organisation,small-industries-organisation,,/FranchiseHomePage/coming-soon.png,/FranchiseHomePage/coming-soon.png,,56,TRUE,,,2026-6-30 0:00,2026-6-30 0:00
fa5c8059-aba1-4958-a938-caafcfc22dc5,1a821422-d8eb-484f-a280-8af8f6b79144,Construction Contractors Association,construction-contractors-association,,/FranchiseHomePage/coming-soon.png,/FranchiseHomePage/coming-soon.png,,57,TRUE,,,2026-6-30 0:00,2026-6-30 0:00
0b29e41d-73f2-430b-b7a2-327e42bf5773,26d2b88d-ddbf-45b7-a016-9379064270a9,Airlines Industry Body,airlines-industry-body,,/FranchiseHomePage/coming-soon.png,/FranchiseHomePage/coming-soon.png,,58,TRUE,,,2026-6-30 0:00,2026-6-30 0:00
90ae7469-bf55-4c36-8f2b-9a2ca5d3fc75,3b1b6be7-d616-4c46-a470-2a2fc1d16691,Gems & Jewellery Export Council,gems-jewellery-export-council,,/FranchiseHomePage/coming-soon.png,/FranchiseHomePage/coming-soon.png,,59,TRUE,,,2026-6-30 0:00,2026-6-30 0:00
e9b4f0a0-1e12-47d3-a4dd-864418a3f1e0,3b1b6be7-d616-4c46-a470-2a2fc1d16691,Gems & Jewellery Domestic Council,gems-jewellery-domestic-council,,/FranchiseHomePage/coming-soon.png,/FranchiseHomePage/coming-soon.png,,60,TRUE,,,2026-6-30 0:00,2026-6-30 0:00
cfc69498-cfcf-434a-943b-1f73382735d4,64fd1516-f032-4630-8a79-e347851f2e18,Cellular & Telecom Operators Body,cellular-telecom-operators-body,,/FranchiseHomePage/coming-soon.png,/FranchiseHomePage/coming-soon.png,,61,TRUE,,,2026-6-30 0:00,2026-6-30 0:00
ad654c92-ebf9-4b09-9985-7ea368641b70,64fd1516-f032-4630-8a79-e347851f2e18,Regional Telecom & ICT Forum,regional-telecom-ict-forum,,/FranchiseHomePage/coming-soon.png,/FranchiseHomePage/coming-soon.png,,62,TRUE,,,2026-6-30 0:00,2026-6-30 0:00
ebc102cd-8b71-474e-81ec-492dea9872b3,f494351f-bfb3-411d-a178-d1905bd0616e,Govt. Horticulture Board,govt-horticulture-board,,/FranchiseHomePage/coming-soon.png,/FranchiseHomePage/coming-soon.png,,63,TRUE,,,2026-6-30 0:00,2026-6-30 0:00
3263b344-3dfe-4c9b-97f5-47d161a6a299,985ff825-8855-4dec-9615-6d83578ef2cf,Fresh Produce Industry Body,fresh-produce-industry-body,,/FranchiseHomePage/coming-soon.png,/FranchiseHomePage/coming-soon.png,,64,TRUE,,,2026-6-30 0:00,2026-6-30 0:00
0e33bed9-4c4b-48b0-8e72-f73897f1aa55,f494351f-bfb3-411d-a178-d1905bd0616e,Govt. Spices Regulatory Board,govt-spices-regulatory-board,,/FranchiseHomePage/coming-soon.png,/FranchiseHomePage/coming-soon.png,,65,TRUE,,,2026-6-30 0:00,2026-6-30 0:00
3cd67699-0a15-43e1-9a50-afcb50d68fc2,985ff825-8855-4dec-9615-6d83578ef2cf,Cashew Export Promotion Council,cashew-export-promotion-council,,/FranchiseHomePage/coming-soon.png,/FranchiseHomePage/coming-soon.png,,66,TRUE,,,2026-6-30 0:00,2026-6-30 0:00
9212d57b-0c6b-461a-8140-f7eb437c4b40,ead42b5a-26e6-4bd2-a2e3-bb8709ede483,Cricket Governing Body,cricket-governing-body,,/FranchiseHomePage/coming-soon.png,/FranchiseHomePage/coming-soon.png,,67,TRUE,,,2026-6-30 0:00,2026-6-30 0:00
59e17746-aa18-4d1c-941d-16dbeaa9e5c2,ead42b5a-26e6-4bd2-a2e3-bb8709ede483,Football Governing Body,football-governing-body,,/FranchiseHomePage/coming-soon.png,/FranchiseHomePage/coming-soon.png,,68,TRUE,,,2026-6-30 0:00,2026-6-30 0:00
33b1226a-0281-45e0-a5fa-1d70cba59534,ead42b5a-26e6-4bd2-a2e3-bb8709ede483,Hockey Governing Body,hockey-governing-body,,/FranchiseHomePage/coming-soon.png,/FranchiseHomePage/coming-soon.png,,69,TRUE,,,2026-6-30 0:00,2026-6-30 0:00
f93cc906-da12-4bb5-8cde-8e54cf1a08d3,ead42b5a-26e6-4bd2-a2e3-bb8709ede483,Athletics Governing Body,athletics-governing-body,,/FranchiseHomePage/coming-soon.png,/FranchiseHomePage/coming-soon.png,,70,TRUE,,,2026-6-30 0:00,2026-6-30 0:00
f6bea1e5-1180-4744-90bd-cebd869b738c,ead42b5a-26e6-4bd2-a2e3-bb8709ede483,Badminton Governing Body,badminton-governing-body,,/FranchiseHomePage/coming-soon.png,/FranchiseHomePage/coming-soon.png,,71,TRUE,,,2026-6-30 0:00,2026-6-30 0:00
20903f12-a6c4-4abf-ac62-b15b08467aa5,ead42b5a-26e6-4bd2-a2e3-bb8709ede483,Wrestling Governing Body,wrestling-governing-body,,/FranchiseHomePage/coming-soon.png,/FranchiseHomePage/coming-soon.png,,72,TRUE,,,2026-6-30 0:00,2026-6-30 0:00
f77e6070-83c1-4f37-90e9-c9a92ab9b7c2,ead42b5a-26e6-4bd2-a2e3-bb8709ede483,Table Tennis Governing Body,table-tennis-governing-body,,/FranchiseHomePage/coming-soon.png,/FranchiseHomePage/coming-soon.png,,73,TRUE,,,2026-6-30 0:00,2026-6-30 0:00
8fb5b2c9-1019-4c40-8c8e-08de40d60ff5,ead42b5a-26e6-4bd2-a2e3-bb8709ede483,Volleyball Governing Body,volleyball-governing-body,,/FranchiseHomePage/coming-soon.png,/FranchiseHomePage/coming-soon.png,,74,TRUE,,,2026-6-30 0:00,2026-6-30 0:00
f4052eac-47d8-4c4b-8d04-40a722ef67d6,ead42b5a-26e6-4bd2-a2e3-bb8709ede483,Boxing Governing Body,boxing-governing-body,,/FranchiseHomePage/coming-soon.png,/FranchiseHomePage/coming-soon.png,,75,TRUE,,,2026-6-30 0:00,2026-6-30 0:00
be4ffd16-b61b-4ee6-8a75-a5f6776f57b5,ead42b5a-26e6-4bd2-a2e3-bb8709ede483,Weightlifting Governing Body,weightlifting-governing-body,,/FranchiseHomePage/coming-soon.png,/FranchiseHomePage/coming-soon.png,,76,TRUE,,,2026-6-30 0:00,2026-6-30 0:00
58612149-ecf8-4701-b8f2-190b395a960d,f26791cd-9656-452d-8326-9b9296125906,Private Healthcare Industry Body,private-healthcare-industry-body,,/FranchiseHomePage/coming-soon.png,/FranchiseHomePage/coming-soon.png,,77,TRUE,,,2026-6-30 0:00,2026-6-30 0:00
632b6ff7-41cf-4698-a065-30dba7e9f731,f26791cd-9656-452d-8326-9b9296125906,Diagnostics Manufacturers Association,diagnostics-manufacturers-association,,/FranchiseHomePage/coming-soon.png,/FranchiseHomePage/coming-soon.png,,78,TRUE,,,2026-6-30 0:00,2026-6-30 0:00
7bd8ccbf-54c9-4d1e-89eb-0ab5cd989b77,f26791cd-9656-452d-8326-9b9296125906,Digital Health Industry Body,digital-health-industry-body,,/FranchiseHomePage/coming-soon.png,/FranchiseHomePage/coming-soon.png,,79,TRUE,,,2026-6-30 0:00,2026-6-30 0:00
ba8a5aeb-4c48-41b5-82f6-bb2c18508372,f26791cd-9656-452d-8326-9b9296125906,Medical Devices Industry Association,medical-devices-industry-association,,/FranchiseHomePage/coming-soon.png,/FranchiseHomePage/coming-soon.png,,80,TRUE,,,2026-6-30 0:00,2026-6-30 0:00
a716e413-57cf-4582-9a14-727136f4c08e,c39ecac8-9a1f-4ad3-af64-069b9b315926,Franchise Industry Association,franchise-industry-association,,/FranchiseHomePage/coming-soon.png,/FranchiseHomePage/coming-soon.png,,81,TRUE,,,2026-6-30 0:00,2026-6-30 0:00
b6fe0e57-5f66-413d-a344-c8e81aeb5aa5,c39ecac8-9a1f-4ad3-af64-069b9b315926,State Chamber of Commerce,state-chamber-of-commerce,,/FranchiseHomePage/coming-soon.png,/FranchiseHomePage/coming-soon.png,,82,TRUE,,,2026-6-30 0:00,2026-6-30 0:00
5364b8fb-60d3-4bcd-be77-596dd30567a1,985ff825-8855-4dec-9615-6d83578ef2cf,Seed Industry Federation,seed-industry-federation,,/FranchiseHomePage/coming-soon.png,/FranchiseHomePage/coming-soon.png,,83,TRUE,,,2026-6-30 0:00,2026-6-30 0:00
fd0c9436-46c1-47df-8f40-860d93733c7c,985ff825-8855-4dec-9615-6d83578ef2cf,Agribusiness & Food Federation,agribusiness-food-federation,,/FranchiseHomePage/coming-soon.png,/FranchiseHomePage/coming-soon.png,,84,TRUE,,,2026-6-30 0:00,2026-6-30 0:00
286e4419-b5ed-49b5-b89d-32f9d6764684,985ff825-8855-4dec-9615-6d83578ef2cf,Crop Protection Industry Body,crop-protection-industry-body,,/FranchiseHomePage/coming-soon.png,/FranchiseHomePage/coming-soon.png,,85,TRUE,,,2026-6-30 0:00,2026-6-30 0:00
4d0548ef-2467-4d7c-b091-c4a90e25dd57,26d2b88d-ddbf-45b7-a016-9379064270a9,Steel Industry Association,steel-industry-association,,/FranchiseHomePage/coming-soon.png,/FranchiseHomePage/coming-soon.png,,86,TRUE,,,2026-6-30 0:00,2026-6-30 0:00
35f87a2a-ead5-4bff-b3a4-551376957a92,26d2b88d-ddbf-45b7-a016-9379064270a9,Metals & Mining Forum,metals-mining-forum,,/FranchiseHomePage/coming-soon.png,/FranchiseHomePage/coming-soon.png,,87,TRUE,,,2026-6-30 0:00,2026-6-30 0:00
80aaecdb-14e1-4d56-89a9-86121e231438,26d2b88d-ddbf-45b7-a016-9379064270a9,Mineral Industries Federation,mineral-industries-federation,,/FranchiseHomePage/coming-soon.png,/FranchiseHomePage/coming-soon.png,,88,TRUE,,,2026-6-30 0:00,2026-6-30 0:00
ab5f41c5-f1da-421a-96e9-25650cd7e4c6,26d2b88d-ddbf-45b7-a016-9379064270a9,Paper Manufacturers Association,paper-manufacturers-association,,/FranchiseHomePage/coming-soon.png,/FranchiseHomePage/coming-soon.png,,89,TRUE,,,2026-6-30 0:00,2026-6-30 0:00
9550aabb-b520-49cf-9af6-8ee28ff8a121,26d2b88d-ddbf-45b7-a016-9379064270a9,Energy & Environment Research Institute,energy-environment-research-institute,,/FranchiseHomePage/coming-soon.png,/FranchiseHomePage/coming-soon.png,,90,TRUE,,,2026-6-30 0:00,2026-6-30 0:00
2b57fdae-7877-49e8-9db1-ca69bd4a9a92,4a104cba-ccd3-4f86-b204-2277660117eb,Private Equity & VC Association,private-equity-vc-association,,/FranchiseHomePage/coming-soon.png,/FranchiseHomePage/coming-soon.png,,91,TRUE,,,2026-6-30 0:00,2026-6-30 0:00
b68ed380-3aaf-4f0a-bb7a-be44d480e391,1e4a2772-e991-4e90-b77b-2724809f5dbc,Entrepreneurship Network,entrepreneurship-network,,/FranchiseHomePage/coming-soon.png,/FranchiseHomePage/coming-soon.png,,92,TRUE,,,2026-6-30 0:00,2026-6-30 0:00
2ff8af09-9d49-4bf1-8ce9-024058050173,26d2b88d-ddbf-45b7-a016-9379064270a9,Furniture Manufacturers Association,furniture-manufacturers-association,,/FranchiseHomePage/coming-soon.png,/FranchiseHomePage/coming-soon.png,,93,TRUE,,,2026-6-30 0:00,2026-6-30 0:00
80f2b136-287f-46f5-bea8-088da588b764,26d2b88d-ddbf-45b7-a016-9379064270a9,Glass Manufacturers Federation,glass-manufacturers-federation,,/FranchiseHomePage/coming-soon.png,/FranchiseHomePage/coming-soon.png,,94,TRUE,,,2026-6-30 0:00,2026-6-30 0:00
15d3b2da-ed64-45ba-b951-85c622f9bc5b,7b332bd1-117a-4b40-92a1-aa8c5267a02b,Dairy Industry Association,dairy-industry-association,,/FranchiseHomePage/coming-soon.png,/FranchiseHomePage/coming-soon.png,,95,TRUE,,,2026-6-30 0:00,2026-6-30 0:00
98994960-e4ab-45a3-b95b-3d137de02724,26d2b88d-ddbf-45b7-a016-9379064270a9,Printing Industry Federation,printing-industry-federation,,/FranchiseHomePage/coming-soon.png,/FranchiseHomePage/coming-soon.png,,96,TRUE,,,2026-6-30 0:00,2026-6-30 0:00
5ff4e571-a870-4319-9c7d-c2c11989846a,26d2b88d-ddbf-45b7-a016-9379064270a9,Fire & Security Industry Body,fire-security-industry-body,,/FranchiseHomePage/coming-soon.png,/FranchiseHomePage/coming-soon.png,,97,TRUE,,,2026-6-30 0:00,2026-6-30 0:00
73f65d34-8c20-4f23-8442-de4432604fba,3b1b6be7-d616-4c46-a470-2a2fc1d16691,Leather Exports Council,leather-exports-council,,/FranchiseHomePage/coming-soon.png,/FranchiseHomePage/coming-soon.png,,98,TRUE,,,2026-6-30 0:00,2026-6-30 0:00
e90b9cc3-84d4-41ce-8a2f-d4d3104c1734,3b1b6be7-d616-4c46-a470-2a2fc1d16691,Footwear Manufacturers Association,footwear-manufacturers-association,,/FranchiseHomePage/coming-soon.png,/FranchiseHomePage/coming-soon.png,,99,TRUE,,,2026-6-30 0:00,2026-6-30 0:00
f570a2cd-2b10-4478-b767-ef6525671d83,26d2b88d-ddbf-45b7-a016-9379064270a9,Rubber Industry Association,rubber-industry-association,,/FranchiseHomePage/coming-soon.png,/FranchiseHomePage/coming-soon.png,,100,TRUE,,,2026-6-30 0:00,2026-6-30 0:00
c2f6e132-0098-4caa-86bc-5a8d19efd614,1a821422-d8eb-484f-a280-8af8f6b79144,Architecture Regulatory Council,architecture-regulatory-council,,/FranchiseHomePage/coming-soon.png,/FranchiseHomePage/coming-soon.png,,101,TRUE,,,2026-6-30 0:00,2026-6-30 0:00
edad888c-3b10-489a-bf69-160204e774ef,c39ecac8-9a1f-4ad3-af64-069b9b315926,Chartered Accountants Regulatory Body,chartered-accountants-regulatory-body,,/FranchiseHomePage/coming-soon.png,/FranchiseHomePage/coming-soon.png,,102,TRUE,,,2026-6-30 0:00,2026-6-30 0:00
30b6a9d2-3e00-481a-aae0-d1d41ec94643,c39ecac8-9a1f-4ad3-af64-069b9b315926,Cost Accountants Regulatory Body,cost-accountants-regulatory-body,,/FranchiseHomePage/coming-soon.png,/FranchiseHomePage/coming-soon.png,,103,TRUE,,,2026-6-30 0:00,2026-6-30 0:00
3d47ff49-c0ed-4ac9-89f2-7082efaf806c,c39ecac8-9a1f-4ad3-af64-069b9b315926,Company Secretaries Regulatory Body,company-secretaries-regulatory-body,,/FranchiseHomePage/coming-soon.png,/FranchiseHomePage/coming-soon.png,,104,TRUE,,,2026-6-30 0:00,2026-6-30 0:00
47d896ca-2d67-407d-aa24-f24eb0d52756,26d2b88d-ddbf-45b7-a016-9379064270a9,Shipowners Association,shipowners-association,,/FranchiseHomePage/coming-soon.png,/FranchiseHomePage/coming-soon.png,,105,TRUE,,,2026-6-30 0:00,2026-6-30 0:00
131a6869-3e35-4a5f-9dbb-ce14ad64aaf4,3b1b6be7-d616-4c46-a470-2a2fc1d16691,Handicraft / Carpet Export Council,handicraft-carpet-export-council,,/FranchiseHomePage/coming-soon.png,/FranchiseHomePage/coming-soon.png,,106,TRUE,,,2026-6-30 0:00,2026-6-30 0:00
a8050fc5-e610-48d1-bdc9-258e9aac75e1,3b1b6be7-d616-4c46-a470-2a2fc1d16691,Handloom Export Council,handloom-export-council,,/FranchiseHomePage/coming-soon.png,/FranchiseHomePage/coming-soon.png,,107,TRUE,,,2026-6-30 0:00,2026-6-30 0:00
e362a566-fcba-421a-9132-e641d40781c5,64fd1516-f032-4630-8a79-e347851f2e18,Software Product Industry Think Tank,software-product-industry-think-tank,,/FranchiseHomePage/coming-soon.png,/FranchiseHomePage/coming-soon.png,,108,TRUE,,,2026-6-30 0:00,2026-6-30 0:00
24547088-0f4f-46e3-a865-58cc115933f0,64fd1516-f032-4630-8a79-e347851f2e18,Electronics & Semiconductor Association,electronics-semiconductor-association,,/FranchiseHomePage/coming-soon.png,/FranchiseHomePage/coming-soon.png,,109,TRUE,,,2026-6-30 0:00,2026-6-30 0:00
734cf4a4-ae42-4a7d-83eb-e5f66f8e9863,7b332bd1-117a-4b40-92a1-aa8c5267a02b,Sugar Mills Association,sugar-mills-association,,/FranchiseHomePage/coming-soon.png,/FranchiseHomePage/coming-soon.png,,110,TRUE,,,2026-6-30 0:00,2026-6-30 0:00
c68b55e7-1dcf-43ef-b200-d6e0999834fb,26d2b88d-ddbf-45b7-a016-9379064270a9,Logistics Sector Skill Council,logistics-sector-skill-council,,/FranchiseHomePage/coming-soon.png,/FranchiseHomePage/coming-soon.png,,111,TRUE,,,2026-6-30 0:00,2026-6-30 0:00
6623f4cd-5e03-4bdb-9c12-407c5befb448,4a104cba-ccd3-4f86-b204-2277660117eb,General Insurance Industry Council,general-insurance-industry-council,,/FranchiseHomePage/coming-soon.png,/FranchiseHomePage/coming-soon.png,,112,TRUE,,,2026-6-30 0:00,2026-6-30 0:00
456de9c8-1e76-4609-989f-3fa7f45f1190,f26791cd-9656-452d-8326-9b9296125906,Public Health Professionals Body,public-health-professionals-body,,/FranchiseHomePage/coming-soon.png,/FranchiseHomePage/coming-soon.png,,113,TRUE,,,2026-6-30 0:00,2026-6-30 0:00
3916dad7-1dd8-4361-aa23-5e1dd2363407,64fd1516-f032-4630-8a79-e347851f2e18,Cybersecurity Threat Intelligence Body,cybersecurity-threat-intelligence-body,,/FranchiseHomePage/coming-soon.png,/FranchiseHomePage/coming-soon.png,,114,TRUE,,,2026-6-30 0:00,2026-6-30 0:00
7cfc8a60-2515-4de4-8b3b-979fe58734d8,26d2b88d-ddbf-45b7-a016-9379064270a9,Biotechnology Industry Body,biotechnology-industry-body,,/FranchiseHomePage/coming-soon.png,/FranchiseHomePage/coming-soon.png,,115,TRUE,,,2026-6-30 0:00,2026-6-30 0:00
4dd18038-529c-48c8-94a9-6c49502515e1,26d2b88d-ddbf-45b7-a016-9379064270a9,Defence Manufacturing Industry Body,defence-manufacturing-industry-body,,/FranchiseHomePage/coming-soon.png,/FranchiseHomePage/coming-soon.png,,116,TRUE,,,2026-6-30 0:00,2026-6-30 0:00
3f478557-b8fc-48d8-a6a8-078a0621ab17,64fd1516-f032-4630-8a79-e347851f2e18,Space & Satellite Industry Body,space-satellite-industry-body,,/FranchiseHomePage/coming-soon.png,/FranchiseHomePage/coming-soon.png,,117,TRUE,,,2026-6-30 0:00,2026-6-30 0:00
872aeedd-1e65-4d2a-98ec-306b04e17236,f26791cd-9656-452d-8326-9b9296125906,Ophthalmology Professional Society,ophthalmology-professional-society,,/FranchiseHomePage/coming-soon.png,/FranchiseHomePage/coming-soon.png,,118,TRUE,,,2026-6-30 0:00,2026-6-30 0:00
f1fa0a5a-76bc-44b2-9bb5-48277040146c,c39ecac8-9a1f-4ad3-af64-069b9b315926,Women Entrepreneurship Body,women-entrepreneurship-body,,/FranchiseHomePage/coming-soon.png,/FranchiseHomePage/coming-soon.png,,119,TRUE,,,2026-6-30 0:00,2026-6-30 0:00
f429628c-3094-41e6-a145-792f88422138,4a104cba-ccd3-4f86-b204-2277660117eb,Insurance Brokers Association,insurance-brokers-association,,/FranchiseHomePage/coming-soon.png,/FranchiseHomePage/coming-soon.png,,120,TRUE,,,2026-6-30 0:00,2026-6-30 0:00
0510da52-1336-44a5-8c15-5785299b9f99,f812d5c7-9d86-46d9-a95a-60cda67445a0,Cooperative Sector Apex Body,cooperative-sector-apex-body,,/FranchiseHomePage/coming-soon.png,/FranchiseHomePage/coming-soon.png,,121,TRUE,,,2026-6-30 0:00,2026-6-30 0:00
9e3f4820-19bd-43eb-8a51-7f4a052bbc0c,a28de9c3-9d0d-4058-8782-1211f20ffd1d,Animation / Gaming / XR Industry Body,animation-gaming-xr-industry-body,,/FranchiseHomePage/coming-soon.png,/FranchiseHomePage/coming-soon.png,,122,TRUE,,,2026-6-30 0:00,2026-6-30 0:00
8540e2de-aacc-4fe2-9d09-8aee9ae22d9b,4a104cba-ccd3-4f86-b204-2277660117eb,Digital Payments Industry Body,digital-payments-industry-body,,/FranchiseHomePage/coming-soon.png,/FranchiseHomePage/coming-soon.png,,123,TRUE,,,2026-6-30 0:00,2026-6-30 0:00
8868e6b5-f839-4659-93ca-7b0766d4e89b,4a104cba-ccd3-4f86-b204-2277660117eb,Digital Lending Self-Regulatory Body,digital-lending-self-regulatory-body,,/FranchiseHomePage/coming-soon.png,/FranchiseHomePage/coming-soon.png,,124,TRUE,,,2026-6-30 0:00,2026-6-30 0:00
31e17718-2576-4b15-8af7-08b7b8d759f1,1a821422-d8eb-484f-a280-8af8f6b79144,Interior Designers Professional Body,interior-designers-professional-body,,/FranchiseHomePage/coming-soon.png,/FranchiseHomePage/coming-soon.png,,125,TRUE,,,2026-6-30 0:00,2026-6-30 0:00
f0bbb9ae-a051-4a71-8410-a789fe077fdd,26d2b88d-ddbf-45b7-a016-9379064270a9,Chemicals/Cosmetics Export Council,chemicals-cosmetics-export-council,,/FranchiseHomePage/coming-soon.png,/FranchiseHomePage/coming-soon.png,,126,TRUE,,,2026-6-30 0:00,2026-6-30 0:00
2fdf8499-eaa1-4e38-9b67-3eaa89167577,ead42b5a-26e6-4bd2-a2e3-bb8709ede483,Sports Goods Export Promotion Council,sports-goods-export-promotion-council,,/FranchiseHomePage/coming-soon.png,/FranchiseHomePage/coming-soon.png,,127,TRUE,,,2026-6-30 0:00,2026-6-30 0:00
33e55453-dd9f-47fd-8150-3005018029af,1a821422-d8eb-484f-a280-8af8f6b79144,Highway Construction Federation,highway-construction-federation,,/FranchiseHomePage/coming-soon.png,/FranchiseHomePage/coming-soon.png,,128,TRUE,,,2026-6-30 0:00,2026-6-30 0:00
475a21e0-c1c3-4dd5-9127-5bf696a3466d,f494351f-bfb3-411d-a178-d1905bd0616e,Govt. Cold Chain Advisory Council,govt-cold-chain-advisory-council,,/FranchiseHomePage/coming-soon.png,/FranchiseHomePage/coming-soon.png,,129,TRUE,,,2026-6-30 0:00,2026-6-30 0:00
e749b119-0047-4123-aa16-f26efcf1d5db,26d2b88d-ddbf-45b7-a016-9379064270a9,Solar Power Developers Association,solar-power-developers-association,,/FranchiseHomePage/coming-soon.png,/FranchiseHomePage/coming-soon.png,,130,TRUE,,,2026-6-30 0:00,2026-6-30 0:00
cc0d093a-7185-46fe-b9c4-e00d42ce0ce3,cc637398-2762-4b5b-a999-c1a8c5567cfe,Consumer Electronics Manufacturers Association,consumer-electronics-manufacturers-association,,/FranchiseHomePage/coming-soon.png,/FranchiseHomePage/coming-soon.png,,131,TRUE,,,2026-6-30 0:00,2026-6-30 0:00
04bef3d1-d242-4e60-ae96-8f0f7a11aa78,f26791cd-9656-452d-8326-9b9296125906,AYUSH / Wellness Industry Body,ayush-wellness-industry-body,,/FranchiseHomePage/coming-soon.png,/FranchiseHomePage/coming-soon.png,,132,TRUE,,,2026-6-30 0:00,2026-6-30 0:00
7556f35a-6d3e-4734-9013-23b85a3d65b1,4a104cba-ccd3-4f86-b204-2277660117eb,Microfinance Industry Network,microfinance-industry-network,,/FranchiseHomePage/coming-soon.png,/FranchiseHomePage/coming-soon.png,,133,TRUE,,,2026-6-30 0:00,2026-6-30 0:00
c4b882a3-cd8b-4cf8-8a9c-3b812da35f35,f494351f-bfb3-411d-a178-d1905bd0616e,Govt. AI Mission Consortium,govt-ai-mission-consortium,,/FranchiseHomePage/coming-soon.png,/FranchiseHomePage/coming-soon.png,,134,TRUE,,,2026-6-30 0:00,2026-6-30 0:00
