listing_id,total_outlets,parent_company,business_type,established_year,units_count,leader_name,leader_role
b38c39c0-b9f6-495f-b8be-a65b1c0b9221,,,,,,,
c8f6989c-d785-4cf7-b127-b7ba288a3314,15,Vivanta Resources Pvt Ltd,Private beverage retail franchisor & operator,2012,15,Ms. Vanitha Ramasamy and Ms. Kavitha Devaraju,Promoters / Founding Leaders
b297c5b9-82e3-4c3d-88fc-c509ae881207,37,Independent brand,Private franchise brand offering single-unit & master franchise opportunities,2022,37,Mr. Pankaj Bhoyar,Founder
6a8c08c9-ef66-48b0-a68e-e9e0b7b40fcc,30,Individual company,Cafe / Service-provider / Franchise-based Cafe chain,2003,30,Kapil Anil Kulkarni,Founder / Owner
afb4be0a-0173-4248-b0b9-9c7ba0e3ce8f,,Pick Me Foods and Beverages Private Limited,Franchise-based cafe / coffee-bar concept,2019,,Prashant Kulkarni and Vinaya Kulkarni,Directors
09378ed3-2aa4-4e45-bf5d-6a75d1bdb2f7,60,Allsilks Designers Private Limited,Private Limited Company,1971,60,Mrs. Pratibha Dudhoria,CEO
b781fa76-8eaf-4cf9-a15c-b6a1c3503554,20,AARK World Pvt. Ltd.,Private Limited Company,2015,20,"Aanchal Saini, Shreya Mishra, Pranay Ashok Surana, Tushar Saxena",Co-Founders / CEO
0e50ed02-6937-4c8d-aa31-b4202a5f77cd,,,Private Company,2010,,Qazi Khushnuma Khatoon,Founder
7e62e026-71a1-4b49-971d-e8bcd1cc4e54,,Giordano International Limited,Public Limited Company,1981,,Colin Melville Kennedy Currie,CEO
8a873fc8-8a68-461e-81f4-55d7f192f2b1,,N&P Singh Private Limited,Private Limited Company,2013,10,P. Gautam,Founder
fc244900-e4b1-4eec-8e70-eb778beac3a5,2,Enzed Global Private Limited,Private Limited Company,2023,,,
a6ae3e8e-b3da-4406-9a53-1f411523033b,42,Code Raft Solutions Pvt. Ltd.,Private Company,2014,,"Anupam Tulsyan, Aradhya Tulsyan",Co-Founders & CEO/Co-Founder
f610d893-650e-46e2-89a6-c50f59036275,70,Primafashion Global Private Limited,Private Limited Company,2022,,"Capt. Rahul Rajyaguru, Sandeep Chaudhary, Sukhraj Singh",Co-Founders & Director / Consulting Creative Director
1dac1aa2-22c2-41e9-a608-2ffb1cefdf84,40,Sunrise Bizcom Private Limited,Private Limited Company,2017,,,
1ee2cd39-dcf0-4e78-971d-967b8f1e2f12,16,Banana Club Clothing Private Limited (Manufacturing) / Banana Club In Vogue Private Limited (Retail),Private Limited Company,2021,,Neel Bafna,Founder & CEO
1c97dc61-7708-4958-8222-3fe8fa9275bc,50,SSIPL Group (Super Sports India Private Limited),Franchise - Retail Store,2005,50,,
9ab139e7-cf16-4085-9352-c51d74e61115,20,Independent,Franchise - Retail Store,2006,20,Paladugu Venkateshwar Rao,Founder
ac303bf7-2a32-471d-9be1-a1dbb2e915e7,350,Adidas AG,Franchise - Retail Store,2008,350,,
df361e73-da0e-4e50-992d-e95e57306357,5,Independent,Franchise - Service & Installation,2010,5,,
c8bbd1a5-9676-4a19-b8c4-1b2f22fe8148,41,CAP (Pathan Brothers),Franchise - Sports Academy,2015,41,"Irfan Pathan, Yusuf Pathan",Founders & Directors
88848236-153f-41d1-85cd-4a9001af249c,,,Franchise - Gym Chain,2020,,,
d96ac4e8-daa4-4d60-9a4d-f7dcb54412b7,,,Franchise - Premium Gym,2017,,,
d451263c-43df-4ba1-b652-cbac27ff7846,20,Earth Travels,"Franchise model in online travel services, service-based travel agency",2015,20,Nitin Singla and Sapna Garg,
a3d5f27f-978c-48e7-97cf-21e8aea6d359,2590,Easy Trip Planners Pvt. Ltd.,Franchise retail travel outlet model,2008,2590,Nishant Pitti,Director
780dabc4-787e-4001-9c4b-a07c9874ffab,100,MakeMyTrip India Pvt Ltd (publicly listed),Franchise,2008,100,Rajesh Magow,CEO/Co-founder
499ed48e-a3e7-480e-900b-f384cd1ec21f,20,Sohan Tours and Travels,Franchise,2009,2,Sohan Tours and Travels Team,
fc554f5b-c10b-4835-b81b-6eb90deb8862,105,Thomas Cook Group,Franchise,2001,50,Rohit Kapoor,Managing Director
ab2c97a4-15c8-4105-902b-e6b961445825,20,TVTRIPNSTAY HOLIDAYS PVT LTD,Multi-unit Franchise,2020,20,,
0fe579f2-a816-4116-a312-a340923dbfe6,20,,Multi-unit Franchise,2020,20,,
a0160a9a-fe08-485e-9592-67df5f2e6235,20,Southern Travels Pvt Ltd,Franchise,1970,20,,
ba736baa-47d2-4b53-8969-661dbce6e6a1,50,SMHL Group,"Franchise, Hotel Management",2019,50,,
f943babd-ea6a-444b-b645-315f491c40a6,50,Trip Factory Pvt Ltd,Franchise,2013,50,Amit Aggarwal,Co-founder & CEO
e277efc3-55a1-40a9-8fad-b3149ffe9d2f,10,,Private business / franchise-led car accessories chain,2010,10,Syed Shahid,Founder
347dcb07-5002-4376-b056-fc37fe48eac8,,SWANK AUTOCARE SOLUTIONS PRIVATE LIMITED,Private Limited Company,2024,,"Krishna Kumar Shukla, Ankit Kumar",Founders
4024b1c9-12fd-451e-8a5f-0a5025e55819,,Relux Group,Franchise & Owned Network - EV Charging Infrastructure,2009,,Dr. Karthikeyan Santharam,Managing Director & CEO
8be9d5c3-86aa-4cd5-be33-3b39dfd647fa,50,BLive (Arcis Group),Franchise / Managed EV Fleet Investment Model,2023,50,"Samarth Ulhas Kholkar, Sandeep Mukherjee","CEO & Co-Founder, COO & Co-Founder"
bb0d140f-d9e5-4b4a-8182-4376a439422f,,Hetvi Enterprise,Franchise - Service-based mechanized car wash,2004,15,Hetvi Enterprise Team,Promoters
d93c950c-ab6f-4a07-b92b-33b89adc419b,30,Simba Dickie Group,Private Limited Company,2007,30,Johnson Correya,Managing Director
243ecbfb-c97d-42f8-b56c-31ca4f742263,,Jangra Chemicals Private Limited,Manufacturer + Franchise/Distribution Network (B2B + B2C),2017,20,Hitesh Jangra,Co-Founder
5b707bb6-7325-4cd8-961e-8eff582d5328,,Motocruizer Technologies (I) Pvt. Ltd.,Tech-driven multi-brand bike rental platform (MaaS),2015,30,"Namit Jain, Shanky Munoth, Shobhit Saxena, Akashdeep Singal",Co-Founders
f796a38b-1d81-4e48-ad0c-4ebeb485b41d,180,AMO Mobility Solutions Pvt. Ltd.,Manufacturer + Dealership / Franchise Network,2018,180,Sushant Kumar,"Founder, Managing Director & CEO"
e909318a-6b26-4da4-a189-c7e5e01c2226,120,Doctor Garage brand group (Kayra Automobiles-linked entity),Service Franchise - Multi-brand Two-Wheeler Workshops,2014,120,Brijesh Patel,Founder & Director
ad81abe8-369b-42cc-b233-fa5e90258116,50,Reliance Retail Ventures Ltd,Division of Public Company - Youth Fashion (Gen Z),2023,50,Akhilesh Prasad,CEO
98ecc642-3342-4704-bc19-7da7d34461df,400,Redtape Limited (Mirza International),Public Limited Company - Footwear & Apparel,1996,400,Rashid Ahmed Mirza,Chairman
290bec96-ad40-46e1-ad88-33c3cf6536b9,75,The Carriall Co.,Private - Luggage & Travel Accessories,2017,75,Nilesh Ahire,Founder & CEO
0ce95acf-1221-45aa-ae6a-d496a33d1fa8,100,Canary Apparels Pvt. Ltd.,Private Limited Company - Men's Ready-to-wear,2007,100,Naveen Kishore,Director
3d7a177b-20bf-4b7d-a8a1-7c3514daa4a5,250,Specsmakers Opticians Pvt Ltd,Private Limited Company - Eyewear & Opticians,2007,250,Pratik Shah,CEO
2155ba74-85c2-4123-9485-75b3c9e07def,150,Sia Art Jewellery Private Limited,Private Limited Company - Fashion Jewellery,1995,150,Vaghjibhai Chheda,Founder
a61d62b8-582d-4179-9603-789f0ee2bece,100,Royal Classic Group (RCG),Private Limited Company - Premium Men's Casual Wear,1991,100,R. Gopalakrishnan,Chairman
7cbee3c6-e9d5-40f1-9be2-ac2fe5053add,50,Silver Leaf Clothing Co,Proprietorship - Men's Fashion Retail,1999,50,Chintan Kishore Bhatia,Proprietor
ca257ac6-7d5b-4292-a6e1-9d71b5c73ada,50,Chhabra Triple Five Fashions Pvt. Ltd.,Private Limited Company - Indian Ethnic Wear,1954,50,Jagdeep Chhabra,Director
80126705-23b0-47c5-bf0b-bcce2bb4b417,200,Liverpool Jeans Inc.,Private - Premium Denim,2012,200,Ron Perilman,CEO
ae70ee5e-ea25-47b0-9b80-aba3400b5cd3,10,ISSD (as standalone private entity),Vocational training and skill-development institute,2024,10,Not Disclosed,Founder / Management
f648ef1c-c7c1-4d7f-b04a-91bf04a6718d,200,"Kumon Institute of Education, Japan",Coaching and Franchise - Math and Reading Enrichment,1958,200,Regional Directors,Management
319210e7-b5f8-45c0-a3d0-9e384b46c5ca,10,MSM Global Education and M Square Media group,Franchise - Student recruitment centres and platform,2024,10,Sanjay Laul,Founder
58b4e1a8-1418-4da0-a57e-23d285891faf,10,Independent entity,Franchise and Online-Offline Digital Marketing Training,2016,10,IIM and IIT Alumni,Faculty and Mentors
b9e6ee77-95a5-4782-819e-2e9f0e39a9db,100,IBT Institute Pvt Ltd,Coaching centre and Franchise model,2008,100,Founders and Directors,Management
7484b19e-814d-4ca1-bfab-c1050e50b712,75,SpellBee International Pvt Ltd,Franchise and Associate License-based English learning,2009,75,Founder and Management,Management
e0d7a709-6146-4915-83d7-1906b24f9ce6,10,EPOWERX Learning Technologies Pvt Ltd,Franchise and Online Hybrid upskilling center,2018,10,Co-founders,Management
605dc402-64b7-4ba9-9069-e705f4746b7c,20,Apponix Technologies Pvt. Ltd.,Franchise and Classroom plus Online Training Center,2013,20,Founders and Management Team,Leadership
3f8fddd3-f75d-4d55-8622-c998930adc92,750,Brain Checker Pvt. Ltd.,Franchise and Branch-Based Counselling & Assessment Services,2012,750,Dr. Ashwin Raje & Keya Raje,Co-Founders
be9dc891-8287-4cbd-9093-b658cae87d07,200,Munchbox Frozen Foods Pvt. Ltd.,Private Limited Company,2017,200,"Arun Suvarna, Pranshul Yadav",Founders
20eb604e-6144-4ec8-9dfc-e504cfc576ea,32,Pabrai's (K.N. & Co.),Partnership Firm,2008,32,"Kunal Pabrai, Nishant Pabrai, Anuvrat Pabrai",Partners & Chief Mentor
945cd8b9-47c7-4093-b0ea-4531c6ced200,50,Global Franchise Architects India Pvt. Ltd.,Private Limited Company,2005,50,Global Franchise Architects Leadership Team,Brand Owner & Operator
23483a03-aa1e-4e9e-862e-23a723901474,6,Rakshit Enterprises,Private Limited / Proprietorship,1970,6,Rakshit Enterprises,Proprietor - Multi-generational family business
70628840-212f-4377-8b18-8aa145bc292a,13,Dairy Don,Private Limited / Proprietorship (Yeola Family),1981,13,Raju Yeola,Current Proprietor
6855aba8-d2c9-4cd6-aa86-bed08d0acfc8,50,Michael's Icecream Burger,Private Limited / Proprietorship (Sequeira Hospitality and Services),2017,50,Varun Michael Sequeira,Founder & Owner
9bb91606-f058-4164-bcaa-87892da94227,51,Hindustan Unilever Limited,Private Limited Company (Subsidiary of HUL),2004,51,HUL Management,Management Team
5f399d54-407c-4b4a-98c7-aef9ad1600c6,100,Cocoberry Restaurants & Distributors Pvt. Ltd.,Private Limited Company,2009,100,Laksh Yadav,CEO
489d88bf-1f8d-4de9-b7f1-a863268d3126,1500,Gujarat Cooperative Milk Marketing Federation (GCMMF),Franchise / Cooperative Retail Model,1973,1500,Shamalbhai B. Patel; Jayen Mehta,Chairman; MD
f1ce23fc-d9bd-4514-83be-543b30357cb1,300,GIANIS Ice Cream Pvt. Ltd.,Franchised Retail - Ice Cream Parlor,1956,300,"Giani Gurcharan Singh, Gurbachan Singh, Taranjeet Singh",Founder; Second Gen; Third Gen
4af9efb4-507c-4d83-bac1-bfcb915174a4,75,Movable Feast Foods Private Limited,Private Limited Company,2020,75,"Sangram Patil, Nilesh Pasalkar, Savan Oswal",Founders
38561e9f-265f-4bd5-9e6f-4d4c001fab1e,70,Midway Cafe (American origin),Private Limited Company,2009,70,Founders: Not specified,Not specified
fb0b305f-4c8f-43af-acc7-5619797e05a7,9,Standalone brand founded by CA Samrat Shree Maheshwari,Hindu Undivided Family,2022,9,CA Samrat Shree Maheshwari & Shweta Maheshwari,Founders
fbb1242f-32be-4c01-b085-b98486a13802,4,,,2017,4,Manan Sharma,CEO
bb624860-ff6d-416a-bd40-2458aeefed6c,15,Bask Associates Private Limited,Private Limited Company,2022,15,"Sampath Samudrala, Sanjuwar Devalapally, Beena Sanjuwar, Seshaphani Samudrala",Founders
12c8ab8c-e4fd-4910-8bce-ef630b9e6491,35,JUST DOGS SPALONS PVT LTD,Private Limited Company,2011,35,"Poorvi Anthony, Ashish Anthony",Founders
64afff51-8b14-4193-a750-6c03763a23b4,50,Homevista Decor and Furnishings Pvt. Ltd.,Private Limited Company,2014,50,,
3431dd32-d63e-4fce-8a7b-488a02dadf73,104,Medkart Pharmacy Private Limited,Private Limited Company,2014,104,Ankur Agarwal,Founder & Director
c6444da3-7bf0-44e7-a219-85d4e84bded4,275,BlueStone Jewellery and Lifestyle Limited,Public Limited Company,2011,275,Gaurav Singh Kushwaha,Founder & CEO
b702b30c-ea16-4a5b-8d78-13f8c41c51d3,50,Livspace Pte. Ltd. (Singapore) - India operating entity: Livspace India Private Limited,Private Limited Company,2014,50,Anuj Srivastava & Ramakant Sharma,Founders
7d07fbd9-d1a5-4820-8ff8-c1120ea6ff06,50,Duckback India Limited,Public Limited Company,2014,50,Professional Management Team,Operations
0b66ede6-6a9d-4dc1-a71e-d4ac5db22f6f,30,1 marche llp,Private Limited Company,2015,30,Ashish Raval,Founder
606a879b-da69-4f28-bb62-7d6928c5bfda,500,Paragon Polymer Product Private Limited,Private Limited Company,1974,500,"P.V. Abraham, K.U. Thomas & K.U. Scaria",Co-founders
51de79ee-7094-4b9e-8fd8-36c14770b17d,40,Wurfel Kuche,Private Limited Company (German parent),2015,40,Naveen NJ,Co-founder
1fac6fce-3ca3-41c6-a470-541370486496,50,Kirana King India,Private Limited Company,2014,50,,
7ead3192-9970-4ca4-9492-1e653cba5c40,40,,Private Limited Company,2016,40,Kethu Ramasubbareddy,Director
b369aafb-788d-48c2-a292-1227e246c5e2,50,,Private Company - E-commerce Venture,2020,50,,
4aafb50c-8cb6-4610-9232-89902077d0a3,50,,Private IT Services Company,2006,50,John GS,Founder
30a2d954-c1e6-4ca8-8b82-c27241094307,5000,,Private Technology & E-Commerce Company,2016,5000,Entrepreneurship-focused founding team,Tech-enabled operation
490c8da9-056b-42c8-953b-790ae0d96980,100,,Private Limited Company,2016,100,"Chanchal Rai, Manish Sanatkumar Upadhyay, Rajesh Sanatkumar Upadhyay",Directors
e75e0dd4-68dc-4253-ba10-c66dbc68af66,150,,Private Limited Company,2017,150,Venkat Manik Reddy,Director and Founder
3ab4cfd1-65bf-4466-b000-fa986136cf8a,100,,Private Limited Company,1956,100,"Sagnik Banik, Jaydev Chatterjee, Vipul Kansal",Managing Director / Co-owner / Group Head
52e386d0-16ce-48fa-91c9-75e6dc633959,50,,Private Limited Company,2016,50,"Jyoti Kumari, Vinita Kumari Das",Directors
1ae94dc8-64ad-42e0-9650-72d9fe7e83c5,70,,,2015,,,
b1966850-3f94-4893-8f7e-c6d27ee51461,140,,,2022,,,
3fdfc493-e614-4001-b564-8169665b6043,7,,,2024,,,
7c3e49a3-81b4-48ae-b744-c00b8dc05568,,,,2025,,,
58e2d28f-d82e-4377-ae5d-34600e0382a9,,,,,,,
9dfffdd4-1e58-4269-9d0e-cf773083ffaf,35,,,2022,,,
b6cb22e1-d94a-4a31-a69c-d7cebd7e2da1,,,,2025,,,
b5e867d7-e04d-4974-b1dc-1e8d7a45c77f,,,,2025,,,
5d6e645a-ca76-4ed6-9c3a-65688ee1dd02,7,,,2025,,,
9aaac6a3-893d-407f-bc56-2440ef3e5e74,7,,,2025,,,
6efcf26f-b96d-467f-b08d-40957a446d85,,,,2025,,,
5aec5231-9a13-4ec6-b378-d5964efadc4a,,,,,,,
f8b3e14e-2a1b-4ca1-a862-ff8ba9e173ca,,,,,,,
2181d9cf-6d6b-4078-acee-317b4cc66ce9,7,,,2024,,,
42b424ae-4fe6-499f-8da7-eba2f6369b6b,7,,,2022,,,
c6e5a3dd-2b86-49aa-b104-e0a6873c8d0a,,,,,,,
d38aabdb-219c-4f57-a903-7cc8b78a3158,140,,,2013,,,
8d1f2c2b-4dd4-4959-8ec7-375edd59f999,7,,,2024,,,
a7eebaa7-a429-4489-b0f0-1f29b069af63,7,,,2024,,,
496ce3e5-cf47-4bf4-8874-b4572a97def5,7,,,2025,,,
a42c35fe-e9bd-42b0-8787-966596a54f97,35,,,2008,,,
5d130317-45b7-4caa-aa92-b38fabf64bd8,7,,,2019,,,
757661f5-15bb-4634-87a2-e83e5e4ac1be,,,,,,,
46bdfbfd-5076-4275-808a-0654c0f16d64,7,,,2021,,,
13b02d85-0b21-41df-a42b-a3e69627c361,7,,,2020,,,
685e5824-24fc-4845-b14b-c910e3724267,,,,,,,
c7b53088-088e-47c7-880c-33fff141f5cc,,,,,,,
0c1a24dd-8ba8-49c0-9201-209dcec335ff,450,,,1986,,,
513980c6-0171-4aff-a7f3-b55f1a3e291d,7,,,,,,
9ed14b2b-c050-40f4-a1be-9a0681fc1fcf,7,,,2022,,,
306adbb9-1cd9-4b86-a202-0cdd8351a725,725,,,,,,
ac9a69a5-6742-4c61-a0fc-357ffaacb990,,,,,,,
dea2856c-266c-404b-ba9a-660bf0018d47,7,,,2022,,,
6e7e1589-f738-4d22-98b1-15f122e473ce,35,,,2016,,,
1984c3e0-e84b-4f1b-9983-778f9dfd90fc,7,,,2018,,,
fa32c4a3-f72f-4edc-85d4-51bde717a0a9,,,,,,,
add4ca64-cde4-4c81-8e58-d521d898372b,,,,2015,,,
a39cf9a7-18eb-40d7-a536-ac1a43690702,,,,,,,
9c4c8994-4d2e-45ee-98ff-0dc08f89f6dc,,,,2019,,,
11ec541c-8d14-4ee5-ba4c-dabf82387746,,,,,,,
e82dbdfb-34d6-4427-99f1-7334e55a59eb,,,,2020,,,
4a4b2be6-742f-4690-bdb4-7f307761ef4c,,,,2019,,,
b30cf2fe-a449-40e7-9afa-3ce7a29cf2ec,,,,2021,,,
7a48f43c-7ccb-480c-8b26-77c5994cb82e,7,,,2022,,,
6e313ad1-9e12-4d70-853a-944f567a0acb,,,,2018,,,
3cac3d1d-27d2-4009-8a0f-9cd03a389407,7,,,2021,,,
0646a3ac-eaf3-406e-ac72-d59fddb63b78,,,,,,,
c4c6e592-e9bc-4518-b791-482f31803ead,,,,,,,
b99cc638-61d0-49c1-ba47-9fbd822a1ccf,,,,2022,,,
91dd4711-5e07-4a7e-8a75-d8384fc158b9,,,,,,,
3b4bb16e-1882-4bbf-b79f-0ffd13491af4,,,,2015,,,
5e12d3d4-5738-4955-94e3-03608f6a6ab8,35,,,2018,,,
3ae8b196-9e9d-443e-b1e5-df65526686e3,,,,2018,,,
146c0b9a-7f1a-4349-acbb-9e635b67f0ed,140,,,2012,,,
668b8c49-6dd3-4e0d-ab5a-1ae6a0e1829d,,,,,,,
f3a87cae-1f95-490d-9dbc-8f0759a06895,140,,,2020,,,
58e082bd-8ad9-4ee9-92ca-be29f3892f4b,265,,,,,,
5ac44d91-d7c0-4ddb-ba5c-e152d8954bf7,7,,,2019,,,
be84dd74-61cb-46bf-b3a8-953d79be7933,7,,,2022,,,
a1396a46-d38e-4e0b-877e-7e0fd55be66a,,,,,,,
368e80d9-3ba0-46d2-9979-67cbdb69ce6f,35,,,1994,,,
0db4c3ee-7282-42aa-be41-21732c3658b6,140,,,2010,,,
3f29e1a8-d818-4cc7-ae35-d92c4bcfa357,35,,,2015,,,
a5e859b4-6b8c-4036-b87b-04a4cb2b0181,70,,,,,,
49b564d1-e211-41fb-901b-bc102d9bea80,7,,,2017,,,
f75aaa41-acce-4021-99a0-070a49650240,,,,,,,
e2d6be80-968a-41d6-985c-3d1526410c64,7,,,2020,,,
4412b726-961e-4fd1-8338-a5b8552490bc,7,,,2021,,,
ffc26e8a-e1ca-436f-86c0-8947b436fd79,,,,,,,
7e6708bc-282e-4db5-b896-947f0d407cb2,35,,,2017,,,
63e8fcdd-17af-4413-8cd1-39e2012795b1,,,,,,,
b92f6992-01e1-4a17-ae71-059cf3c0f4c5,,,,,,,
9cb52bae-6893-483a-9614-22be48d7030a,,,,,,,
06b6e3d7-2a69-4879-8453-d20a2e06ac72,70,,,1991,,,
4dba6b15-ff3f-4c41-8b51-0946518c35ab,,,,,,,
1aee7828-e8ca-4951-b955-3d272a66dbc4,7,,,2016,,,
641d1345-19c9-4711-89e0-b9bd5db58643,7,,,2020,,,
e22fba63-c32b-4be4-8707-c42476609842,140,,,2009,,,
9d3c202d-9381-4147-92a2-c889ecd68121,7,,,2019,,,
f73cf74b-e2d3-469e-959f-52fc1a245bce,,,,,,,
2ab72a84-be1d-4f96-bfc6-cbf4113c345d,,,,,,,
f90c3450-c059-4971-afde-fa199ffc1790,,,,,,,
8ffc9f7a-c3a4-404a-8794-b81f3fa7176d,35,,,,,,
2bded616-68d1-448d-ae54-1bcf470b058f,,,,2000,,,
61a026f1-84fe-4e23-981c-dc964514ca67,7,,,2019,,,
d39d234b-6ab8-4219-809e-d08dcb0e0f25,140,,,2019,,,
5e827729-112a-49f4-8575-eb8cfc74b271,70,,,2017,,,
72e6add9-4743-4221-8a37-504502dbca6b,35,,,2017,,,
8bda802f-25a5-4d3b-a073-e775b8254f4d,,,,,,,
ad2f745b-ddda-4165-b428-6274b3a3294c,70,,,2005,,,
26e419c5-022d-401b-81b0-e1c58f24aa39,7,,,2018,,,
ee22ea13-04d5-4669-b113-1ee8a1c679f7,140,,,,,,
dbe4e874-1e0a-44f1-9c88-23243a97f81d,,,,2021,,,
7b1471a1-c276-4f1c-9750-efa7cf61e6f1,,,,,,,
285a8087-2909-4baa-b959-149231119cea,265,,,2013,,,
7d4c71df-a292-4891-88e5-5beda4329583,,,,,,,
c1719752-43d5-4d87-bc55-62bed966380d,265,,,2010,,,
757c944a-c4f9-4134-9add-083e6a6d56fd,,,,,,,
4e56972b-761c-4f40-9a9f-7f636ecd4200,,,,,,,
da3d6166-4173-4a53-99bd-458944546172,,,,,,,
33e33b88-95cc-4c7c-86f6-bb90ba44b957,,,,2017,,,
22315914-73c8-4e93-bffa-3e10e9040df0,,,,,,,
f14dff5b-0538-465c-bc0c-d69cd2276f8e,265,,,2017,,,
75039b3b-5884-4db7-802a-1aaa9e74a3ec,7,,,2018,,,
6e8ec2e7-0bdf-4dcd-a470-1796fecfca0e,,,,,,,
a98ca601-52f4-442e-88f0-472b1708df1d,7,,,2020,,,
eeb9d325-2e52-4a03-94b8-9a670ad67ec2,,,,2019,,,
2341d0f7-22a2-42e5-9bff-ec9b7adfb974,,,,,,,
9972b15c-9e05-4cc9-b316-2f83608ae522,140,,,2019,,,
06150d99-d60c-4ac0-8c8f-85c06d1db882,7,,,2022,,,
076f9595-f226-4efe-addd-f5ed721a824d,,,,,,,
aed4ba4a-1cd7-40f2-a2f3-9e984cfa41a7,,,,2022,,,
775e0274-77e9-4ad4-8bfb-c06aa4769738,7,,,2020,,,
8f1e19a6-2f62-4caf-9650-4515099fd387,35,,,2021,,,
aa385e8a-8282-4a6b-ba9e-0f4687c5521b,7,,,2019,,,
6bedb6b8-7dce-47de-b44e-d8e064f19564,7,,,2017,,,
4de1a6a0-2773-413e-8c96-0f0b26d0c816,7,,,2019,,,
6f207baf-467a-4bc9-9d03-bde54065a98c,35,,,2010,,,
f499f3af-585e-42f3-8e89-14cdcc13fd6b,7,,,2020,,,
09b8df2f-b30f-498f-b8f6-92d468d6540b,,,,2019,,,
674336f4-d914-409b-a647-fb25d34bf997,7,,,2024,,,
e31242a1-2af2-4f86-9d6c-d03bf00a4344,,,,,,,
3c04ecc6-758e-4309-9772-ea49ae30fc60,70,,,2017,,,
82f31048-406f-4d7f-a046-99ec10729294,7,,,2023,,,
7e62eaf4-e82d-4412-8156-99b31f23d11a,,,,,,,
6e904355-935b-417a-afc4-1c1ee02f6c6e,140,,,1986,,,
fa9766ba-6af1-4fe6-9226-2e0127fed0dd,7,,,2022,,,
a2806baa-5276-4330-88f9-157074983c9e,,,,2025,,,
ca92bdd1-644b-4fc3-b09c-96bb1b3a73f8,265,,,1996,,,
4a8e40e2-1a1a-4772-91db-67b726796311,35,,,2006,,,
0998e044-04d4-450d-84a4-ee3c9202c54a,,,,2023,,,
2c933293-67d1-4607-942f-368e051b750f,,,,2025,,,
e99d0859-5f5c-44b7-ac06-667d0a2369b9,7,,,2024,,,
218c53f0-6e82-4f96-99ff-3c2eb52272e3,7,,,2023,,,
1e28de06-db80-4a2c-aaa8-030a7d216912,70,,,2022,,,
f343d665-d06c-4faa-8187-ad6e20892009,,,,2022,,,
4f2a1151-2589-40f8-af5b-e54701367688,7,,,2023,,,
5daa71f2-08a5-43cc-89e1-635c356945e4,,,,2023,,,
ba806bbb-f5c0-4134-ab42-4c8563b70467,,,,2025,,,
66e3a60e-b5dc-4f9c-b0df-26bd3798f3c6,7,,,2024,,,
4005711e-07a2-45cc-8977-01fb3982dfef,265,,,2017,,,
c589e3a2-f85f-4f10-b8e3-7046fa1cc8a7,140,,,2022,,,
a0a00897-4556-4e9f-b321-063241732b52,7,,,2023,,,
a6bad5c6-1430-47a0-a43d-c2476108cd24,7,,,2022,,,
9e2822ea-83fc-4841-9333-0250b98b5eb1,7,,,2022,,,
b062b012-f72d-44bb-ad21-d0a179942482,,,,2022,,,
d0ba7ddc-8dad-46b9-879f-1b41cf94484a,7,,,2019,,,
aa9824ad-16d7-4803-ab6c-5fb84749e960,,,,2024,,,
4d7c5f23-550b-4ec4-8bd9-e08d5c620d6d,7,,,2023,,,
4d6bbe5d-c539-4253-8e3d-f9d65f2d9cf8,,,,2021,,,
f4cbd01c-5086-423e-a1f6-435dcf73faee,,,,2023,,,
c5aeca23-f605-4353-9da3-4553879fe767,7,,,2018,,,
c9b0683f-b9b0-4990-b9a5-cc0aac1a7339,7,,,2023,,,
820ee065-bd1e-4f26-bfab-9921c1de5e27,7,,,2020,,,
601c379d-c035-4344-8031-fd154696ae58,7,,,2024,,,
98ead1d7-7791-4749-b637-de01bcbd79fc,,,,2025,,,
264da3ef-6936-4ac7-aedd-dca2124bfaf7,140,,,1995,,,
2420d57d-00d0-4bc8-83d3-b2630b0d89ce,7,,,2018,,,
55023b30-eb85-4665-b9de-42e3ddab86a5,7,,,2021,,,
2d447f80-94eb-4f41-be62-efca2c638f4a,,,,2025,,,
ef06aa17-c296-4e34-a384-11667b67f20e,7,,,2021,,,
2e99317e-e0e2-439e-baaa-a784c7cdab64,140,,,2016,,,
13404652-c573-42cc-8743-5681bd8a8e75,265,,,2006,,,
cd8b6b50-a004-4dca-a897-8355845accd9,7,,,2018,,,
5b2a4879-83f2-436a-a059-88ad61a67d8d,7,,,2018,,,
4769715b-b180-412d-b45e-e1c0d158ccb0,450,,,2025,,,
1535d502-0469-4daf-a1d8-160a9bfc25c7,7,,,2006,,,
800ad2a4-73cd-485e-bf95-2811be10c209,35,,,2022,,,
6da0ba7a-7efe-47d8-bb98-631999ec0ed8,,,,2020,,,
008ba9a0-3420-4c4f-b94b-e98ccfb92464,140,,,2022,,,
d22f48ae-d7d8-4a74-ac06-5288a1002b49,7,,,2014,,,
342e1393-9b22-4e47-902d-b1ffda543e2b,265,,,2008,,,
00b912c4-79de-48fc-b9ea-339afe2dc898,7,,,2024,,,
414fa8f9-2e34-476a-9214-30c75939ffd9,,,,2022,,,
9fefdd2b-67cf-4faf-8cf3-3595045d42b5,,,,2024,,,
625a2450-a4cc-4dd6-a70f-1700e69cebd9,7,,,2021,,,
9842fd12-0947-4aca-b1db-27fd59293d46,,,,2019,,,
330fae5f-bfe7-4d56-8b99-be93053b076b,140,,,2015,,,
5a16267a-c6bc-48d0-b614-591fe851f2b5,35,,,2015,,,
d4374ab7-d8cb-40c2-8b18-c303f7ac7180,,,,2023,,,
78eab194-5c79-41ce-a88e-e2c78a25da83,140,,,2023,,,
ddf3c380-a91b-442d-a8dc-c864a9531881,7,,,2023,,,
8a562cfa-8df8-4ede-b1b0-177474181def,140,,,2000,,,
3944e6f4-71a2-427f-9ee9-be9123b4c786,,,,2021,,,
893f2e52-6cf6-47d5-b5fe-6b7010a3584c,,,,2024,,,
34e45798-1a82-46a3-83f9-fd150db9bcc6,7,,,2024,,,
1d19375e-a663-4e80-9c08-e2ef1f81c4e1,35,,,2025,,,
694d4780-aba1-4cdd-97f9-b121ed7ddf5b,35,,,2021,,,
18754059-b1a2-4fe8-82e6-f03b0ab69e27,7,,,2022,,,
e865848c-9184-4d77-9bd7-d79c7f2ea048,,,,2024,,,
39cc140a-77e5-4be0-b048-fa76b5e1855f,,,,2021,,,
1c4932cd-f7cb-470c-9e7a-08490ea8b5fc,,,,2023,,,
9fb067d6-2c0b-4f3d-bfda-12def1739c65,,,,2022,,,
b7d417e3-d9a7-4353-b135-fb87ea2e6ba9,7,,,2025,,,
4d20c862-1540-4355-9d20-1ebac8013e9b,450,,,2019,,,
a4abc633-5db8-434e-af7d-f0736c5c64b4,140,,,2012,,,
c856bdc2-0ee2-4ead-9cf8-d21a9e1de6ab,,,,,,,
c1f34d4c-b778-404c-bb6e-f592a1010d35,,,,2022,,,
94f3cf5e-21a0-4e8e-bb8d-fc53ec0e8b05,7,,,2023,,,
a1b5ecef-aa15-47c8-8bb3-b82f668853f3,7,,,2023,,,
94dc5440-bcaa-4091-b89d-edeb843b81ba,7,,,2020,,,
45ee5a61-50be-4fe5-9195-206454f97d63,7,,,2024,,,
fb65cb62-e1a1-438c-8b02-358f665dc97b,35,,,2001,,,
83b62c7c-0856-4a09-91fa-bb84d254aef6,7,,,2023,,,
5bf287bf-8e22-4973-81fd-087eba58d107,,,,2021,,,
0634f940-c410-4e7e-b782-33b36cd85016,7,,,2012,,,
b09c44a2-eff0-4e76-b866-23cd2d603b28,,,,2025,,,
e3219215-b16e-40bf-8d28-da6f983ddbee,,,,,,,
99bcfc5c-fc74-43ef-a781-d4b7b80621f9,35,,,2016,,,
696b600b-1a53-4d5c-8b40-c414f6f63822,7,,,2021,,,
8cacf5c0-7d8c-4939-a921-8ae84b7c9fc0,,,,2020,,,
0b8a832b-c846-438d-8c85-ecdd14b47e70,,,,2023,,,
8cc7a8ba-a597-4267-93a8-196fb0748a7b,,,,2018,,,
1f695f57-2a49-4cfb-9613-1d75681279b0,,,,2018,,,
79850dd5-7469-4271-992c-007ecc84f780,,,,,,,
484b23d2-ebc1-4024-b15e-74f3b40aa0b5,140,,,2017,,,
432cc984-b6b7-444e-bb01-ceaa6b127dc3,7,,,2025,,,
adab9208-83b4-47b4-9add-d80e5fd238df,,,,2022,,,
8cec93d5-2b49-4943-b804-edef46fd206a,,,,2022,,,
fcd94702-e2d2-4b7d-b303-16a6e17dbe5c,7,,,2024,,,
c56a2d53-aae5-4fdd-b0e4-590658870784,140,,,2021,,,
2d37c50d-03c4-4bdf-a509-902324703f8f,,,,2022,,,
55a40515-546a-40d5-8a18-036e2fbe6d71,,,,2025,,,
46822ec5-1afb-4114-9ee0-0a879a9665f3,,,,2023,,,
d3764418-be6a-48a9-94f8-58c2599902aa,,,,2025,,,
35d74cb5-6f4d-47a1-b7cb-e64871ca6483,7,,,2017,,,
1671c4ed-f7ec-4e4b-acf0-4e1dcf4e596c,,,,2025,,,
3ab9243a-b512-4d3a-9dca-f953a1e2064f,,,,2021,,,
2fa4c9cd-0570-4ba7-bd12-c313c3f0d8b3,70,,,2021,,,
04542e80-079f-463b-9835-97dbb107a7b4,,,,2020,,,
827b9974-d6b6-4096-80b7-e898017716d4,7,,,2023,,,
98af5eba-81d0-4930-b244-78116bc9d58f,,,,2020,,,
deb62d1a-f254-4b4d-9593-73d5b3832db7,,,,2015,,,
7428c776-358e-4787-9829-b8cc9e4b7126,7,,,2017,,,
c7ceb344-9595-4ea2-b038-7a71e114ad1a,,,,2025,,,
6b7f4ad0-a9e2-4f37-aec3-facc2ef1145f,7,,,2024,,,
3a5877c3-557e-4d75-a756-174a9a66b8e2,,,,2022,,,
75189098-ba4c-413b-ae22-5e0a3332c6ac,7,,,2021,,,
787e1c6a-fb32-4095-a173-bfda4d878a96,,,,2020,,,
b5551c45-e898-47e0-83b3-83f96a758429,,,,2018,,,
ff84be6f-0771-4f78-9b71-bdbf63105d11,,,,,,,
310d9593-7c6e-49e9-ac6e-9f4824ada61c,,,,,,,
95de03be-5dbc-43de-a311-9ed42af8a4c6,,,,,,,
15a3cb19-8311-4fa8-84c5-e2207e6d33c9,,,,,,,
4a3b6bf8-d8b4-49fe-a60f-0ae23e36a8ec,35,,,2012,,,
35d5a1e7-d23f-4f41-ac28-539eab08edd5,,,,2018,,,
3023d59a-e807-4d3a-a1fc-9d9874fb3215,7,,,2022,,,
b0f7ad2a-2c61-42eb-bf72-baf645bff511,,,,,,,
3221ccbc-1849-42a9-b8fe-8d3313babe97,7,,,2017,,,
040a1432-17bb-42fa-9ecb-673282b15c4c,,,,2024,,,
771d2a5d-5151-4c3f-befd-76e56857984f,,,,,,,
a2c17f36-adb3-4f26-9e9f-f6a2627bb6dd,,,,2019,,,
503883eb-5c43-428a-9348-9eed53859846,,,,,,,
f1edcc42-3ff1-48dc-b6a6-99c1616c2997,,,,,,,
e4bae633-39ff-4cd8-b8ea-26077a2db752,,,,,,,
9a7b315e-beb7-4795-9e56-a1b7f19db1c7,,,,,,,
8d8d949c-a701-42ac-8573-3617f14e0852,70,,,2022,,,
a513b4c8-e901-465f-9198-97d52faa34e5,7,,,2018,,,
92dcb815-2d93-4dd3-a85e-46501758305f,,,,,,,
bb08b236-af2d-4612-a11e-a8a64a36c39e,7,,,2023,,,
a8a20ea4-3f80-4e4e-b66a-184d6e257a88,7,,,2017,,,
4e2b2530-6b03-4032-b411-6ba5a15b600d,7,,,2024,,,
d30ae99d-70b7-4006-a5f5-d02dbf98f3a9,,,,,,,
44e8467f-5d2f-472c-9b4f-fdad2091d184,35,,,2018,,,
bcc2bbf0-b9fe-41bd-a542-ca9f054f1565,7,,,2018,,,
64cf482c-03ba-453f-bf15-cd93d190caa3,,,,2018,,,
02cc76b8-6ded-4adf-b7e0-1accb3d5745c,70,,,2015,,,
b6e03c18-20c0-4df0-b2b3-b3b79b13138f,,,,2021,,,
7ad3286a-da8f-4733-af3e-a1de1114b4fc,35,,,2020,,,
7f0f595b-7de0-4760-920f-599597a8e46b,35,,,2018,,,
0335f94e-e7d7-4286-9e96-868b4c23f5a4,,,,,,,
6773423b-3f97-4397-a456-32429a487a05,70,,,2019,,,
1e7705f4-553c-4840-8c6e-df4eec68c672,7,,,2021,,,
07ed38e4-1c11-482e-b87f-450eac2220ef,,,,,,,
2b10c003-c411-4e06-a6c1-79db4f64e32f,,,,2020,,,
4a852805-31ce-496e-a56e-b92f906073ce,7,,,2019,,,
7dea93be-a751-4e47-907e-7ad1dd3a2b6e,,,,,,,
8d90ae53-65ea-47cc-a2f4-9fa050a655c2,140,,,2019,,,
9662b822-a1e1-4e3d-8620-b4fbf57e6a8d,,,,,,,
315a65db-7960-4b2b-a4a0-b25b8dc037e6,7,,,2018,,,
cd2a82b0-bfc9-4fc7-8e5c-950a095bb9fc,7,,,2017,,,
bccbf5c6-0926-45ff-b070-7cc5e65e73e7,,,,,,,
c7778f21-59da-4ea2-839a-77caf091aae2,,,,,,,
478399b2-0287-483c-b17e-e8a9f2f70a29,,,,,,,
d1fbdbec-34d6-42d8-b51a-3c1a2ffd584e,7,,,2025,,,
fd2629ea-c741-4b33-a69b-aef07e670903,,,,2020,,,
e266460e-a2c7-41ea-be2f-0b6aace2ec69,,,,2019,,,
11ad18b9-143b-49c4-9624-2fdbf76d1c40,,,,,,,
71f6195f-ac09-4c0c-a5bd-c7be755a1f2f,10,,2021,,,,
fde2dcc0-7582-4561-9456-5ae9dbfb0c0d,,,,,,,
015b3f47-0e58-47f1-88eb-a903f65d2101,,,2018,,,,
f78833ae-2a43-49ba-bc0c-92fdd07c7ea7,,,,,,,
3bb8eca8-3b09-44f2-ab24-de7feff114cc,,,,,,,
f038391c-0c0a-4123-b8e7-ff207b9741c6,,,2020,,,,
bebe2af1-cd00-48b4-9918-d6e3f05ef6df,,,,,,,
d2111d1b-5b38-4541-8d3f-c567dce471e0,,,,,,,
275cd8e3-5aab-49f4-823e-3e15a719c6f4,,,,,,,
d873f4e4-bb7d-4ee3-8f54-1a002615d867,,,,,,,
82f990e6-2bf0-455f-ab91-bad7e7a8f854,,,,,,,
373894c9-839f-448d-ab10-5e1efeb4157b,,,,,,,
48318eba-0a7c-491b-878e-2b28748d0429,44105,,2019,,,,
350b97e7-d10c-4b4a-b0f4-c4b28c62d9f2,10,,,,,,
e820a79b-dbe8-4359-a5b6-54b8beb38772,10,,,,,,
26076fab-59a0-48cb-8cf4-17ed641a2a60,,,,,,,
94ce4100-e6b9-40e6-a0e5-ac58962f95f4,10,,,,,,
a91633e8-b0df-4f96-99a1-232552314e9a,20,,2017,,,,
4093a4de-6509-4dd9-af6c-d88f17c95254,,,,,,,
7a69cdba-6e83-426b-bae8-7f387c4d89b3,,,,,,,
74ebe46b-235e-401f-9692-f43a7c0592c7,,,,,,,
0fd52b16-97e7-475f-90ae-f571e405c12a,,,,,,,
53de2c7c-5ad9-4829-8265-be4a76c0451e,,,,,,,
45e8b53f-3f13-4a2b-810b-50f9a08593c7,10,,2001,,,,
e945d803-56bd-4d4b-b21b-0587db1912f1,,,,,,,
05a39773-1b84-487b-88fa-cd3127904579,10,,2007,,,,
dde3cc73-fd18-4c7e-bbf8-479304bc1354,,,,,,,
fa6a1a27-422a-4da4-a922-a0da7ca6983a,,,,,,,
cef52ad3-6966-49d8-9c8a-b4bd8589eca5,10,,2012,,,,
7e7b5238-3eb4-442b-8ddc-307ff7f19e1e,,,,,,,
e5e31845-6b2c-4060-94bd-3670c3154f2a,,,,,,,
1c95bd9a-349e-41e9-b32d-08bf63beb1b0,,,2017,,,,
c0aef157-a058-48df-9ba7-6d70f368d351,10,,2010,,,,
63feb1b5-d575-4adb-adef-bdd31f2e418b,,,,,,,
1f06acd8-b20f-435d-97c2-990f72393150,10,,2007,,,,
2e78155d-8dcf-4650-8c3d-e2724f3fea6c,10,,2016,,,,
25650b79-c040-49fd-98b2-391b8442fc8e,,,,,,,
6024fecb-aed9-451e-8407-67d11770c8e4,,,,,,,
fd0f9b80-fcba-40db-a7be-c85ad0bdd8a0,10,,2012,,,,
2e941ab3-dc46-4236-a598-6c64fffbabd8,,,2008,,,,
baf1810c-dbc5-4bbe-a171-3d4b24b9fbd5,,,,,,,
c1b954bf-053b-4089-be77-5cda5d5c8997,20,,2008,,,,
1b74f0e9-3dcf-43bd-8397-2531885e1c72,10,,2014,,,,
6f584474-07dc-4c68-8226-bbe67138a72e,,,,,,,
256703ae-e88f-4bf8-86e4-cf14edb67482,500,,2016,,,,
249ffac4-e452-4679-b850-34700a2fb0e7,,,,,,,
e75fe283-5177-4563-89b9-a10e6f9dd4e3,,,2019,,,,
ef77c9ce-eafe-4b59-83ec-4b4b7a0f24bf,,,,,,,
45e4f353-50b6-4173-ae88-85eab50b0631,300,,,,,,
71d9f328-1702-4137-bab1-b433a492a397,,,2016,,,,
4a7addb5-7977-4dad-a3ed-92e4c8eeef9a,,,2018,,,,
ab3880d6-1df0-40f6-8692-b7939d80e4ff,,,,,,,
34c48882-5b3e-49a2-aeac-a5596faa9c19,,,,,,,
07606452-4433-4923-b636-9e5cd40b7de1,300,,2003,,,,
3b76cd73-3d8b-4a14-b539-ecfdc06ffb57,,,,,,,
11eafc51-8472-4758-a56f-ccc1e41db5ff,40,,2021,,,,
3931f540-d4c6-455f-b377-2e966d2e9993,80,,2021,,,,
a35bd4ab-3a8f-46b1-be4a-1ba699e05e67,,,,,,,
a86312e5-88cd-41a0-9086-acd895ad9b2d,,,,,,,
cf61aff1-c65d-41a7-9d5e-69ca574f697c,,,2019,,,,
7259cde1-3778-442f-a7c9-765b4b8fa8c4,,,,,,,
dcbbaaf8-6cef-48cc-bfe9-a253a004c436,,,,,,,
463ae953-7c0a-4803-bcd2-f4430483bb6b,10,,2021,,,,
c03a705a-035d-4c77-b40f-be223819793d,,,,,,,
402a2292-093a-4f1c-86b3-bc7f2d324883,160,,1990,,,,
a0110ad0-5c90-43fb-b6b7-d4ee8cb693be,,,,,,,
ad20f59c-0352-44f6-ab87-7d80c556c51c,,,,,,,
681a8cfa-4c1a-49ec-bb30-14921a432df1,,,,,,,
3c73fdab-9275-4a49-baea-05ba0ce0cf7f,,,,,,,
bca12a6b-47b3-4bfc-ae13-097fc9dcf143,,,,,,,
2a05a41c-4416-456f-a9f6-c94f3ac5253a,,,2017,,,,
827cd566-9fd4-4265-bb11-e09e03977b51,,,1997,,,,
9c4f605c-9437-4845-83d0-19fd75814897,20,,2018,,,,
2f4a2c93-8028-43da-84a1-c2e568af6041,10,,,,,,
0a7c6185-8191-4f5f-8aa5-5b675574df90,,,2019,,,,
b490f502-1cd6-4b1e-b114-9a73412982ae,,,2025,,,,
9ea78094-31c2-4334-8c66-29687df50951,10,,2013,,,,
82fe6a24-acf8-4d38-9bcb-d88df758e7c0,,,2021,,,,
c41848d2-dccc-4d67-904d-b5508a388758,10,,2021,,,,
fc3d97c2-1474-4c17-9b6d-e8a71c52715b,10,,2021,,,,
d4531b51-87f4-4d4f-8392-3343a0b48db1,,,,,,,
ae26143d-8810-459c-90c8-3f9f4c64f945,,,,,,,
46e62930-5c95-4853-9903-cce9ebe1b086,10,,2011,,,,
44657985-d233-4828-b347-bcbc81d62392,,,,,,,
7e0944cb-68b7-4cb3-9325-12c0470a05be,,,,,,,
cf7a0d77-d1b4-48b3-9cb6-7e8d7a33ccf9,20,,1956,,,,
12769daf-e295-4f17-af12-4c5f1bcc34a4,80,,2012,,,,
a24db8b2-3197-4d8e-9a3e-88858a31b221,,,,,,,
6995d391-ecc3-4863-8f4e-3021b83778a0,,,2007,,,,
dc17cb49-7061-4259-9d26-79e841cf298f,,,2021,,,,
c08ff6d3-39e3-4146-b367-823ac380de1d,10,,2013,,,,
aea32a29-bb76-4077-ad5b-9acd85fe3a88,,,,,,,
45a8a2ad-2468-409d-b36a-7d70901facfe,10,,2018,,,,
e6415fa6-ceb1-4fa8-b83f-457ece90f78c,10,,2014,,,,
3c6573cd-4fd2-4e5f-8d10-9b7632e343ed,,,,,,,
7fb85e07-8097-4872-b448-a058e234426f,,,,,,,
420a3a46-bfd0-4994-a4fd-9d611283ede3,10,,2018,,,,
bf57cb9c-5284-4cf0-a08b-59bdd2ff93d2,10,,2013,,,,
180ebb72-d210-459e-adbb-c3e8d3f2b8aa,,,,,,,
2d2cf383-0e69-4ac7-a726-df6f0d9c464b,160,,1999,,,,
d3349661-d13b-4a99-a9e3-71cba1c812a9,80,,2010,,,,
ddca0128-cd0d-4332-8788-1de38da33510,10,,2017,,,,
02a60b08-6ae0-4605-9a2d-22f812a4679e,44105,,2016,,,,
ce60854c-60a2-4ae8-8cc8-3e988cd8c2df,,,,,,,
3aae618c-c41a-4731-99c3-c3b4998b5a1b,10,,2018,,,,
85426e64-56ce-491b-a6fd-741068326be4,,,,,,,
eaeb80da-6f49-44d3-b2c4-e06dd167e7c8,44105,,2019,,,,
93a76473-ecf0-4699-9a9d-985bd8457c21,10,,2020,,,,
6aad3bad-d1dd-42dc-a500-4abfd92fda7f,10,,2025,,,,
8da2878d-d832-471a-abe7-348845ebb003,10,,2020,,,,
e5c67f39-7556-4d9e-a573-22d48e8391e7,160,,1999,,,,
59c00e5d-601f-4f76-9d42-bd6958ca34d7,10,,2022,,,,
0a456384-13fd-4cca-9798-20fb032eb87f,1200,,2019,,,,
e20834c9-e741-419f-96cd-6ac80ffcc83a,,,,,,,
de07bbb2-42af-4110-951f-b4ac55f5ae5f,10,,2019,,,,
57a22f6d-c6a6-4bcd-a6c1-308721c82f98,,,,,,,
0378f21c-1c97-43b5-ad16-b62df158316d,20,,2021,,,,
b807484b-a02f-43bf-aa91-b5af589b212b,,,2018,,,,
e7aeefcf-b980-4005-8e7f-2d250f192bb0,,,2010,,,,
ff185750-5c38-4ff9-a8bc-5301818b2998,,,,,,,
f9755e48-a37b-48e7-8883-1530901c6a04,800,,2002,,,,
48b855e5-a720-45f5-a28d-916f4546153a,,,,,,,
85e72f15-376e-4c87-9323-a426a37415c2,,,2002,,,,
2ff2a4e4-42d6-468c-bcb7-ad85b9fef196,,,,,,,
32967e49-ea36-4330-be71-c13b3a04f7b4,,,,,,,
7f400865-b848-474a-9125-f44cdb2e4c8d,80,,2019,,,,
edb9a3c6-8809-47ac-8878-ecaa4d18ee11,160,,1996,,,,
516d5682-4886-44b9-ba4f-090865d0c2ec,10,,2018,,,,
8afb65fb-723d-46e4-a473-fbc96d2e0ce4,10,,2011,,,,
b93b1c83-37a5-4c73-a858-9f07baf5b45c,10,,2018,,,,
6611cd70-02d8-474e-878e-d4041600d751,,,,,,,
90d91bdd-79c4-4ea3-a405-c3ffc3022483,80,,2020,,,,
310bccc0-5fb9-4201-980f-8b86e3080cdf,,,,,,,
8191b650-cc7a-4f71-ae23-d6a5c0c98f17,,,2021,,,,
5a9e321a-7dd8-4269-b420-6a038a9a9f01,,,2019,,,,
e71b1cca-2eb9-446d-b6ab-4fa2b8f859b9,,,,,,,
afbeb041-f341-4681-ae78-b66086c5c4a1,40,,,,,,
c03be570-2a6b-434e-953b-febf86ff9595,44105,,2014,,,,
10ab899b-eb21-46af-b676-537c2f624d1b,,,2018,,,,
340e5952-38cb-495a-8feb-a2afc79aecd6,,,,,,,
3198b4d7-f72a-47d1-801b-dd2f92629705,10,,2019,,,,
e1bc1eb4-41bb-47fc-8fda-a25b51f3501e,,,,,,,
b7b029d8-b555-4726-8953-a0ad422871fb,,,2017,,,,
b66e92d7-65cb-4795-baa8-3c889cdaa688,44105,,2019,,,,
0c4d7978-5e80-43fc-af78-c95ccd4db1ca,40,,2019,,,,
6b34fe74-dd14-4bd0-a204-ff457a1c9dff,,,,,,,
83bb192d-616b-403b-bc6c-8a288177e51a,,,,,,,
57301679-b8ca-4b40-b1e7-19b2ad58e86d,,,,,,,
50ce8d4c-69bf-4da8-b1f5-37581773f541,,,2015,,,,
68fffadb-c144-4da7-b2f5-5e5705e8a736,,,,,,,
8fb9f63a-6d0c-4bfa-8044-5056fad83bef,,,2009,,,,
8a818cfb-aedd-4c92-b96c-2dee6139dc7d,,,,,,,
ded2cb3a-9f18-4102-bff0-d3872f5de5f5,,,,,,,
731b407c-3cfe-44c3-a63e-002ead4ecd18,,,,,,,
e34c45d5-9602-47d1-a2d3-bcf7b6c86019,,,,,,,
0a8bf278-9103-4330-8293-877e82fc176f,800,,2021,,,,
9864c045-7b29-4e45-9969-c6818e40384a,,,,,,,
b8ff148a-6d6e-43c9-8285-8285f7c806a2,,,,,,,
434a501e-e78b-48f1-829c-fc47eecf8a47,,,,,,,
6b8a898d-8b0a-4976-8573-80ec147600e9,,,,,,,
221a1912-c124-4805-b007-9dc0a229bb71,44105,,2024,,,,
c907ac8e-b198-41e0-8c4a-1c973dcdc6d2,,,2008,,,,
170bdc18-09db-4852-bd4e-70efc54bf9c9,,,,,,,
4aac140d-d1e6-4803-9077-6ca81e8bc5b0,,,2011,,,,
3f16105d-4043-4379-95fe-ee86e88bc3a6,,,,,,,
2a259fbe-693d-4f73-906c-43f3fbb4ba75,10,,2023,,,,
4952b811-04be-4765-8b35-6a41e6d5c682,44105,,2015,,,,
7dac77dd-aec7-4dea-9eee-f6cf4d67d3e3,10,,2020,,,,
b81515a7-2ce4-49d0-83e2-69737a92dabe,,,,,,,
137c38ca-a226-4fa8-8c0c-08e3b018a736,,,2025,,,,
bb54cfd0-6c5a-45d1-b56a-7559e23878a5,10,,2016,,,,
e4de6201-4144-4067-bd19-d926915c08d7,,,,,,,
d68af2bd-c63c-4502-aefc-80058beafa9e,10,,2019,,,,
7e8ee441-69d0-45af-a65a-d3bd9273e22d,,,,,,,
f614f690-4f8c-4386-beca-52ade7d0b047,10,,2017,,,,
ab820b6a-1cc6-4760-9a3d-36917d4012fa,,,,,,,
5aa69bf2-d6cd-4518-a0ce-d3c1834825cc,10,,2024,,,,
2991c5f6-f474-4fbe-b3e9-2bccfa7527c3,10,,2021,,,,
11e33255-5e28-42ce-9ac7-da91eb2c9a2c,80,,2017,,,,
69d3937f-a68c-4d96-9540-b9619e632ef9,,,,,,,
45818ba0-6b85-4515-b1e0-39d895c29c52,80,,,,,,
6c2a3ad2-a7b4-4c88-8fdd-dea147cb325d,,,,,,,
760181b5-e9ec-4052-8af9-2349a8cd3508,,,,,,,
b896e385-cc29-4816-ace2-2f9e1a86f72e,80,,2010,,,,
9e5a3db0-5494-4d44-8004-df7da99a126b,,,2018,,,,
cbeacc69-4ee4-46d2-8266-b590e488a2f4,,,,,,,
194b3ced-6ec0-4cad-b0c2-b0cfa5cf6a35,,,,,,,
32b9bd0a-ff5a-49a0-8310-9519590a27ab,,,2018,,,,
1e0a6632-d200-4de5-9b7b-59e814a41265,,,,,,,
306c8472-0862-47ee-b2c9-f3774f8fbb06,,,,,,,
51d87a50-924f-4509-9584-6e379968ebd6,,,,,,,
86f4fdac-9b46-4c56-a89d-7c78892bcd8d,,,,,,,
72135422-e990-45a3-8a49-0fac35ff1a28,,,,,,,
046a66ab-ba50-4f51-be64-96806f54cc64,80,,2014,,,,
17e51f9a-75a4-40b4-a728-b9060afdd354,,,2010,,,,
4517b1e4-8d24-40c0-a3b7-8597ea0d252f,,,,,,,
1cd9ce2e-2372-45eb-a4ba-d436c1631f1b,10,,2010,,,,
70ce4875-f712-4831-ae17-9a69cc78c14e,,,,,,,
93c41510-9412-4045-95a7-d75fffd4838d,,,,,,,
e0a08cb2-4293-4893-8226-52061624a165,,,,,,,
82e7875d-11f2-4aa1-9fae-ec0698672254,20,,2019,,,,
4f278ed6-879a-4a21-b9d6-644141725fed,10,,,,,,
3b7ac4a4-c1d7-465a-9a6f-90ca374e6c78,10,,,,,,
363a7990-10f2-412d-9248-696caed0b26b,,,,,,,
f6c7c6cb-3c41-4e39-9c73-810869d865b0,,,,,,,
666bff0f-590b-472e-bf53-4083cf4ecf87,,,,,,,
ff23195c-8892-4f46-8bdd-e486bfff44d8,,,,,,,
d700241a-110e-46e7-8e94-c911a0f390d0,,,,,,,
253ebbc3-e9cd-4eea-ae34-5bff8664bdba,,,,,,,
532283fb-8dcf-4669-af3a-08fedb48d97a,,,2014,,,,
46b47999-8892-436a-ba7d-836d4b1d2a65,,,,,,,
05162bae-1ed7-4f52-bcfb-d23ff865984d,10,,2022,,,,
521b4bab-cdd2-4f68-a7b6-bfcf0b77f93c,,,,,,,
3f9016b1-3fb5-416d-aa5c-17d815b05ccc,10,,,,,,
db5d198c-55e3-4de6-9330-d63063b737ce,,,,,,,
39e6dba7-33ae-446c-bce5-d56c741a644c,,,,,,,
115b5702-6036-46a8-99e3-1737c480e826,,,2019,,,,
5a0fc421-9c8e-4c36-9a25-2263e2cd8a70,,,,,,,
af6cd677-a7ac-4d37-96b7-826828162f0a,,,,,,,
8085a97f-136f-461d-8b00-4930751c8438,,,,,,,
dff44139-a2f6-4f01-9972-efcc3f4953a2,,,,,,,
54061748-f9b2-4868-986f-028c7a12c47d,,,,,,,
f7108edd-2246-478e-a305-83838055aa0a,300,,2018,,,,
0979da3a-0aa4-4ce6-bb94-9b6f94290e5e,,,,,,,
28796ba6-95cf-41d8-8ec2-5fcf40a91c4e,10,,2015,,,,
e0b3eb60-b34e-459b-9fae-d8630edccce8,10,,2021,,,,
7228105e-54cb-4648-95d3-79f73816d40c,10,,1990,,,,
fe0071d2-51dc-4607-8373-eeb6f68ce331,,,2015,,,,
ab11fb35-6e8b-48ba-bf68-dc23b8752241,,,,,,,
4ef7dc56-bd65-41ef-9715-aedb5dd27219,,,2010,,,,
b7a6bdfc-65d5-445d-9913-0f83957f07d4,10,,2018,,,,
a7564972-ba87-4877-9d41-acb9fefbf59f,,,2018,,,,
ea981fdf-df69-44f2-af94-bb35a9e2cb33,44105,,,,,,
bbe64b17-8009-4b07-892f-2af3e28aad47,,,2000,,,,
978351eb-89a2-4dfc-ad74-bd1699ec46b7,,,,,,,
b20186a5-4fef-440f-bdda-660c53e16f98,,,2018,,,,
8466be1a-e05a-4c1e-96f7-450c9001c887,,,,,,,
a3ef0e9b-6339-44d6-b6c7-a3222094ced0,,,,,,,
5e04cec3-5a19-4ddb-af8e-a90c246aaf27,,,,,250,50000,100000
9bb9cce1-d65e-4bd7-bce2-b1b21bb51b0f,,,,,,,
4ba91102-d423-45df-b13c-fd4df7c33829,,,,,,,
60f44cc4-08c5-4cbe-aa90-22cfb4585fa3,,,,,,,
d20d8d09-a8b1-4d6f-8276-e6dccc6f4021,,,,,,,
0f7b1dfb-6465-41c9-b4ce-658e128d0be9,,,,,,,
2ce9a821-2d18-48a7-ad48-1fba7446679d,,,,,,,
0735dcf7-560e-4e4c-be0b-99260c6b837d,,,2020,,,,
5429b3df-c460-40b1-8e80-3f1bea1c4027,,,,,,,
8209c7db-865c-4547-a936-649b5e83dc74,44105,,2014,,,,
2ff3fd75-7495-4ceb-8d6b-28714be2fff1,10,,2015,,,,
03e02fb4-1324-4763-a897-e2bf20edce2c,10,,2014,,,,
85bf50d5-dc03-4987-95df-50fb792fee54,10,,2017,,,,
8eb5ced2-32bd-4428-bff4-29ab24d95ad2,10,,2018,,,,
ce2a68f4-57b1-4ff4-b31c-05938d8f01a3,,,,,,,
d4adabd2-b442-4ebd-abc5-4b10a1388102,10,,2019,,,,
d9deab20-efd6-48be-a4ce-708e5e1766ad,10,,2019,,,,
b466d81d-d2b0-4677-85cb-eb41d868a83e,10,,2014,,,,
60cb572b-5a35-4ad3-b0ad-5b5c4f51db07,44105,,2016,,,,
6570f205-769a-42a4-9405-c152f91daa21,,,,,,,
43d91885-2c72-4a14-a254-d9bd2a1c3ed8,,,,,,,
079cf232-9439-4e89-b7ee-041c8baeadb3,,,,,,,
b78080f7-dde9-4574-b648-1a609e970d95,10,,2020,,,,
87701d6c-5411-4c7e-99e9-11db4365994f,,,,,,,
0e26981a-16a1-4b60-ae67-9543698094e4,,,,,,,
9a6c34b5-618e-4b98-bc73-9876d2715e20,,,,,,,
acdb02c5-26e7-44cf-903f-41a01657ddc8,,,2018,,,,
7c35b13e-30a4-4bbe-95c2-5e29f9d43007,10,,,,,,
b2b26974-08ba-4f2e-a8db-cbc8ad427b56,,,2021,,,,
d0185006-308f-4230-b277-5163994b21b9,500,,1993,,,,
f3d056fe-3dcf-4900-8b0d-e1e48e511006,,,,,,,
50fec8b8-de5a-4200-9a92-1504d8666ff7,,,,,,,
0b57e0d9-9c0f-4a4b-9bbe-a7dd9061169e,,,2017,,,,
67cc4f72-864a-4546-bca0-26c059d599e2,10,,2019,,,,
827f5666-6390-4a13-a7a7-10a7a9e9bf45,20,,1996,,,,
7c655177-15a8-4253-82e2-dc63adbdeafc,,,,,,,
2b57b0a1-697a-47ea-89f2-c5c2c85bb857,10,,,,,,
5c49a719-f799-497f-8dd9-090efd13293a,10,,2017,,,,
a0818c59-871e-452d-803d-c9db419d787a,10,,2019,,,,
c1c344a2-4a6f-4a70-b8e8-e625c9804290,,,,,,,
1af1894d-ea36-40ac-ba09-4c1413d512ee,10,,2010,,,,
ccd436a0-361d-4b4e-aada-60509a1ba37e,20,,,,,,
0e0db7b8-cf82-464b-b17d-38486fffeb9f,,,,,,,
6e5d76be-5e43-4f9e-90f6-1d0e9e1378d2,,,,,,,
6bdb5682-1e3c-4a08-8231-e274d8c1a09a,10,,2019,,,,
7c2f27ec-99a4-485a-be91-4c21eb6b3c9f,10,,2016,,,,
4ba5d991-c496-4148-b2f0-132a388b73a2,10,,2016,,,,
224b6540-8354-4b66-85b0-a0962e37552a,44105,,2014,,,,
3ebbb001-6012-491b-a5ed-70d70630f6b0,,,2012,,,,
b02a946b-b745-4f35-96a1-74024cf4517e,10,,1993,,,,
e0d3eb63-7c6f-40a8-a12f-63bb5760e275,,,1996,,,,
33b7f7ef-89fb-49c9-8ff4-a32feace1091,,,2018,,,,
a80682e6-d08c-48cf-b7b2-82be44078f87,10,,,,,,
ead88274-6424-46d8-a89a-aa00b8584f6f,,,,,,,
824f7e72-9f24-4eed-aa45-d656d5f02746,44105,,2015,,,,
68a19a1e-e65f-4fa7-9ac1-9bb9a66d845b,,,,,,,
c9461fb7-ac64-4a22-8de8-3d141b74537a,,,,,,,
c6a79817-386d-4eee-a084-9d61a183331d,,,,,,,
c9da01b3-437a-47b5-92c9-f648bb2cdaff,44105,,2017,,,,
77caeba5-0140-4eee-b942-1154c669b302,,,,,,,
9963891b-7e13-48da-9138-7cf5370d3d11,,,,,,,
9f18037c-2aa3-424f-b862-9e79a0136409,40,,2024,,,,
1deba592-75e5-4411-a7a3-5df7de05beff,,,,,,,
3738b8e5-0327-4e08-970a-a8ebb13d0b95,40,,2015,,,,
43d5b306-789c-4b36-9145-61725240276d,,,2016,,,,
bf8ba409-81bb-45f3-8252-c04a9a69845e,,,,,,,
843f3313-41e9-4ec0-903d-82839b73f768,,,,,,,
ca0c790e-ae8e-488d-8cc1-a88cd7c2ddb8,80,,2018,,,,
eee8ad08-d821-4ac9-aa6a-0ba08e1a3331,,,,,,,
4f7ccb80-7613-4b64-adba-acf8694b4d5a,,,,,,,
779036c2-a48e-4430-b23a-0667e3a7ffd4,,,,,,,
7bf6ec9d-ce35-43c5-8ffa-8b38ed1410d7,,,,,,,
1e0bdbb7-2ca9-43e5-9e42-e8d77ea6057b,10,,2014,,,,
c7172c79-f07c-41f1-86c1-9256446edeaf,,,,,,,
a66e1e0b-cac4-4ead-aefa-026905f18a8d,44105,,,,,,
d280fb07-6309-4d6e-8a25-4f433c657c0d,,,,,,,
54e14ae3-231e-4473-84cd-055c480829e3,10,,2017,,,,
f291d674-8696-4984-94cc-2d8b20fd4fea,10,,2008,,,,
32f85360-10ad-4389-94c4-b2585c6c8cea,,,,,,,
7adfbdbc-7665-453f-94e2-c62b73c18cf1,,,2018,,,,
9a5dc1b7-5cc4-49ee-bf19-aeda9bab2ae9,44105,,2017,,,,
9a03d1d5-de16-4f14-98a9-2d05a0e153aa,10,,2019,,,,
99b6bb30-cd16-4faa-80b3-df2f4fc9b363,,,,,,,
3539cf99-9046-4f19-a0e0-bc47ca9c03d9,,,,,,,
24bd542b-ec90-491e-bb51-a44914bb4b3e,,,,,,,
2d8691e7-0edc-43eb-9983-73ad09c1afc3,20,,2018,,,,
3591da6f-7c53-454b-b7fa-07f3c9ac2d05,,,,,,,
bcc586e2-34a2-4e5e-9f74-d40560632f55,,,,,,,
2349df98-d721-406c-b93c-f0adfc79b0a4,,,,,,,
83ebf55f-996f-44de-bef7-5b72815675a0,,,,,,,
0edb2d29-3692-478b-a111-6c5bb222d2fa,10,,,,,,
5622c818-c25c-474a-a68c-afd069ebd2e6,44105,,2016,,,,
f7dffa56-a84a-4920-81bd-21e9172cf89d,,,,,,,
2d582261-0355-447e-8327-50aaf584dded,20,,2015,,,,
a7c79923-4ad4-4a62-9ea4-6969760a3937,,,,,,,
60cee225-80bc-476a-9199-2717f362c3c7,,,2020,,,,
cf7c4c0b-ee87-4101-aea6-2bef09a1c3b0,10,,2016,,,,
7fafafd9-1f00-4da8-8b47-8eba02f32b44,40,,2014,,,,
8af2a221-7511-4215-bb5b-04728be3be51,,,,,,,
fcfe5396-2d0e-479e-b493-a2f0a33e0247,,,,,,,
de0c7987-a5f1-4174-9cd4-7ceeafeb1489,,,,,,,
921b4ea2-6d8b-411f-a585-c33ad621a339,,,2018,,,,
abcf3077-e95b-4c99-a66e-274cd479f409,10,,2015,,,,
676542ca-ef0f-4f78-96d9-5b374e6aceec,10,,2022,,,,
7b2a4825-f584-44ee-a508-79e7b5abca5c,10,,1993,,,,
95aee600-0241-4108-acfb-bb4c8e7eaba6,44105,,1978,,,,
394e0365-8448-451c-b6ab-745e676f6fac,10,,2010,,,,
b0e973ca-f196-4128-9325-c25d152c7637,,,,,,,
ee25041e-9e48-4336-9e01-674bda8a31a7,10,,2005,,,,
2145428c-aeeb-4a85-9811-f410442816e8,,,2021,,,,
7bac3e25-40d9-41b6-91bf-ea65abc9717e,10,,2020,,,,
b567b9d0-4d97-411c-8545-d582874065bd,,,,,,,
814a612a-6158-4fae-be89-222018f0e090,44105,,2005,,,,
caad0948-0e6d-4407-9dc6-dea7c0457a4c,,,,,,,
d02b084a-6a52-49fe-8d64-4def09ed7472,,,,,,,
782e3994-d28a-4704-83ed-9c8f95f61ea5,10,,2014,,,,
65ff230f-e589-43c2-8c64-ed8a1d638ee4,80,,1933,,,,
d3142241-3944-4f0b-b190-e9a51a42a785,40,,2009,,,,
4053ff81-ad00-4cdb-824b-b8e44abfd1fc,,,,,,,
90271c05-0d22-4ce8-a24c-38192b8f698f,,,,,,,
58054735-cd16-4c32-9322-2c1a53d85a84,10,,1996,,,,
050e8d07-cb8d-49ee-8029-ba69b5828858,20,,2011,,,,
b34f96af-904c-41f6-ad36-d04357339430,80,,2011,,,,
129eec35-610a-46e9-a246-344a796947eb,10,,2009,,,,
364a9c37-3765-4e39-a5e9-8203c2d1c0f5,44105,,2022,,,,
a111f3fd-8e32-4124-99a1-4f9fe5237c34,,,,,,,
86acb9b3-81c1-4e0c-9115-d284045254ba,10,,2020,,,,
24a8a9a5-f3fb-42f3-80c4-1b6e0f427ea8,44105,,2015,,,,
0844fed1-bb49-4aca-8a29-afde6919cef0,10,,2016,,,,
e3323346-4803-4340-b9ad-78152847e630,,,,,,,
749ecfda-4849-457b-b481-728774130ba6,10,,2010,,,,
cae0145c-b5db-4934-afaa-05bf72f35b60,,,,,,,
f154ff1d-e9ed-4cb5-9a5a-46ba4bc4ed43,,,,,,,
1fe643d6-d66c-44d8-ac9c-004ae9247b6e,,,,,,,
160c394d-06de-4481-b49c-60fccfe7f650,,,2015,,,,
85185d3f-69c8-4b7a-99ab-4fab240aee7b,,,,,,,
50980caa-03d2-456a-a2d4-9d2b8bf65a62,,,,,,,
2b32ed25-3109-4c79-bf34-f221a9eac582,160,,2008,,,,
5fad3028-2310-453b-8c19-ce6775f23c05,10,,2020,,,,
951cc471-6d88-4b6c-8a93-2fe7846b70f0,10,,2013,,,,
dd3d703a-3b2c-4d57-b348-e895b21752e9,20,,2018,,,,
f3a93951-5c80-47e3-8e2f-8b00092c30af,,,,,,,
90ea8618-ceab-4793-8dd1-462eb52ade0c,,,2018,,,,
e17a240d-eec1-42b0-97aa-2694be25627d,,,2025,,,,
981f77a7-4c84-4f67-9f30-688bc67fd2ba,,,,,,,
054262c1-4e0e-4d26-875c-29a5d07bf244,,,2005,,,,
c29a1e91-ae02-47c0-bbab-0f739d9a1eab,,,,,,,
4561c522-6ec1-4785-84ea-e3ce31f99a6b,44105,,2024,,,,
a4042fdf-704c-4dc5-bd9a-d951024c2dc8,10,,2009,,,,
3e01a677-1167-44c8-85aa-29c0fd73ac43,10,,,,,,
9a6ffe7c-daab-4e5b-9549-e8d71e5c6fc0,10,,2017,,,,
f178233d-3364-416b-bb7c-941ed4a24276,44105,,2020,,,,
bd280c25-17d8-4d0b-92f5-fb6485534aa5,,,,,,,
6c8ab1a6-d595-40c3-b18d-c7db01a70a3d,,,,,,,
f725610b-45c3-478a-94f3-48e366acaadb,,,2022,,,,
56d7d4cb-50b0-4cb5-b53f-3436eae5aefd,10,,2019,,,,
d6b4b438-18db-42bc-a7e3-8cf2dba5eb88,10,,2016,,,,
38c234fc-7b6e-44ff-befa-495ada6db4bf,10,,2021,,,,
7cc73890-b426-4c12-86f9-1d5316168d5a,,,,,,,
0ff63814-dac0-4bb7-bc8b-9e04ed8ade12,,,,,,,
432cd287-63bc-4d74-abaa-a9ba0ca95d70,,,,,,,
8e644323-0356-4db4-b87b-060ee75d58e7,,,,,,,
64b235e9-9faf-4f82-a321-c7608f654447,,,1995,,,,
dedb296a-f064-4418-aa37-0893c5ba1b00,,,,,,,
10f49ef7-a567-4bbf-9a02-c9275afc01eb,,,2020,,,,
a1493b5e-0543-4452-9067-7c5f7b754c44,500,,,,,,
6a9c0ba7-43e9-431e-9938-0a621b01313d,10,,2021,,,,
59dc22f8-6053-4e48-8d1a-27fcf91afdae,44105,,2019,,,,
fe93d460-6134-4985-ac4d-9665ca06fb10,,,2019,250,500,1,50000
2c5e32be-f9f9-4329-b3c2-a3b09eebe2b8,,,2016,,,,
e7d18d1f-fe73-4333-842c-7baf64fa8627,,,2007,,,,
347c9cd3-9b11-49be-93f8-098d0e2f2a53,,,2020,,,,
461c9191-2310-4c0d-96ca-7f8e10a1aa7e,,,,,,,
2061b839-e810-4ecc-9b15-86a97286d7a2,,,,,,,
08ba0ca2-781f-4c42-8aa1-64396ada6fca,,,,,,,
6b95311a-4ff4-490c-b9d5-16744bb967dc,,,2017,,,,
e1ed6ecc-1aba-40fc-a2df-86facd23e5e6,,,1969,,,,
2638b80b-5734-464a-bafe-fe2bfd2bd365,300,,2015,,,,
a658677b-1db9-4aa6-8436-7f0b14d30e61,,,2018,,,,
6e0255bf-313e-4d55-a8f1-4d3bef72e9cb,44105,,2025,,,,
1d34102a-aab4-4a45-b78a-7d4225ae27be,10,,2016,,,,
bea46b79-4244-4576-85e4-528ac556136b,10,,,,,,
8d7cffb9-1d5d-471e-9af9-e3f0a99bb369,10,,2010,,,,
72ee4dd0-0ecf-483c-9a06-78f73c613de2,,,,,,,
26b22c13-1e0a-4ba6-9be2-e66f13efa503,10,,2015,,,,
f668fec4-839b-427e-b59d-33d21fba5dc6,10,,2018,,,,
a0ba16d3-d191-47b4-a6c8-fe2d38623b8c,44105,,,,,,
e6c8cc8a-a1a3-494f-ad5e-58bbbcc820b2,,,,,,,
e4087fad-a30f-4b77-b103-34fad162a057,10,,1992,,,,
045fc82d-9a9a-4c27-8d45-0ca81f079da5,10,,2020,,,,
d4a98fa0-392a-4d1a-a604-8d6b7192d0fc,,,2021,,,,
7458e7b0-d0ef-4b53-a5e4-86841a6f2cb8,20,,2019,,,,
f820283f-e6d8-4a5a-a986-8137c8b312c6,,,,,,,
d1064201-71bd-4e54-8900-e6cf6f3dd68b,,,2014,,,,
7eb7d756-6cb1-477f-8fc8-49359f771bd3,,,,,,,
e46f16cd-b422-4b25-ac13-3b1cb3a29296,40,,2014,,,,
16f64bb0-ea2d-4edc-a301-70f1bc51f9ed,20,,2017,,,,
a0922ba5-811a-4855-a870-b6bab5684f21,,,,,,,
e6d04fb6-613a-49c5-b20b-ede8c3baee19,,,,,,,
72eda969-4808-4bb9-9ccb-785c512eee76,,,,,,,
b06bd829-35a8-4121-b74b-170a39864283,40,,2019,,,,
d6173ec1-3dcf-4962-a6e0-2c6c79370ed5,,,2014,,,,
6e4f3c73-100c-49f2-9ef4-8858818369e7,,,,,,,
3f2ff01b-88cd-4e37-9bd0-e7900b29b5c8,,,,,,,
2d022420-9eb4-423c-a6c4-df5355bb43e4,,,,,,,
2cc76e7e-b669-45e4-966b-fdedcc772ed8,10,,2017,,,,
9742f0bd-b0d5-4e91-ad1b-8522deda6a59,44105,,2020,,,,
17ac703a-d391-41fb-a5d2-8666fcb2ec5e,20,,2017,,,,
60960714-3df7-4f6e-98e6-3055c41b5634,,,,,,,
b926cd1b-f306-40f3-a71c-92ea1f06e2b8,10,,,,,,
7eeb92a1-3692-48ea-bf58-340be1553c51,10,,2008,,,,
94e65573-1d37-4660-9e0d-1ea45c5f5c34,10,,2020,,,,
ffa32c4f-d2e7-4b1f-81a0-f71bcb86dc13,10,,2020,,,,
cebdacba-a001-455e-9cf3-c3db13b973f2,,,,,,,
bc8f7b64-0b52-47f2-ae70-e9500d56cb14,,,2020,,,,
4e7d7c98-27ca-4843-a64a-7552343b1082,,,2013,,,,
6ba3ac88-a86e-4c68-9f77-fe851c74a98b,10,,2017,,,,
1b7d54c3-76b9-4693-a87a-fb1a93b4c19b,,,,,,,
55e89094-73b0-434a-a046-5ed6ec5b1e52,10,,,,,,
eca665f2-eeed-4848-aed0-15dc5893d228,44105,,2023,,,,
a4f4f6bf-37e4-4a9f-b398-cd279ca3eb20,,,,,,,
e6c1734f-0826-4a99-bd22-bdae98dd5721,,,,,,,
fdb3eb13-4c01-4e83-b659-d8901fb4de44,,,2023,,,,
73228236-aaf9-4143-91e0-15f22840f626,,,,,,,
b1bb8354-7ce1-430d-9cff-7740280bb255,,,,,,,
fcac8467-32d5-49e2-a8eb-c118a3c47f1d,10,,,,,,
bf7a3031-c070-4537-97b1-83adb7c3f505,,,2017,,,,
3892f768-bcff-4b6b-bf0f-3bfeb2aeb499,,,,,,,
bd165746-2a70-4c31-993b-63ac8927f4f6,,,,,,,
500d8df9-2fdd-46ef-a75d-a8264eeecfd9,44105,,2016,,,,
e839ecd7-d52a-470b-baea-fedbc7e71438,,,,,,,
45837384-1b00-461d-a7ed-b2b0b7781841,,,,,,,
2dcd2e69-70ad-457c-be3d-820eb2bc1c0c,,,,,,,
bd3636b6-8560-4572-8921-adddb68bff2a,20,,2012,,,,
886fe24d-396c-4a99-8f81-1900b9efe2d8,20,,2011,,,,
f0c09f55-f5ac-46c5-ba87-c2c231baf367,,,,,,,
e883cda9-c882-4e7e-852d-fba25e12764c,10,,2015,,,,
1aecef0c-0b8b-46e2-a157-eccece743a5f,,,,,,,
35e5e296-0392-4bc2-aca2-47a2eb6c35e0,,,,,,,
996969a8-22ac-4795-aed3-a058926f49fc,,,2018,,,,
981bf2e4-4714-45c1-a4f0-665271b2daa6,10,,2020,,,,
d95ec232-3c8a-4bb6-8cb7-992297a908eb,10,,2011,,,,
e8431ffe-3863-4c93-a4e5-951e1a675546,44105,,2019,,,,
f43a6308-5709-4c9b-aa64-32861944d7c9,,,2025,,,,
30739584-1518-4916-988b-fa89dd220234,,,,,,,
5a599044-0f58-4a8b-962c-16e05b2d0622,10,,2019,,,,
eccf5479-9385-4679-bf7a-4cc553121456,40,,2019,,,,
02c77067-17f8-490f-ad17-e658f2f5ecc4,40,,2015,,,,
c3b5b7bd-9591-4480-b521-3666c95ff7dc,10,,2020,,,,
f2a2b9bb-4317-419c-a106-15199a84a23a,,,,,,,
e778a0a5-3e05-4ba3-8ddf-b624b9eaa9ed,,,,,,,
778eacfb-906c-4a42-8eb1-6a5d539ff432,,,,,,,
13309060-695a-4c9f-bbec-ae1e2e4bc4aa,10,,,,,,
d925ea02-7824-48f4-97de-f1ee745fab39,,,2019,,,,
1f5ac31b-5e68-482b-8624-ef1775a11669,,,,,,,
91faea8d-9ad6-4bd6-a681-70b8ba57b687,,,2019,,,,
7104ca13-8df2-497a-b093-ee776a45531a,,,,,,,
24541fb3-eaee-4470-a3bf-a0d610865046,10,,,,,,
ba8bb647-2cd8-4336-80f8-29a6682f87c7,10,,2018,,,,
ced65b8c-c850-4f20-ab68-d831dcb06fcb,,,,,,,
4207f5f4-b250-4ead-a4d2-87d27db5153f,80,,2008,,,,
bf5e3473-532b-4f63-8583-c9a049432263,,,2023,,,,
3b4ac612-d24a-4dc1-b6bb-5aaaa9a875b3,,,,,,,
1bb424e6-e019-467b-9fe9-cf0dc64f79b2,10,,2020,,,,
c6b85ebb-3ad4-407f-b0f8-b75e5a5632aa,,,,,,,
9797ad60-71cb-4f0e-ae3f-2d4da3fd881f,,,2017,,,,
3ed727e3-e1a3-4a06-99c5-341c5eaf603e,20,,2012,,,,
c3ee863e-00ac-4cad-9b65-061ba7502ff2,44105,,2017,,,,
3ee51a2c-5744-46fc-b920-342b30f39e66,,,,,,,
9f259518-35d4-45ee-8cf7-0095cd24a0e4,,,,,,,
4a1a48ee-7f85-4425-91c1-08af0dd8d3cc,,,,,,,
a58b091d-98a5-4260-8078-6b69cecab27c,10,,2019,,,,
6a60aa87-b1e2-4e11-a5d1-568b19e960f5,10,,2022,,,,
3b9d9bba-8648-4f5f-be39-e4795732abf0,,,2018,,,,
730327a4-9a4d-40d7-b7b8-c3077d687d25,,,,,,,
0cfa78f4-90af-43b2-895a-5abbbd572a9d,,,,,,,
39e489a8-34d1-470f-a28c-9dc1e1f3a907,,,,,,,
fb539ef5-7d90-427c-a96b-edcfac8c79a9,10,,2015,,,,
f660f8c6-ed13-4486-a4af-a5900ef36674,,,,,,,
60b7501e-082d-4d6e-bce2-c21757234c86,10,,2015,,,,
b69a271a-5d67-4545-8340-aa6844cd6726,10,,2019,,,,
7d479437-409e-4412-8a1b-7e5ad286230d,10,,2021,,,,
3306c63d-f636-45c5-b840-177344e7022f,10,,2018,,,,
ef648f27-78e2-45e8-ba05-38188b432dd4,10,,2020,,,,
5b8aec9b-7bbc-4f7d-8717-dd83ae049a4a,160,,2019,,,,
37c99183-eb89-44ef-b759-088353862c94,20,,2022,,,,
6d226566-941c-428d-8566-35e3edef768f,44105,,2025,,,,
bf4350e5-d4ef-4e08-80e0-67470a980fbb,,,,,,,
84478b87-61ff-462f-80ed-1d24f365235c,44105,,2025,,,,
a5bb1863-17db-4b81-a666-57a2fa57c465,,,,,,,
13a8d0e6-0b0c-4f7e-bb32-940525b0b137,,,,,,,
5299aff9-d50f-4e66-9368-7f9a529614c2,10,,,,,,
554842d5-b84f-40a3-80c3-bba68ba85882,10,,,,,,
3340b4b3-4006-46cf-a73c-a206c22013f5,20,,2014,,,,
c3fbfdb9-d456-476e-8103-635267013a79,10,,2022,,250,200000,500000
38cfecbc-d5ea-4222-ba5d-26861732227d,,,,,,,
f6528159-3139-477c-bcec-516d82e7a7f8,,,,,,,
a4a6990a-b71f-4e8f-90a1-f3e027c69b53,20,,2016,,,,
e257c222-0560-42cb-bbb3-01ae997855c3,10,,2021,,,,
b57863e6-e68c-478d-ac62-4dae9e4c97fc,,,,,,,
6431df57-0fc6-42c6-b35a-1f37b80a378f,,,,,,,
ef44bd85-d9fa-42b3-99ce-7c25add12ac3,,,,,,,
1ce268d7-d0b6-41f6-93cb-48cd6ba8a483,44105,,2024,,,,
ea475651-f19c-4ac1-a4ed-6ef3a6781101,,,1997,,,,
4a3b6658-fe14-43d3-889e-16dfd85b12a9,,,,,,,
6fbb7607-2cb6-400b-8c45-a0d01c8168fd,,,,,,,
381018fd-88d6-4cd7-8bd9-f3290e8962c4,10,,2021,,,,
fa7027f0-79a1-455f-acbc-012648eeb197,10,,2014,,,,
5cda6d4a-9834-4b47-a260-5a434de68d09,10,,2021,,,,
2550ca97-e976-48a0-8898-8cfd13be8223,10,,2023,,,,
37340f08-64a8-4097-a348-1fc05f39bc13,10,,2021,,,,
6119f43e-da65-4454-ab0f-50f4e166d07d,40,,1957,,,,
cc976ff3-2c69-4d1d-b10f-2eb5ae1dd9d9,,,,,,,
4bab8310-0ce4-4fdf-b22f-085f9cc11f94,80,,,,,,
dd3d90b9-b81b-43d1-86c7-e084cef02fbe,500,,2012,,,,
871c7162-5311-4666-a606-4ba2aac6a56c,10,,2023,,,,
35ce7565-d048-47f3-8d38-69fbaea5f7eb,,,,,,,
fc0731c2-731c-417b-994f-e1f20b72369a,,,2018,,,,
6a86b856-304e-4c17-a610-640952c5ee84,,,2019,,,,
deaeefc6-ad43-48ab-9111-a6ef304b76f7,44105,,2025,,,,
836eb45e-07ba-4f17-8b72-624baee7704c,,,2023,,,,
8e77c5e6-3b0a-4550-9175-fac9e9419599,,,2010,,,,
15eef942-14e6-4c74-b607-7ef7dc019d4f,10,,,,,,
1b7b41b0-2be4-4fe0-ab45-f4b12f8d64d3,,,,,,,
9ea152f9-aef4-4572-8c26-e1350281321d,10,,2016,,,,
0c91367a-72d6-44ca-b642-6a2d5ed7f26a,,,,,,,
43452846-6403-4958-a8fa-8e994d9b061b,,,,,,,
7198d174-93b7-41f3-a31b-519b81ffb933,10,,2002,,,,
5c76524e-4c77-4421-ba96-50b40437cd48,10,,2002,,,,
522519ce-c2f7-473a-a019-c027aaf46799,,,,,,,
a0b8b341-6068-4329-9b86-3bf07ab3e08b,10,,,,,,
fa9bfeec-73b8-4280-909b-4384b4f6aabc,10,,2020,,,,
49bb9f93-ac75-4ee5-bb8a-0f6adf739a56,,,,,,,
04d6c8c0-2d15-4b0e-9eb7-00d2324e2c3e,10,,2015,,,,
ff7e8c17-513e-49c3-ba74-ff9a8c9e17df,300,,2010,,,,
702243a4-cdb5-4015-bce2-a258e2f06c5a,10,,2019,,,,
a325b4ab-0342-44c7-9c5a-1e0ae2d933dd,,,,,,,
dbb6eccd-8bf1-4ae5-a305-cd598fe2320c,10,,2017,,,,
f1b1041f-17a2-4dfc-9f0b-9f4c67dd4899,,,,,,,
d4f4a3be-af8a-4aca-b09f-189a7d4c908d,,,2020,,,,
3cf2041e-3e3f-4fcd-aa66-5c45150e1096,44105,,2023,,,,
1407f19f-10b9-4286-88fd-5e3043fb354e,,,2018,,,,
fee27409-2d90-41aa-89f8-41d3c0afc898,,,,,,,
6624c09a-e9ba-498c-a412-ead643b0d247,,,,,,,
e05bc406-74d8-4da6-ba04-9526f4c5e007,10,,2022,,,,
d6f0753a-de3e-44aa-acc3-faf9f712916a,10,,2021,,,,
5bb3277f-c83f-4c4d-9873-9bc4e397c92d,10,,2011,,,,
6d47f589-b038-40ab-8c98-3870ec78fcfb,,,,,,,
bc8ba744-8ff0-4bd6-abb6-0fec085bbadf,44105,,2018,,,,
8ae848e6-4294-49e6-8765-876f9c58b954,,,,,,,
96a5ebc3-ab2c-49b3-b6cf-d5a966222b61,,,,,,,
921958bd-64ba-4401-975d-a44a431c5d4c,,,,,,,
f287b623-0af2-40a8-ae84-b003791e97e2,,,2017,,,,
9784ba53-e6af-451f-9a15-8517f49291f1,,,,,,,
054785bf-0d6f-4642-993e-56f587d8d386,,,,,,,
bf6a9f3e-8747-4bab-8f49-a9f48276581a,44105,,2019,,,,
1b0e24d9-5d9c-4b1c-b46e-37dfbea99501,10,,2013,,,,
1614310e-cdaa-4d6f-bfee-900c14be81e8,40,,2022,,,,
503359de-1ce0-4c72-9d99-72f75374260c,40,,2021,,,,
6f715258-1d6d-4e46-a034-4338a31063ee,,,,,,,
151e4f6d-4aba-49e8-8916-8e77cdb49147,80,,2024,,,,
1d6d474a-1ab8-4939-964e-c6f9ff49abfa,,,2016,,,,
2bdbbc17-c188-4004-829b-79341341c59e,20,,2018,,,,
853583c0-41ea-41d0-b3cb-ef198c777bb8,,,2023,,,,
20f083d2-2782-4871-a25a-946cf88ddd33,10,,2006,,,,
2298cc1e-2b63-455b-b789-6c60d1e345b7,10,,2011,,,,
520bf9ec-b228-41e4-aafb-0adadd0394ac,,,,,,,
2d356a17-edba-4e32-8396-2c3becb6a00a,800,,2005,,,,
7dcd9e48-3204-4bab-ae41-1cacba8b7647,10,,2020,,,,
4ca097dc-9178-483e-bdc7-65237837b628,,,1996,,,,
5d7fd8fe-902a-4ea4-889c-652a6b59da51,20,,2013,,,,
d8a80546-8cfe-4f3c-837c-e4391749a944,,,,,,,
ec052a1c-9e6d-4615-9dbd-040538792acf,,,,,,,
a1981a32-2f3c-43e0-9e02-2954ee829f31,,,,,,,
0ebf2e77-b8c3-4998-93d9-1959db65dec0,,,2016,,,,
0836d83f-d84d-4ccd-a9d8-6e7b5244bfc8,160,,2019,,,,
4063095c-fe3a-4258-966d-9504fe7e0881,10,,2019,,,,
60076103-8da8-4c1b-a351-168a82a166c2,10,,2022,,,,
b13eff05-1a8f-43d5-a34e-0db944cdd1e2,10,,2019,,,,
dfaf297c-560f-4924-93f2-c3962ef9b728,,,,,,,
e66aa83c-d57b-470e-9d93-64909753e6ef,40,,2019,,,,
b9c862d0-3c1b-44c4-884d-e2e3feba52a4,,,,,,,
eff1ea84-eb37-44da-979e-17a2fd614ea9,10,,2019,,,,
85494df2-2108-4123-9cd2-4c2a8ef66e95,10,,1939,,,,
02b97346-e2f9-4bcb-8e43-ca847b1af3ed,40,,2019,,,,
5cf32682-81a3-4e72-907a-0225eee2343e,,,,,,,
e0fa87bb-102d-4eeb-8e2b-788548f06a25,10,,2009,,,,
8bb5c3a9-f8e4-428c-864e-37eb765dc1d3,10,,2018,,,,
10ea04b4-3e5f-41e5-b814-609afaa054b2,,,,,,,
d45e7752-e771-4dc1-b861-d62ec91023c7,,,,,,,
d4ab8b21-a599-4913-8d51-1b3671805fe2,,,2018,,,,
3129d54e-e0a7-4d06-bcd1-28c7a3bb0247,,,,,,,
36e353f2-17fe-4b4c-b62a-db3653101066,40,,2012,,,,
5b6f2aef-fb3b-4d29-a140-957067eb1c77,80,,2012,,,,
68853ef4-797a-4b6f-8326-62ffb12006de,44105,,2014,,,,
d556c26c-2a27-4152-881a-dccb13d273e6,10,,2008,,,,
202974c3-bb99-4606-a9df-3acaf97fc403,10,,2020,,,,
967cf03a-6afc-4f31-8c8f-96fb68e7cf0f,10,,2023,,,,
2dae1a13-12ec-4a15-b2c1-b5a932f6d1a0,10,,2020,,,,
87fd4024-5953-4a82-b443-32ab625d7efb,,,,,,,
d97ef9c1-d4ad-4f39-b7fd-1cb7dd120b74,,,2016,,,,
8dba2294-6d34-48a3-8552-d71a5949a955,10,,2021,,,,
ffaea16a-d14c-49d3-9905-f3d09589fafe,,,,,,,
8cc87d99-11c8-4c4a-98e5-29a31fa27d2e,,,,,,,
6beac2ee-d54b-43f0-8c5b-266b627b18cb,40,,2001,,,,
f70d6a96-eb73-49e1-815a-a005fecce895,10,,2019,,,,
6b737e45-52e2-4dd0-9e7f-56eb0114323e,,,2016,,,,
25fc91f9-cfb1-47a1-ac15-b82f1236da42,,,2022,,,,
0e0ff1c9-0dd0-4843-8bce-9afaf07fd96a,,,,,,,
8c2df6ca-2071-4644-a545-48b6d710fc49,,,,,,,
49867397-ae1c-49b6-bae0-95da49b42d9d,,,,,,,
e9550d65-cd80-41cf-9a02-e6cd98776bc7,44105,,2009,,,,
85d039f0-5e4b-4ea7-aded-29921b103cc8,44105,,2014,,,,
3c60fe5a-b137-43d5-9d41-6100f5433db6,10,,2018,,,,
be3ef8b3-7477-4e3c-b42a-e69e3a5188a6,,,2018,,,,
062f90b1-f5a1-4d84-9f2f-33f2d344574c,20,,2018,,,,
180aa5c3-e206-40c1-be84-03a13f44d95b,10,,2019,,,,
48bc8bb2-20e9-40e0-89fd-34b5de22d937,1200,,2021,,,,
e92af47d-fb48-4b0b-bc24-4c41f0ea5a7f,,,,,,,
27c7ed09-146d-47e7-83b6-6618ef1ad0aa,44105,,2018,,,,
97bb530c-ca1c-4f01-854a-3a82f077917a,44105,,2018,,,,
634fdb8d-2a3b-406c-8823-d84ccef65eab,,,,,,,
a491a643-96c4-49ec-8886-bf2ee9d6e088,,,2019,,,,
d59920ab-b027-4924-9984-bd2894a5237e,,,,,,,
80471736-106b-4fec-9948-e968afac20dd,10,,2016,,,,
637e8f2e-460a-42bb-8465-83491060986d,,,,,,,
5c977663-db4a-4889-8284-b455879bdc94,20,,,,,,
9265b2e7-d2c2-4488-bac2-7209238e6038,44105,,2020,,,,
100cb07d-4948-4342-9db2-70fafa842d09,,,,,,,
2c1dd040-c9e2-4bb5-8201-abaa85afec41,,,2019,,,,
bd9961a8-1b2c-48a1-9e7c-1093d694f730,,,2012,,,,
769579e7-f665-48e1-830f-8becf554c2d9,,,,,,,
1c93d068-6d64-47c9-ada2-355d253d9beb,,,,,,,
c3563e22-7aa3-4619-9b77-ac1615166602,10,,2020,,,,
0d2ef685-30ca-4ca7-a98d-95eb2f24bcc4,,,,,,,
238d8f8d-9556-4fab-a629-26e50c0e3542,,,,,,,
baeed1be-789b-49fd-8524-9f6a62e87d27,,,,,,,
e6c1c307-d417-42bc-b7c2-0cd54c18d174,80,,1999,,,,
cfdaaad7-8219-4a06-bc76-f585febe4176,10,,2005,,,,
e691e67f-64a3-4d92-9061-b8fab30f6c31,44105,,2021,,,,
3831a244-01f1-4b87-ab04-17d1466486f3,,,,,,,
9244fbe5-f581-4787-972b-9ebcba2481ad,80,,2016,,,,
eaca0c8e-439b-4a7c-b455-c2469397111a,,,,,,,
e0a0da4b-61c8-49d9-9b36-6df58a58e79e,,,,,,,
205f955b-e417-42f5-8b19-d1c738c65ccb,,,,,,,
3e427620-539d-4449-bf55-d731422da5e4,,,,,,,
0945c5e3-0eee-468c-b8f5-7dedcd7e4b41,,,,,,,
86acb327-0ae9-49e7-8e94-a6b5b154a01e,,,,,,,
b5460805-acb1-4a0c-b05b-2cbf2b3a5514,10,,2017,,,,
2781d39b-146e-4448-a383-e7dc3abd7d85,,,,,,,
e8cf9091-931f-45b4-a453-c6614bb520ab,10,,2016,,,,
ef87db92-3864-4b91-ac32-1b35657cbc23,10,,2005,,,,
c4c2d6d1-d28b-48bd-b4f3-fc3e5fa384b7,44105,,2007,,,,
bde87b16-e3b8-49f8-b641-21bf4d9b1443,,,,,,,
d6460d2c-b728-4a79-ac22-3bba13d71f16,,,,,,,
0fdbdd87-d566-465d-9856-6080eb0da1a6,,,,,,,
7aaa1a5c-6b09-4d6f-8d07-e42bd22c7a84,,,,,,,
e9c235fa-f837-4f02-8538-9eb8b5f6fd83,,,,,,,
4048f53a-03da-463a-b762-7e69aeb73ea5,160,,,,,,
0457a9d3-462c-4af6-9da0-d84a2ea0c569,,,2023,,,,
f3882697-d971-44d8-b01d-6aecb3091737,,,,,,,
7d650dca-df8b-4219-b35f-530279f78d7b,44105,,2010,,,,
75d4deae-0256-4115-82b0-e05ac6f159cd,10,,2021,,,,
3a115f4c-05df-4787-9557-39df180a6b6b,,,,,,,
cf748107-b855-4aa7-aa13-7e31586fffe3,,,,,,,
1b84ec19-5fb9-4087-8fa7-10c161a9156f,,,,,,,
f3d2b489-940c-461f-a00e-f489a48ac259,,,,,,,
882c2f7d-4128-457d-b8b7-ad9355390c31,,,,,,,
81dfb7ef-434f-49e3-b162-c860ad188091,,,,,,,
f0d16f3d-3dae-4f39-aac4-ff6e28ae80f8,20,,2005,,,,
e26e1006-9bc7-471b-a941-441ece2c386b,,,,,,,
770806fc-1d33-4fcc-8c58-6cfaaedfffb8,,,,,,,
318ff1b7-7cd8-4841-95c1-1261d6cba0cd,,,,,,,
fceddc00-fab6-4ab5-b4d1-e59c873544a5,10,,2011,,,,
e5cf947e-3aaa-4c11-a4ec-dcde9719f36a,,,,,,,
69bf4348-7dc1-434e-97ff-91b04a3813dc,,,,,,,
51220a45-6fab-4486-a58a-0e9fb94920b1,,,,,,,
3db31307-0a09-4017-99e4-77078b24977f,44105,,2018,,,,
a7eba6dd-da86-4c11-8fb0-7777f6bbe9b3,,,,,,,
e692ab0e-c042-4bba-8f6f-f1f8818e9524,,,,,,,
f666be8b-6d4d-4238-b91b-c8427cced688,,,,,,,
406220bf-ebb8-4585-8c20-816004c83a2a,,,1996,,,,
9be962ca-435f-409c-8405-7c258a5e4540,,,,,,,
d729e1da-3192-4c63-b002-295d95108206,10,,2017,,,,
ef796d0e-41d1-49a9-b18c-e3bb33c828c7,,,,,,,
9046587f-af6b-4754-a11b-0de9a917a5da,,,,,,,
053d455f-f348-47a7-abb5-1f0aa90800db,20,,2019,,,,
340660f7-d55a-4a46-b7aa-cc571a54ee8b,,,,,,,
b8bab8c8-4073-4c8a-ae59-88aeb7f38034,,,2007,,,,
621a3355-74b1-43be-acbe-da7478db825e,,,,,,,
3dc42170-96e0-4a96-a099-1ef7494cf6e1,44105,,2010,,,,
dbf804db-4b49-4aa5-ad9f-2434275ebe70,,,,,,,
7792e759-bf79-4fff-98e4-b69f4bd1d892,,,,,,,
fb1728a5-2463-480f-a478-c9f5246ebf78,10,,2022,,,,
312eb8b0-0c26-42b5-bc97-65bd2f9edb56,,,,,,,
35d98fcf-d37e-4986-adb1-5ea6f4d648e1,10,,2020,,,,
ba7fc149-0aeb-4ee5-ba77-0d3ce433ac6f,10,,2020,,,,
845f854d-486a-407b-abdc-9eee1a9d5e0b,,,,,,,
6be8a4f6-2ba9-4206-bd3a-41621bd3faf2,,,,,,,
b9f325f7-a411-4a9b-815f-2a1114f121e8,,,,,,,
f972c1fa-df77-4dfa-a12f-852db41b151b,,,,,,,
a50c051e-00d4-40d5-80fc-acafad618301,,,,,,,
f35f9205-3445-46fc-93a7-70754bbb831e,80,,1996,,,,
b6928231-2f7d-4312-a104-6c4f4072639b,10,,2011,,,,
068db058-9b57-4f92-a6e8-3b8040ff294d,160,,2021,,,,
ba807709-b813-4de7-b718-ab7b0632caa0,,,,,,,
b89c4430-fb8d-4b2a-8682-bcb3995c63b3,,,2013,,,,
5dddf3b9-e2f4-4ac9-9ba3-7d9876518fd1,,,,,,,
077d3a73-f642-4552-a99c-0f7ea7527d91,,,,,,,
8a1ff7c2-68de-46c0-95af-2d35883eb196,,,,,,,
160623fb-ddfa-4509-ac87-d68e8fbedb69,44105,,2012,,,,
f40db21d-f1e2-4e76-a492-7e39faa748b0,10,,1994,,,,
700738d3-0a9e-4552-aa3d-7bccf57d3cee,,,,,250,,
44ddf9cd-a3f4-471e-b998-a16a0c6c68fe,,,,,,,
fe014b94-3e36-4d7a-b8dc-40a9609646b7,,,,,,,
042a2855-069f-468e-a8fe-9fa9da0a2fbe,,,,,,,
acc8868a-11f0-436d-8fb3-be31dd039824,,,,,,,
b05d00c5-b8cc-40a6-af42-7aea157e6900,44105,,2002,,,,
e0876123-c161-41f6-8884-58faf275c69f,,,,,,,
9ec8ca99-4c65-40cc-9c95-a2bbe3ced478,,,,,,,
1b8e6d6d-113f-4e77-957f-01e3bd52578f,,,,,,,
9e086037-cefe-425f-a357-1d6690f12dea,,,,,,,
b63fae1a-caa4-4f9a-9604-52d7cff8c9bd,80,,2010,,,,
f4cec09d-2547-49fa-ba46-b389675c429d,,,2018,,,,
ded5e446-f2c4-47aa-bd29-91730a7739bf,,,,,,,
a6902c41-259d-4c02-890c-9d26dbf44def,10,,2022,,,,
b7d63878-614a-4693-8c99-7e3d0fbe19c0,,,,,,,
3d73bf80-6457-439e-8cd4-5430ae98b975,,,,,,,
5cf59a22-393b-4156-a2b7-16c15eeaa7bf,10,,2013,,,,
4bc6f019-460b-4f53-a1ee-e195d6c6d2ba,10,,,,,,
2f924aab-43e7-45fe-93d6-2eb1c6193ab7,10,,2004,,,,
250f66f9-35dd-44b5-8f9a-c1be3e798460,,,,,,,
9b8f1b41-8380-4e75-9886-2b2c38aa6397,,,2018,,,,
e9f40097-07b0-4914-9bac-82666fe10813,,,,,,,
ad81ddd4-c599-4d34-bbb9-58130ba44c4e,,,2013,,,,
7f387838-b43c-4b61-845f-b2265fb3687b,20,,2014,,,,
01a72b31-72fd-4f4b-8510-4316ff2decaf,,,,,,,
7ac0098a-aefc-448d-be62-36d3714e9fa7,10,,2005,,,,
18a3d7a8-0ded-414d-8ab5-bed4626a4bd1,10,,2020,,,,
e1f6f025-556d-4820-82dc-063bf63e0121,,,,,,,
6e99e9de-a3e8-4b5b-b490-5eca725bb890,,,,,,,
a326f9a4-1e09-4af4-88d1-8e437ecc4ab0,,,,,,,
36e2d828-121e-420a-8965-b03adc307e7c,160,,2018,,,,
6b0c4895-46c1-4338-a308-67d457cd2c27,10,,2018,,,,
77eb3c30-4f86-455d-953c-556e71e3b5e6,,,,,,,
9baa2265-151c-4a03-bd67-c354c2955958,,,,,,,
25edcefb-3ec6-4291-8de2-802223ddb0df,44105,,2011,,,,
e6ae8cfd-5609-405d-84d0-eb2cd7dfb602,10,,2016,,,,
da08f848-e342-4296-9b01-88e9fd6f60c8,,,,,,,
24c57300-df31-4c78-866b-92fd3d34cc89,10,,2019,,,,
06641609-8d1f-4941-b037-5ed26c8445ef,44105,,,,,,
56e2a6fd-0ffd-4bc1-8215-017d0f6552e2,,,,,,,
189df847-5c96-474b-95a6-157306476b4d,,,,,,,
b0e1c1b0-2b80-496a-a4e9-887f327e006d,,,,,,,
32047847-ba3f-491e-88c4-c991c5daacdc,,,2018,,,,
2e674620-124c-48a6-8ed4-66ce3d32f744,10,,,,,,
b1ef131b-bcab-476d-970c-a59289f935ef,10,,2020,,,,
b90e3faf-77d4-441d-88a2-67a9f4a9d03a,,,,,,,
66324a4a-68b1-4a0c-9f9e-0268a53f724a,,,,,,,
838261cd-1151-4d22-b47f-917c600c6a9f,10,,2017,,,,
7cd5a7a0-a2b8-4ac4-a744-d726c09bb2f2,,,,,,,
9f92ca7d-3106-4cd3-af1b-83475cc000f4,,,,,,,
924a000c-fe70-41bd-87c2-52b88cdd93bc,,,,,,,
c7ec582c-9725-4ecd-8978-9753f2481d69,,,,,,,
b9384c60-a7ef-436b-acb6-8bd3838bc60e,,,,,,,
3ba35f12-ac66-4960-8ce6-88fbba3534a7,10,,2004,,,,
e6624378-4692-46ec-9109-73be35ac872d,,,,,,,
4d85b217-18e1-4a50-8056-bfb8e07658da,,,,,,,
3e0192de-3758-492d-a303-21e94554e8b2,,,,,,,
2a08f1d2-7cf6-4828-8e4c-c87e4a7f5065,,,,,,,
2fb23263-7912-4e25-95fa-6e731e792183,,,,,,,
78f92764-be1d-4eec-8a7d-eaa8fb4e1733,44105,,1989,,,,
e563a68e-5a9d-47da-887f-986daf7d8d20,,,,,,,
d0fdb033-801b-4ae2-8097-10c1021aff96,,,,,,,
1b8c3826-ce49-4807-b967-b7ca4e81f2e0,,,,,,,
58edfc0a-63e1-411c-bac0-7f157fb165da,,,,,,,
10c97c82-1b55-4e96-b72b-a6a6c0478864,,,,,,,
a70a8b5b-6da2-49ad-87c6-08dd6fa5b76f,,,,,,,
409eb261-d477-4627-a2ef-0aaa69ea5f4c,44105,,2004,,,,
82f8495d-2b15-4fb0-ba3d-481bb33eef2c,,,,,,,
5e26a2f7-46e4-45ee-b74a-99adc60cf62f,10,,2006,,,,
dc4fded0-7ced-4568-809c-0e9b214ea771,,,,,,,
281d6596-487c-40cb-b1e6-7b75817e2dd6,,,,,,,
5a81ef5b-bbf7-4f82-82c5-f4afe94adfd9,,,,,,,
f1b3d902-3616-4702-855e-d9b961c10cab,10,,,,,,
8df69cdd-2574-4f8d-a786-e16d9612e34d,,,,,,,
1ec1c717-a08f-4a2c-9c1d-4258c80a42eb,,,2025,,,,
4bcfa857-b242-41a7-a67f-38879772b395,,,,,,,
d45394e6-ef00-4927-a611-db808e09f64a,40,,1950,,,,
d606ac04-95ec-469a-8fce-1bc8aa070951,,,,,,,
f536a6f7-a39a-426d-8e0e-10a067b859b9,,,,,,,
77e459d0-0690-4a80-afc6-86265f45f51e,40,,2015,,,,
467feecc-efae-44fa-bd8c-f63656861b07,,,,,,,
892deab2-2df3-4670-934b-dab9b16c7b8b,,,,,,,
c5f1a4c2-1e09-4c96-a420-bf09f6a0c503,,,,,,,
58c158cd-4f87-4139-b1de-256940ae0308,,,,,,,
e7db9645-fbfb-4a9b-969c-6ffc85300761,,,,,,,
3d10c021-e813-4c02-923d-333adc836188,20,,2011,,,,
97c8b98e-a26d-49c3-8a51-4ffa43077a53,44105,,2016,,,,
e0e87c08-ef81-48f2-81ea-628a50037ea6,,,,,,,
84196b02-243d-4d01-9dac-a48c3a038ae7,,,2013,,,,
444ba78a-80de-41b3-be3c-af8b7e606160,20,,2019,,,,
61b25946-074b-45ca-9423-1818f099fb2d,10,,,,,,
210d63e7-5247-4030-9110-6f9f51e9e505,40,,2015,,,,
809da34b-95f5-4ff0-8784-5ed6625db24c,,,,,,,
9317be9f-53b5-4b12-ba41-a3df2308a4ef,10,,2017,,,,
19b0bd50-e8dc-4c7d-b4db-b18fda0ac22e,10,,2022,,,,
ee845faa-8b52-4363-bc0b-30ea5ff5fbf5,40,,2016,,,,
f3833f32-fc8d-4ee9-ac05-7a04c5c06c52,,,2012,,,,
0fa5f493-d64c-4a8e-9cab-e3d628b135ce,,,,,,,
12e776c6-ee80-4c1a-8d30-020603c47614,,,,,,,
9bf37622-e59c-4760-8635-33ac941ed453,,,2021,,,,
e3933e0f-40bf-4f1c-ba14-6808e2fd2af7,10,,2018,,,,
2f3ec754-b9c2-4421-8ea0-2cd9d55bb57c,80,,2015,,,,
ed46ea93-2a25-4066-8471-7c67c67eab60,,,,,,,
fa8a92c1-0be8-4b1c-8457-aa690123386f,,,,,,,
6e81fac4-ac6f-4964-b18b-50c516c30615,,,,,,,
72555933-3b76-4ad3-bcf5-4ea806655e19,,,,,,,
f2d01da9-1eb6-40bf-abe5-884dd6a4b490,,,,,,,
e8d75551-b5ab-42da-a421-2ffd21919ce7,10,,2017,,,,
cb2c70d3-9162-4edd-a5bf-c14837dc133e,44105,,1995,,,,
28a2aa35-ceeb-4fbc-a1d4-12ceacbf1d10,,,,,,,
2dd75aab-eb64-4000-80e7-badc42e1e87c,,,2024,,,,
09ba138b-ffb3-4dfa-b746-0f41d40bc4e6,,,,,,,
c2d91b52-034b-49b9-b905-693c3165e5ec,,,,,,,
fb659c48-d538-4863-9a7e-ba6d126b02c8,10,,,,,,
d838816a-83aa-4c1c-a4ee-510f3fb53ae3,,,,,,,
599c516d-81b2-4582-8448-d4c1f3bd6277,,,,,,,
3e613ff2-228f-4f34-aad7-c3debe844166,,,,,,,
08852d4d-981c-44b8-bb54-8b540d859140,,,,,,,
57bb483c-68bb-4275-8657-a894bc3beff4,,,,,,,
89246480-75d4-4c5e-8df0-fd8a8fc54c74,10,,2000,,,,
0477ef0e-8f4f-43d4-942f-281aa0919cbe,,,2019,,,,
348ac824-d296-4c99-9b4a-655ab1a115b5,,,,,,,
a1c5a0c5-b832-46d4-983f-f0bcaabb606a,,,2018,,,,
1f49b55c-a12d-4dc6-833e-bb26df2c57c4,,,,,,,
9b7f8fe8-0ad8-43bd-a567-b363f1cedca7,,,,,,,
19893165-8e50-43b9-9d33-16a486c987c6,,,2018,,,,
c29160cb-64aa-4ea3-8154-3ec56586ae4b,,,,,,,
f825ada0-f526-4707-b48c-b1667d89d6df,,,,,,,
fc23f926-6846-47ec-b5aa-076a339f5bdc,,,,,,,
68b8afe5-7bc9-4ce4-bde3-8ba9b50f60a3,10,,2012,,,,
aaa9c8ee-434d-4720-b1f1-136f181acb01,,,,,,,
1752b46d-3ca0-49f5-bb87-2a20caec03d8,20,,2000,,,,
1ba006ac-3aa6-48e0-b881-b1fff1b3d38d,40,,,,,,
3e5098d9-89d9-4bf2-9ac8-9d202e9e0255,10,,2013,,,,
fb8fc840-214b-4664-8153-fced838f804b,44105,,2015,,,,
fd04f023-cff0-47a7-978b-8e75a9f7a2a2,,,,,,,
b5fae857-14b4-4aad-9d05-5b488428777e,10,,2012,,,,
255ef205-498d-4770-a845-c9e06ff20186,44105,,2010,,,,
a6f8b3fd-dfb8-4876-b135-d278efb6f1f3,,,,,,,
28352a48-a948-4a0e-bf2c-da3f6b4a0b55,10,,2018,,,,
e07a504e-14ee-47b4-948e-a4eac52c262f,10,,,,,,
c4b3a8b2-5058-4cfb-925d-88ec95ffd834,,,,,,,
7c806aa1-be04-475f-bdac-ce68d996a38f,,,,,,,
dc685106-c76a-43b2-8814-ddcad924d2a3,10,,2021,,,,
848a2b5b-4768-48c4-834b-36abf351f26f,,,,,,,
eb7135a4-99e2-4475-ba88-ef1866ddd5d7,,,,,,,
c831b445-7049-447f-a707-e90c80aa8f0b,,,,,,,
3444da02-3477-4daf-a390-67d2d5620cf7,,,2014,,,,
5d4b78a4-9190-408b-9f89-3218c6ab1ef2,10,,2016,,,,
df15ab03-7a49-4c40-afe0-8daf44d15a62,10,,2021,,,,
1b0e5fbe-4640-4a9d-879c-72cc1c9aa4a0,,,2018,,,,
d8532fc5-48d7-4fb5-ba8f-5d53cfa0d3ae,10,,2016,,,,
1304086e-f88f-40be-8d2b-4ae7b103d67e,10,,2015,,,,
1a625c4b-3c69-4474-bf5a-157916c79b29,10,,2015,,,,
49f6affd-baf6-4627-af9b-8013880bdc42,10,,1999,,,,
859fa1e2-246c-4479-9743-68db1ae44794,,,2018,,,,
52b1540b-d098-4eac-9191-54e03dbf6d7d,,,,,,,
57c7c802-b87f-4d3b-9970-7aced5e4b9ef,,,,,,,
55535d31-096c-43f2-b6a1-cb814b62af2d,,,,,,,
2c69320a-a686-4fcf-a618-9fd595f0cac8,10,,2018,,,,
4d31d3ff-3ed8-4910-897a-dd602ad8ccbe,10,,2007,,,,
1dd34dc1-1e74-4a4a-919d-28b297809af9,,,,,,,
c5795cb5-b992-4247-a0e9-445a2bdcf8d5,,,,,,,
95c5e851-bc50-4fdb-973c-b51313621c15,40,,2018,,,,
f6a17497-2dc2-4617-975f-9d1bd157c51d,,,,,,,
c1ff38f5-1ed5-48ad-95a1-fd45936c7a72,10,,2022,,,,
875c1907-adbe-41ba-80d9-61c69ac37baf,,,,,,,
fa6f791e-f7fe-458e-a88e-e6338b8672f9,10,,2016,,,,
5a1dc645-113a-4aab-8c40-b070d3532492,,,2017,,,,
92a960b4-c10c-430b-b446-8ce4a261a6cb,,,2017,,,,
4812b1a7-e708-4ec5-9bfe-8ce84e76b4ea,10,,2022,,,,
f102f818-0f5b-4d15-b691-2cd73a366e02,,,,,,,
85f946bc-7810-42eb-bd6a-435977a86c95,20,,2012,,,,
881ee067-a0fd-412a-b276-1bd24b7775c5,,,,,,,
059b071e-862b-496c-9bb2-abaeac1e88d0,,,,,,,
5c68f7ba-3aeb-42df-ada2-7cdeefffacd3,,,,,,,
911443a9-303e-4426-90b6-7da80d9af9bc,,,,,,,
b1b7e99b-4665-45c7-abf5-c0c69214ebcc,,,,,,,
b32e0c70-fda7-4571-9e43-fca169e84bbe,,,,,,,
161754d0-4251-4efd-a7e2-0d0e96c4fd36,10,,2004,,,,
26368137-e4b6-44b1-8524-864985dd1c00,,,,,,,
111c85e3-9df3-4a04-b3c8-40cc4c8f2eb1,10,,2018,,,,
fe36ef4f-7ee8-46aa-b89c-b3c9b7f3982a,,,,,,,
c363e89c-5600-4d18-a69e-82def6231b38,,,2021,,,,
b65ce8ee-0aed-4adf-928c-f051096986f6,10,,2024,,,,
6d3c1888-06af-42cb-8f6d-bd51a2fc9ac8,,,,,,,
d8e8dfe7-f2c1-4f15-adb7-ff48ea44f3d0,,,2019,,,,
6347c074-8a81-419e-bb5a-16b6d0496823,160,,2017,,,,
fbea76eb-7d0e-47de-9fa0-882b849fa833,10,,2020,,,,
6bb127d0-0d68-405e-8ab2-a54c46d8cd41,10,,1988,,,,
070b7c45-7cfb-4705-829f-d651a25a9478,44105,,2000,,,,
00aa0a73-c430-43d5-8d30-c60a92d498e1,,,,,,,
19358bc3-94dd-4584-8f93-6c784b5c4c56,300,,2017,,,,
8ebbce63-0dcd-41ff-ab3a-1860f4fe2eed,,,,,,,
6a3cdf00-6328-4046-acf8-abc0e2062e85,10,,2021,,,,
01a222de-3b83-404c-ab30-3fbc4ef2637f,,,,,,,
12d498a2-dde7-47ee-9fd6-4bc3a7111e6a,20,,2002,,,,
4e2f05d2-f864-4d3e-812d-01e497ad3e2e,,,,,,,
e74c2162-331d-48e7-94fd-f6a03d1aeb06,,,,,,,
9c9938f8-ab98-4336-b8ba-777daefaa633,,,,,,,
526bd50d-16fe-4817-925c-251876212a9f,44105,,2003,,,,
2c8058b9-32dc-4f1e-8e72-8633ebef914e,10,,,,,,
b7fb16e0-8977-418d-a701-58fa584ea9e8,,,2022,,,,
d483ea25-8806-48e7-ac60-4d43a5b51da3,10,,2018,,,,
c602bd98-b2e8-488c-aa0f-2d003ddfdb11,,,,,,,
16278a3d-2de2-42d0-a714-3807ed1f4271,10,,2001,,,,
c358ce63-c231-4fb1-8e0c-65feab4fee8b,10,,2023,,,,
cd4f03b3-6be4-4905-a706-2c990cb28b15,,,,,,,
017dc866-be63-4b08-bf88-13599fcb9a45,,,2021,,,,
6d462917-013a-4a4a-bbf4-081e3aeabaee,500,,1993,,,,
25b6f56f-3827-4a02-bab4-6949387f2986,44105,,2018,,,,
9c40ad04-7b89-45b0-abbd-bd8353b1bca0,44105,,2021,,,,
8cf02dc4-d6cf-4995-89ab-c066840403b2,,,2023,,,,
44f2a949-6d89-40e3-872e-378dbf6fb7db,10,,2025,,,,
62b61893-cc1a-4150-bfbc-3b88b55b0452,80,,2003,,,,
4a278491-9904-4063-87c7-b07fec51bf84,10,,2019,,,,
0ad13837-36ec-4293-8015-0b52ed088dc7,10,,2006,,,,
77cbee4c-6e30-4aea-92c7-a549f048e5e3,,,2014,,,,
34342e4e-a52d-40de-88dd-3b83f12d68f8,,,,,,,
db4a8bc8-89c8-43eb-834b-dbf68ba63f49,,,,,,,
d377b594-070a-4130-a451-c347daa9ebff,10,,,,,,
7ebb83eb-83c9-419f-88e1-6f5a19585142,,,,,,,
bd63df96-b521-44ac-aab6-4f9c1ea3abfb,10,,,,,,
051d88c6-1325-4268-8568-6410bc7c642a,,,,,,,
3142498a-039e-46d5-9f5c-a2cd704a3035,,,,,,,
bbe4882a-d19f-48b9-84b9-9c90b6f72dfe,44105,,,,,,
c8dec53c-451c-49ed-971b-93353be93666,10,,2009,,,,
b01fb27a-b309-439e-bbe3-1ee26047fda3,,,,,,,
880a9723-1f6a-42b3-be2d-2ed643c3c61e,,,,,,,
17f47bdf-9821-4dd5-8b83-f5e29e84cc84,,,,,,,
7f0ebd86-002e-47ad-a00a-0914587e80bd,,,2023,,,,
84d7cbe2-c11c-43f9-9355-8de2b7a75deb,,,2018,,,,
80674ec6-1d07-43de-80e5-a77f94b794df,20,,2020,,,,
9f2d606d-534b-4c00-bfe0-46a88383d29f,10,,2016,,,,
8cc088bb-e39b-40f2-a713-562631ef0779,10,,2020,,,,
ca8758eb-31d5-4cc7-bbc7-98aba58dae4c,10,,2017,,,,
7ef5d50e-bb96-41cf-ab35-2f351579627d,10,,,,,,
6be49ddd-f93a-40f5-8fb6-9390b93fb8b9,10,,2010,,,,
2dac2bdc-6819-4f25-908d-a28851f3951f,10,,2004,,,,
8147c5e4-1de4-4e02-b011-7cbdc0a39a3c,10,,,,,,
7142e632-8995-4db8-9ffb-aa93a6d468b2,20,,2017,,,,
e4a4caaf-5323-4ee2-8565-80278784b1ca,10,,2015,,,,
d5967a3d-654b-4330-b377-1fe4a1296c0d,10,,2019,,,,
5d2632fb-f3a6-45a2-9605-391fddef8f54,40,,2011,,,,
8a8b5502-240d-4508-80b0-9c70a58d7e24,,,,,,,
47956f8a-fa62-4886-8c35-fd35709a92eb,,,2011,,,,
81d400ba-34a9-4414-b5e7-4025e86bfc26,40,,2011,,,,
974b1136-8ab1-4e1c-83c9-6bd24452fec5,10,,2008,,,,
c244769a-fae4-4e57-bb91-a696cf5751f6,80,,2020,,,,
5a03a741-c9de-4cbd-85ab-d2767a164f1f,10,,2014,,,,
7fb60fef-f7ef-454d-a7ce-589c1a9565b8,,,,,,,
b7137e7b-c8e9-48b6-9f43-b8582ae92191,,,,,,,
cb81ff43-5d17-40de-99a3-e9fdc99ef485,,,2019,,,,
73a16695-6e20-4e69-8fd2-3445f1c67521,,,,,,,
ce80786e-2286-457b-bab9-5e64d7703f7d,,,,,,,
d43fa09d-7db7-4200-a2f3-ed9157de4b2e,,,,,,,
85007276-e780-41c0-a0de-633f609510e5,,,,,,,
dfdc69a5-7599-4ecb-9d7f-41818f5a9af6,10,,2019,,,,
4ea87a72-818c-4d73-9630-01002443b65e,44105,,2017,,,,
ccfd9182-0fb0-4eac-a492-4b7ea70bfa69,,,,,,,
4bc17d31-66c9-418c-a4cc-a335db3ca6de,10,,2016,,,,
2e311700-33a5-4aac-a464-accea5e42968,,,2017,,,,
f1abfa89-f74e-4056-920e-4125f65e5c5c,10,,2005,,,,
4e9e7e90-15db-4cfa-aed9-3a40b7f98aab,,,,,,,
c6f01a52-9f87-4334-8ff7-639bc539336e,,,,,,,
409b349b-8198-4fb0-af8a-e1874381cc78,,,,,,,
f240d842-38f4-411c-b645-7ec30664b4ae,10,,2024,,,,
86a780e8-cc03-4b34-a2c6-241fd9877170,10,,2018,,,,
c3fef5ee-7fac-4436-8db9-6fdab4c8b45b,,,2018,,,,
06344570-6577-4381-bf70-6ca0d69e9918,44105,,2016,,,,
f3c47250-70c4-4d97-bb97-03c1027917d3,,,,,,,
9c68fe3f-d08b-4ba4-9269-42d2500720fc,,,,,,,
02d9f72a-c5e0-40ab-8eb0-284c44525976,,,2014,,,,
71000701-3de7-4174-8e53-af60473846f2,10,,,,,,
2d079776-cd42-49b8-8619-016553048088,,,2016,,,,
c46c22cb-6bb6-4e95-b2e8-b8c30400c0b0,,,,,,,
6dce8f4e-c0a2-42a9-9eb8-98a4ac57fda0,20,,2018,,,,
c4b28cae-0fdd-4c6d-8b52-119f7a5cae9c,,,,,,,
25656236-1968-49da-a6d8-32ffdcc6888e,80,,2013,,,,
3f10d379-f847-4ddf-baf9-271767d48599,,,,,,,
94cd50f6-63f9-464e-8476-f6076e35850d,44105,,2014,,,,
abfd5dc4-c60b-4339-a3ea-b43286ab7678,,,,,,,
8df52cfd-63bb-4fd6-8f61-6a994ea55cfe,40,,,,,,
6a9e7f92-6b82-49b4-9749-e54dc370ae4e,,,,,,,
9c389b22-2883-44a8-a9ad-20a456d7ef06,,,,,,,
d9da3ea1-997f-4b4c-a39b-fcf836feec85,80,,2007,,,,
29eb7107-c506-42fe-a43e-2bd442f38418,,,,,,,
58485e33-f7af-4fab-a98b-421f01ca4183,,,,,,,
d3c500a4-284b-43a5-a422-8d8b8f138096,,,,,,,
0820b858-896a-4a9a-b403-e32120c4e28c,,,,,,,
ef06db34-7a6c-426e-b65d-973bc962dbe9,,,,,,,
9b99de95-4dac-4010-81d6-009c7951c50f,40,,,,,,
eb40aad3-cea7-419e-83bb-c7cc83e1d858,20,,2008,,,,
