id,industry_id,industry_slug,entity_type,intent_tag,growth_rate_title,growth_rate_description,market_trend_title,market_trend_description,created_at,updated_at
d1e3c109-2d23-4148-a019-f347fda26ed4,5ed3c109-2d23-4148-a019-f347fda26ed4,automotive,franchise,general,Growth Rate,"The automotive service franchise market in India is rapidly expanding at an impressive 8-10% annually, strongly supported by increasing vehicle ownership, extended vehicle lifecycles, and a growing consumer preference for highly organized, reliable service centers.",Market Trend,"EV charging stations, multi-brand service centers, and technology-enabled diagnostic facilities are rapidly growing segments today. Doorstep pickup and delivery services, completely transparent pricing models, and comprehensive warranty packages are increasingly becoming essential competitive market advantages.",2026-01-30 00:00:00,2026-01-30 00:00:00
e2467fa8-06f1-4047-baf5-212e10ea66d8,42467fa8-06f1-4047-baf5-212e10ea66d8,beauty,franchise,general,Growth Rate,"Beauty and personal care franchises are rapidly expanding at 14-16% annually, primarily driven by rising grooming consciousness among consumers, a massive increase in working professionals, and exceptionally strong, consistent demand for premium wedding-related beauty services.",Market Trend,"Unisex salons, organic natural beauty products, premium men's grooming services, and specialized bridal makeup studios are heavily trending today. Advanced technology integration for online bookings, robust loyalty programs, and highly personalized service packages are key.",2026-01-30 00:00:00,2026-01-30 00:00:00
a36791cd-9656-452d-8326-9b9296125906,f26791cd-9656-452d-8326-9b9296125906,health,franchise,general,Growth Rate,"Health and wellness franchises are consistently experiencing a robust 18-22% annual growth rate, significantly driven by increased global health awareness, a strong preventive healthcare focus, and massive wellness lifestyle adoption post-pandemic across all demographic age groups.",Market Trend,"Advanced diagnostic centers, organized pharmacy chains, comprehensive home healthcare services, and specialized wellness clinics are in exceptionally high demand. Seamless digital health integration, robust telemedicine capabilities, comprehensive health packages, and immunity-focused services are now essential.",2026-01-30 00:00:00,2026-01-30 00:00:00
b49ecac8-9a1f-4ad3-af64-069b9b315926,c39ecac8-9a1f-4ad3-af64-069b9b315926,business-services,franchise,general,Growth Rate,"Business services franchises are consistently growing at an impressive 10-12% annually, heavily fueled by the massive startup ecosystem boom, rapid SME growth, and the increasing strategic outsourcing of non-core business functions by large corporations globally.",Market Trend,"Specialized digital marketing agencies, professional accounting services, comprehensive HR consulting, and modern co-working spaces are highly popular segments today. Advanced cloud-based service delivery, flexible subscription models, and fully integrated business solutions are rapidly becoming industry standards.",2026-01-30 00:00:00,2026-01-30 00:00:00
c5637398-2762-4b5b-a999-c1a8c5567cfe,cc637398-2762-4b5b-a999-c1a8c5567cfe,dealers-distributors,franchise,general,Growth Rate,"Dealer and distributor franchises are steadily expanding at 9-11% annually, significantly driven by robust FMCG sector growth, soaring e-commerce logistics demand, and the critical need for highly organized, efficient distribution networks across tier two markets.",Market Trend,"FMCG distribution networks, pharmaceutical wholesale chains, premium electronics distribution, and specialized agri-input dealerships are thriving remarkably. Advanced technology-enabled inventory management systems, dynamic route optimization, and seamless digital payment integration are becoming absolutely essential for competitiveness.",2026-01-30 00:00:00,2026-01-30 00:00:00
d6fe36f6-02ef-4ca5-b884-30d22b5402cf,f5fe36f6-02ef-4ca5-b884-30d22b5402cf,education,franchise,general,Growth Rate,"The education franchise sector is consistently experiencing a robust 12-15% annual growth trajectory, significantly fueled by rapidly increasing demand for quality education, advanced skill development programs, comprehensive early childhood learning, and highly competitive exam preparation.",Market Trend,"Innovative hybrid learning models flawlessly combining online and offline education, advanced STEM-focused programs, modern coding academies, and rigorous competitive exam preparation centers are seeing tremendous demand. Deep EdTech integration and highly personalized learning paths are vital.",2026-01-30 00:00:00,2026-01-30 00:00:00
e71b6be7-d616-4c46-a470-2a2fc1d16691,3b1b6be7-d616-4c46-a470-2a2fc1d16691,fashion,franchise,general,Growth Rate,"Fashion retail franchises are steadily growing at a robust 10-12% annually across rapidly developing tier-2 cities, significantly boosted by increasing brand consciousness, rising purchasing power among middle-class consumers, and massive social media influence on trends.",Market Trend,"Premium athleisure collections, sustainable fashion lines, traditional ethnic wear, and modern fast fashion segments are showing exceptionally strong growth. Comprehensive omnichannel retail strategies flawlessly combining physical flagship stores with an immersive online presence are absolutely critical.",2026-01-30 00:00:00,2026-01-30 00:00:00
f8332bd1-117a-4b40-92a1-aa8c5267a02b,7b332bd1-117a-4b40-92a1-aa8c5267a02b,food-beverage,franchise,general,Growth Rate,"The dynamic food and beverage franchise market in India is rapidly growing at an impressive 15-18% annually, heavily driven by rapid urbanization, steadily rising disposable income, drastically changing eating habits, and the booming modern convenience economy.",Market Trend,"Modern quick service restaurants, highly efficient cloud kitchens, nutritious healthy food options, and premium beverage chains are completely dominating the market. Deep technology integration for delivery aggregators, seamless digital payments, and advanced kitchen automation are essential.",2026-01-30 00:00:00,2026-01-30 00:00:00
194a2772-e991-4e90-b77b-2724809f5dbc,1e4a2772-e991-4e90-b77b-2724809f5dbc,home-based-business,franchise,general,Growth Rate,"Home-based business franchises are consistently experiencing a remarkable 14-17% annual growth rate, significantly driven by the booming gig economy, mainstream work-from-home culture, minimal investment requirements, and a strong desire for flexible entrepreneurship among modern professionals.",Market Trend,"Professional online tutoring, highly specialized digital marketing services, premium handmade products, artisanal home bakery, and expert consulting services are immensely popular segments. Extremely low overhead costs, laser-focused digital marketing, and recurring subscription-based service models are vital.",2026-01-30 00:00:00,2026-01-30 00:00:00
20e835b1-07dd-4279-93b4-5049cfb1c6d6,d8e835b1-07dd-4279-93b4-5049cfb1c6d6,hotel-travel-tourism,franchise,general,Growth Rate,"Hotel, travel, and tourism franchises are rapidly rebounding with an impressive 13-16% annual growth rate, strongly supported by massive revenge travel trends, a phenomenal domestic tourism boom, and highly impactful government initiatives promoting regional cultural exploration.",Market Trend,"Premium budget hotels, immersive eco-tourism experiences, thrilling adventure travel, authentic homestays, and highly experiential travel are massive trending segments today. Advanced technology integration for seamless online bookings, highly dynamic pricing, and comprehensive travel insurance are essential.",2026-01-30 00:00:00,2026-01-30 00:00:00
3111be80-bea3-4d0e-a35a-c964451b1a20,ae11be80-bea3-4d0e-a35a-c964451b1a20,retail,franchise,general,Growth Rate,"Organized retail franchises are consistently growing at a robust 11-13% annually, showcasing exceptionally strong performance in premium convenience stores, specialized retail outlets, and modern neighborhood supermarkets heavily driven by rapid urbanization and deep market penetration.",Market Trend,"Ultra-fast hyperlocal delivery models, modern 24/7 convenience stores, and highly category-specific retail outlets are seeing tremendous consumer traction today. Immersive phygital retail experiences combining physical and digital elements, robust loyalty programs, and exclusive private labels dominate.",2026-01-30 00:00:00,2026-01-30 00:00:00
42d42b5a-26e6-4bd2-a2e3-bb8709ede483,ead42b5a-26e6-4bd2-a2e3-bb8709ede483,sports-fitness,franchise,general,Growth Rate,"Sports and fitness franchises are currently experiencing an explosive and unprecedented 20-25% annual growth rate, massively fueled by rising health consciousness, widespread lifestyle diseases awareness, incredibly influential social media fitness culture, and robust government sports promotion.",Market Trend,"Premium boutique fitness studios, highly intense functional training centers, professional sports academies, and specialized women-only gyms are tremendously popular today. Comprehensive hybrid memberships effortlessly offering both in-person and digital classes, alongside advanced wearable tech integration, lead.",2026-01-30 00:00:00,2026-01-30 00:00:00
538de9c3-9d0d-4058-8782-1211f20ffd1d,a28de9c3-9d0d-4058-8782-1211f20ffd1d,entertainment,franchise,general,Growth Rate,"Entertainment franchises are steadily growing at a remarkable 12-14% annually, significantly driven by rapidly increasing disposable income, modern nuclear families actively seeking premium weekend activities, and the massive experience economy trend highly popular among young urban millennials.",Market Trend,"Immersive multiplayer gaming zones, massive indoor trampoline parks, cutting-edge VR experiences, premium kids' edutainment centers, and luxurious party venues are thriving. Deep technology integration for seamless bookings, highly engaging membership programs, and stunning Instagram-worthy aesthetics rule.",2026-01-30 00:00:00,2026-01-30 00:00:00
6494351f-bfb3-411d-a178-d1905bd0616e,f494351f-bfb3-411d-a178-d1905bd0616e,government,franchise,general,Growth Rate,"Government service franchises are consistently growing at a steady 6-8% annually, strongly supported by massive nationwide digitalization initiatives, highly successful public-private partnerships, and the incredibly critical need for efficient last-mile service delivery across vast rural areas.",Market Trend,"Modern common service centers, highly efficient government payment collection centers, crucial documentation services, and unified utility bill payment franchises are firmly established. Widespread digital literacy, seamless Aadhaar integration, and comprehensive government scheme awareness remain incredibly critical.",2026-01-30 00:00:00,2026-01-30 00:00:00
75821422-d8eb-484f-a280-8af8f6b79144,1a821422-d8eb-484f-a280-8af8f6b79144,real-estate,franchise,general,Growth Rate,"Real estate franchises are consistently growing at a solid 9-11% annually, heavily driven by rapid nationwide urbanization, strict RERA implementation bringing much-needed transparency, and a massively growing consumer preference for highly trusted, branded professional real estate consultants.",Market Trend,"Premium residential real estate brokerage, comprehensive property management services, and highly specialized commercial real estate consulting are exceptionally strong segments. Advanced technology platforms offering immersive virtual tours, robust CRM systems, and completely transparent commission structures dominate.",2026-01-30 00:00:00,2026-01-30 00:00:00
86fd1516-f032-4630-8a79-e347851f2e18,64fd1516-f032-4630-8a79-e347851f2e18,technology-it,franchise,general,Growth Rate,"Technology and IT service franchises are currently experiencing a breathtakingly rapid 18-20% annual growth, massively fueled by relentless digital transformation across all industries, surging demand for advanced cybersecurity, robust cloud services, and scalable software solutions globally.",Market Trend,"Highly specialized managed IT services, advanced cybersecurity consulting, comprehensive software training centers, and cutting-edge mobile app development are exceptionally popular segments. Seamless remote service delivery, lucrative subscription-based models, and deep specialization in artificial intelligence are essential.",2026-01-30 00:00:00,2026-01-30 00:00:00
97104cba-ccd3-4f86-b204-2277660117eb,4a104cba-ccd3-4f86-b204-2277660117eb,finance-banking,franchise,general,Growth Rate,"Finance and banking service franchises are consistently growing at an impressive 11-13% annually, heavily driven by massive financial inclusion initiatives, an unprecedented digital lending boom, skyrocketing mutual fund penetration, and rapidly expanding insurance awareness nationwide.",Market Trend,"Highly efficient loan DSA agencies, premium insurance broking firms, widespread mutual fund distribution networks, and expert financial advisory services are thriving phenomenally. Completely seamless digital onboarding, lightning-fast paperless processing, and highly advanced robo-advisory platforms are absolute necessities.",2026-01-30 00:00:00,2026-01-30 00:00:00
a8d2b88d-ddbf-45b7-a016-9379064270a9,26d2b88d-ddbf-45b7-a016-9379064270a9,logistics-manufacturing,franchise,general,Growth Rate,"Logistics and manufacturing franchises are rapidly expanding at a highly robust 10-13% annually, powerfully supported by explosive e-commerce growth, highly impactful Make in India initiatives, and the increasingly critical need for highly organized global supply chain solutions.",Market Trend,"Ultra-fast last-mile delivery services, highly advanced automated warehousing solutions, sprawling courier franchises, and massive contract manufacturing operations are massively growing segments. Real-time GPS tracking, advanced route optimization software, and incredibly robust cold chain capabilities are crucial.",2026-01-30 00:00:00,2026-01-30 00:00:00
b95ff825-8855-4dec-9615-6d83578ef2cf,985ff825-8855-4dec-9615-6d83578ef2cf,agriculture,franchise,general,Growth Rate,"Agriculture franchises are consistently growing at a steady 8-10% annually, heavily driven by skyrocketing global organic farming demand, massive government support for rural agri-entrepreneurship, and the incredibly urgent need for highly advanced, modern farming equipment inputs.",Market Trend,"Premium organic farming supplies, highly advanced agriculture equipment dealerships, expert crop advisory services, and highly efficient direct farm-to-consumer retail are rapidly emerging segments. Deep technology integration for precision soil testing and highly accurate weather forecasting are essential.",2026-01-30 00:00:00,2026-01-30 00:00:00
c042b13c-89ed-481f-98ab-36ac53927ee4,e42b13ce-89ed-481f-98ab-36ac53927ee4,media-communication,franchise,general,Growth Rate,"Media and communication franchises are consistently growing at an impressive 10-12% annually, massively fueled by an unprecedented digital content creation boom, incredibly high social media marketing demand, and the rapidly increasing need for highly professional media services.",Market Trend,"Highly creative digital marketing agencies, cutting-edge content production studios, premium professional photography services, and incredibly popular high-end podcast studios are booming. Immersive multi-platform content creation, highly targeted influencer marketing, and incredibly engaging video-first strategies are absolutely vital.",2026-01-30 00:00:00,2026-01-30 00:00:00
00000000-0000-0000-0001-000000000001,00000000-0000-0000-0000-000000000000,general,franchise,general,Growth Rate,"The massive Indian franchise industry is incredibly growing at an unprecedented 30-35% annually, proudly boasting over forty-five hundred highly successful brands operating across two hundred cities, firmly positioning India as the third largest global franchise market.",Market Trend,"Highly innovative digital-first models, incredibly compact modern kiosk formats, and aggressive tier-two city market expansion are undoubtedly the absolute biggest growth drivers. Exceptionally flexible operational formats like highly efficient cloud kitchens and incredibly scalable home-based outlets dominate.",2026-01-30 00:00:00,2026-01-30 00:00:00
00000000-0000-0000-0002-000000000002,00000000-0000-0000-0000-000000000000,general,franchise,low-investment,Growth Rate,"Incredibly accessible low-investment franchises under ten lakhs are currently the absolute fastest-growing market segment at over forty percent annually, heavily driven by highly ambitious first-time entrepreneurs, empowered women, and highly motivated gig economy workers seeking massive flexibility.",Market Trend,"Highly lucrative home-based professional services, exceptionally impactful EdTech tutoring, highly compact premium beauty kiosks, and highly profitable mobile food carts absolutely dominate this budget segment. Incredibly aggressive brands now actively offer absolute zero percent introductory royalty fees.",2026-01-30 00:00:00,2026-01-30 00:00:00
00000000-0000-0000-0003-000000000003,00000000-0000-0000-0000-000000000000,general,franchise,location-based,Growth Rate,"Massive franchise expansion across developing tier-two and tier-three cities is incredibly growing at a phenomenal forty-five percent year-over-year, as highly ambitious brands aggressively target completely untapped regional markets offering significantly lower real estate costs and booming demand.",Market Trend,"Rapidly developing cities like beautiful Jaipur, historic Lucknow, bustling Indore, and highly industrious Coimbatore are quickly emerging as the absolute top franchise hubs globally. Innovative brands are intelligently offering highly tailored localized pricing and incredibly adaptive menus.",2026-01-30 00:00:00,2026-01-30 00:00:00
00000000-0000-0000-0004-000000000004,00000000-0000-0000-0000-000000000000,general,franchise,roi-focused,Growth Rate,"Exceptionally well-run modern franchises consistently report an incredibly massive fifteen to forty percent annual return on investment across all major categories, proudly showcasing an incredibly rapid average business break-even timeline of just eighteen to twenty-four highly profitable months.",Market Trend,"Highly innovative modern franchises utilizing incredibly reliable recurring revenue models like premium memberships and highly sticky subscriptions showcase the absolute fastest massive ROI. Premium health, advanced education, and highly luxurious beauty categories consistently lead on absolute profitability.",2026-01-30 00:00:00,2026-01-30 00:00:00
550e8400-e29b-41d4-a716-446655440501,5ed3c109-2d23-4148-a019-f347fda26ed4,automotive,association,general,Growth Rate,"Automotive associations are consistently growing at a steady 8-10% annually, heavily driven by the incredibly massive global EV shift, increasingly stricter worldwide emission norms, and the critically urgent growing need for highly unified, robust industry regulatory representation.",Market Trend,"Highly specialized EV advocacy groups and massive multi-brand service networks are currently trending incredibly strongly across markets. The absolute primary focus remains on highly transparent pricing, incredibly sustainable manufacturing practices, and exceptionally coordinated policy advocacy across chapters.",2026-01-30 00:00:00,2026-01-30 00:00:00
550e8400-e29b-41d4-a716-446655440502,42467fa8-06f1-4047-baf5-212e10ea66d8,beauty,association,general,Growth Rate,"Beauty and wellness associations currently show an impressive 14-16% annual growth, massively fueled by rapidly rising global grooming standards, widespread salon industry formalization, and an incredibly surging, unprecedented demand for highly professional certification and rigorous skill validation.",Market Trend,"Massive unisex salon networks and incredibly influential bridal consortiums are exceptionally highly active across major metropolitan regions. Highly standardized professional skill certification and incredibly collaborative, massive digital marketing campaigns are absolutely key industry-wide initiatives being aggressively adopted.",2026-01-30 00:00:00,2026-01-30 00:00:00
550e8400-e29b-41d4-a716-446655440503,f26791cd-9656-452d-8326-9b9296125906,health,association,general,Growth Rate,"Health and medical associations are rapidly expanding at an incredibly robust 18-22% annually, massively driven by unprecedented post-pandemic global health awareness and the absolutely critical, urgent need for highly standardized, incredibly secure private healthcare protocols operating nationwide.",Market Trend,"Massive diagnostic lab networks and incredibly luxurious premium wellness clinics are rapidly expanding globally. Firmly establishing highly robust telemedicine guidelines, incredibly strict patient data privacy standards, and exceptionally comprehensive integrated health package benchmarks are absolutely major priorities.",2026-01-30 00:00:00,2026-01-30 00:00:00
550e8400-e29b-41d4-a716-446655440504,c39ecac8-9a1f-4ad3-af64-069b9b315926,business-services,association,general,Growth Rate,"Business services associations are consistently growing at a solid 10-12% annually, significantly fueled by the incredibly booming global startup ecosystem and a massively increasing corporate reliance on highly specialized, incredibly efficient professional B2B consulting firms operating worldwide.",Market Trend,"Highly influential digital marketing guilds and incredibly powerful professional HR federations are gaining exceptionally strong market prominence. They heavily focus on establishing incredibly rigorous ethical guidelines, highly fair pricing benchmarks, and exceptionally collaborative upskilling resources for members.",2026-01-30 00:00:00,2026-01-30 00:00:00
550e8400-e29b-41d4-a716-446655440505,cc637398-2762-4b5b-a999-c1a8c5567cfe,dealers-distributors,association,general,Growth Rate,"Dealer and distributor associations currently see a steady 9-11% annual growth, heavily supported by massive FMCG global supply chain expansion and the incredibly growing, absolutely critical necessity for highly unified collective bargaining power in rapidly developing markets.",Market Trend,"Massive pharmaceutical and incredibly expansive FMCG distributor guilds are currently actively focusing deeply on establishing highly secure digital payment standards, incredibly advanced automated inventory protocols, and exceptionally fair trade practices to strongly protect much smaller regional distributors.",2026-01-30 00:00:00,2026-01-30 00:00:00
550e8400-e29b-41d4-a716-446655440506,f5fe36f6-02ef-4ca5-b884-30d22b5402cf,education,association,general,Growth Rate,"Education associations are consistently growing at a robust 12-15% annually, heavily driven by India's incredibly massive student demographic, highly impactful comprehensive NEP implementation, and the absolutely urgent, critical need for incredibly rigorous private coaching accreditation standards nationwide.",Market Trend,"Massive national coaching federations and incredibly expansive modern e-learning guilds are currently seeing absolutely unprecedented, record-breaking participation nationwide. Firmly establishing incredibly rigorous accreditation standards and highly scalable, incredibly flexible hybrid learning models remain the absolute primary focus.",2026-01-30 00:00:00,2026-01-30 00:00:00
550e8400-e29b-41d4-a716-446655440507,3b1b6be7-d616-4c46-a470-2a2fc1d16691,fashion,association,general,Growth Rate,"Fashion and apparel associations are steadily growing at a solid 11-13% annually, massively propelled by rapidly rising global brand consciousness, incredibly strong international export growth, and the incredibly massive industry-wide shift toward highly sustainable, eco-friendly textile manufacturing.",Market Trend,"Incredibly massive traditional ethnic wear consortiums and highly influential sustainable fashion networks are currently trending incredibly strongly, heavily prioritizing absolutely strict zero-waste manufacturing standards and exceptionally collaborative, highly unified omnichannel retail strategies across massive global member brands.",2026-01-30 00:00:00,2026-01-30 00:00:00
550e8400-e29b-41d4-a716-446655440508,7b332bd1-117a-4b40-92a1-aa8c5267a02b,food-beverage,association,general,Growth Rate,"Food and beverage industry associations are consistently growing at a robust 10-13% annually, massively supported by explosive global QSR sector growth, incredibly rapid cloud kitchens expansion, and the absolutely critical importance of highly unified collective food safety representation.",Market Trend,"Massive collaborative cloud kitchen alliances and incredibly active regional cafe associations are currently highly active, strongly shifting their core focus toward incredibly strict mandatory FSSAI compliance, highly sustainable green packaging guidelines, and exceptionally unified shared supply chain negotiations.",2026-01-30 00:00:00,2026-01-30 00:00:00
550e8400-e29b-41d4-a716-446655440509,1e4a2772-e991-4e90-b77b-2724809f5dbc,home-based-business,association,general,Growth Rate,"Home-based business associations currently experience an incredibly rapid 15-18% growth, massively empowered by the booming global gig economy, incredibly rapidly rising solopreneurship, and an absolutely unprecedented, incredibly strong demand for highly professional mentorship among passionate women entrepreneurs nationwide.",Market Trend,"Massively influential freelancer guilds and incredibly expansive direct selling federations are currently gaining absolutely massive market traction, heavily focusing on highly advanced digital skilling workshops and firmly establishing incredibly strong consumer trust for small, highly dedicated micro-businesses.",2026-01-30 00:00:00,2026-01-30 00:00:00
550e8400-e29b-41d4-a716-44665544050a,d8e835b1-07dd-4279-93b4-5049cfb1c6d6,hotel-travel-tourism,association,general,Growth Rate,"Travel and tourism associations currently show an incredibly strong 12-15% annual growth, massively driven by a highly spectacular domestic tourism revival and the absolutely critical, incredibly growing need for highly unified, exceptionally robust hospitality sector representation operating nationwide.",Market Trend,"Incredibly massive budget hotel consortiums and highly influential independent tour operator networks are currently expanding incredibly fast, heavily promoting highly sustainable, eco-friendly eco-tourism practices and strictly standardizing absolutely rigorous hygiene protocols across all participating member properties and regions.",2026-01-30 00:00:00,2026-01-30 00:00:00
550e8400-e29b-41d4-a716-44665544050b,ae11be80-bea3-4d0e-a35a-c964451b1a20,retail,association,general,Growth Rate,"Retail associations are consistently growing at a highly steady 10-12% annually, heavily backed by incredibly massive organized retail penetration, an absolutely rapid, unprecedented quick-commerce rise, and exceptionally complex, incredibly crucial GST regulatory navigation needs demanding highly unified voices.",Market Trend,"Massive national grocery federations and incredibly influential pharmacy retail guilds are currently highly active in critical policy advocacy, heavily promoting incredibly immersive phygital retail experiences and highly unified, exceptionally aggressive collective e-commerce platform fee negotiations for massive members.",2026-01-30 00:00:00,2026-01-30 00:00:00
550e8400-e29b-41d4-a716-44665544050c,ead42b5a-26e6-4bd2-a2e3-bb8709ede483,sports-fitness,association,general,Growth Rate,"Sports and fitness associations currently experience an incredibly robust 20-25% annual growth, massively fueled by rapidly rising urban health consciousness and the absolutely critical, incredibly urgent need for highly rigorous, exceptionally standardized accredited professional fitness training standards globally.",Market Trend,"Massive influential gym owner federations and incredibly specialized, highly respected yoga bodies are exceptionally highly prominent today. They are absolutely heavily focused on strictly standardizing rigorous trainer certifications and ensuring incredibly strict, absolutely uncompromising equipment safety protocols globally.",2026-01-30 00:00:00,2026-01-30 00:00:00
550e8400-e29b-41d4-a716-44665544050d,a28de9c3-9d0d-4058-8782-1211f20ffd1d,entertainment,association,general,Growth Rate,"Entertainment and leisure associations are consistently growing at an impressive 13-16% annually, massively supported by rapidly rising global consumer spending on premium experiences and the absolutely growing, incredibly critical need for highly unified, exceptionally strict collective safety standards.",Market Trend,"Massive collaborative gaming zone alliances and incredibly influential, highly active event management networks are exceptionally highly active, firmly establishing absolutely rigorous safety protocols for incredibly active entertainment venues and executing highly unified, exceptionally aggressive collective licensing vendor negotiations.",2026-01-30 00:00:00,2026-01-30 00:00:00
550e8400-e29b-41d4-a716-44665544050e,f494351f-bfb3-411d-a178-d1905bd0616e,government,association,general,Growth Rate,"Government and public service associations consistently grow at a steady 8-10% annually, heavily backed by incredibly massive nationwide e-governance mandates and the absolutely growing, incredibly critical operational role of highly trusted private partners in crucial last-mile delivery.",Market Trend,"Massive highly influential CSC operator networks and incredibly active, highly essential digital payment facilitation guilds are steadily expanding globally. Strictly ensuring absolutely uncompromising data privacy compliance and heavily streamlining critical government scheme awareness remain incredibly vital, absolute priorities.",2026-01-30 00:00:00,2026-01-30 00:00:00
550e8400-e29b-41d4-a716-44665544050f,1a821422-d8eb-484f-a280-8af8f6b79144,real-estate,association,general,Growth Rate,"Real estate associations are consistently growing at a robust 12-15% annually, incredibly strongly fueled by massive rapid urbanization, highly strict RERA institutionalization, and an absolutely rising, incredibly massive reliance on highly certified professional property consultants over individual agents.",Market Trend,"Massive highly influential property broker federations and incredibly expansive, highly innovative PropTech networks are exceptionally highly active. Absolutely mandatory professional agent certification and the incredibly rapid adoption of highly immersive virtual property showcasing tools are quickly becoming standards.",2026-01-30 00:00:00,2026-01-30 00:00:00
550e8400-e29b-41d4-a716-446655440510,64fd1516-f032-4630-8a79-e347851f2e18,technology-it,association,general,Growth Rate,"Technology and IT associations currently see an incredibly rapid 18-22% annual growth, massively driven by relentless digital transformation across all major sectors, the absolutely ongoing massive startup boom, and incredibly urgent, highly unified global cybersecurity infrastructure defense needs.",Market Trend,"Massive highly influential IT service guilds and incredibly expansive, highly powerful SaaS consortiums are exceptionally highly prominent, with absolute key initiatives focusing on rigorous industry-wide tech certifications and heavily promoting incredibly ethical, highly responsible AI development standards globally.",2026-01-30 00:00:00,2026-01-30 00:00:00
550e8400-e29b-41d4-a716-446655440511,4a104cba-ccd3-4f86-b204-2277660117eb,finance-banking,association,general,Growth Rate,"Finance and banking associations consistently grow at a robust 10-13% annually, massively driven by incredibly aggressive financial inclusion drives, absolutely unprecedented NBFC exponential growth, and the highly critical need for incredibly unified, exceptionally strong collective representation before regulatory bodies.",Market Trend,"Massive highly influential loan DSA networks and incredibly active, highly expansive independent insurance broker federations are exceptionally highly active, focusing incredibly deeply on absolutely strict SEBI compliance and heavily standardizing incredibly secure, highly seamless digital financial onboarding processes.",2026-01-30 00:00:00,2026-01-30 00:00:00
550e8400-e29b-41d4-a716-446655440512,26d2b88d-ddbf-45b7-a016-9379064270a9,logistics-manufacturing,association,general,Growth Rate,"Logistics and manufacturing associations consistently grow at an impressive 14-16% annually, incredibly heavily driven by the massive global e-commerce boom, highly impactful national Make in India initiatives, and incredibly urgent, absolutely critical organized supply chain modernization infrastructure needs.",Market Trend,"Massive highly influential manufacturing guilds and incredibly expansive, highly efficient warehouse operator networks are currently thriving exponentially, focusing incredibly strongly on massive supply chain automation, absolutely strict cold-chain compliance, and highly sustainable, incredibly efficient green global logistics practices.",2026-01-30 00:00:00,2026-01-30 00:00:00
550e8400-e29b-41d4-a716-446655440513,985ff825-8855-4dec-9615-6d83578ef2cf,agriculture,association,general,Growth Rate,"Agriculture and allied sector associations are consistently growing at a solid 10-12% annually, heavily backed by massive government rural entrepreneurship schemes, incredibly rapid, highly innovative agri-tech adoption, and an absolutely strong, incredibly massive global certified organic produce demand.",Market Trend,"Massive highly influential Farmer Producer Organization networks and incredibly prominent, highly active organic farming guilds are exceptionally prominent, heavily facilitating highly unified collective subsidy access and firmly establishing incredibly efficient, highly direct farm-to-consumer supply chains across global markets.",2026-01-30 00:00:00,2026-01-30 00:00:00
550e8400-e29b-41d4-a716-446655440514,e42b13ce-89ed-481f-98ab-36ac53927ee4,media-communication,association,general,Growth Rate,"Media and communication associations consistently grow at a robust 12-15% annually, massively driven by absolutely explosive, unprecedented digital content creation, the incredibly massive global influencer economy, and incredibly rapidly increasing, highly aggressive corporate ad-spend across modern platforms nationwide.",Market Trend,"Massive highly influential digital marketing federations and incredibly expansive, highly active independent content creator networks are gaining absolutely massive traction fast. Firmly establishing incredibly clear, absolute content ethics and strictly standardizing highly fair influencer compensation remain absolutely top priorities.",2026-01-30 00:00:00,2026-01-30 00:00:00
550e8400-e29b-41d4-a716-446655440515,00000000-0000-0000-0000-000000000000,general,association,general,Growth Rate,"Cross-industry association membership across India is currently growing incredibly robustly at a massive 12-15% annually, massively driven by an absolutely rising, incredibly strong demand for highly structured, incredibly efficient professional networking and exceptionally credible, highly unified industry representation.",Market Trend,"Massive highly influential multi-sectoral trade bodies and incredibly expansive, highly prominent professional networking guilds are expanding incredibly rapidly, exceptionally heavily focused on strongly facilitating massive cross-industry collaboration and establishing incredibly comprehensive, absolutely rigorous member certification programs across sectors.",2026-01-30 00:00:00,2026-01-30 00:00:00

04f1711a-66c8-40dc-aec1-b21d8d9d30dc,7a9a1918-d00b-4094-9825-a655d28b0b38,energy-utilities,association,general,Growth Rate,"Energy and Utilities associations confidently expect absolutely significant, unprecedented massive growth by 2026, incredibly heavily driven by a massive annual rise in absolute electricity demand and incredibly massive, exceptionally critical global infrastructure and highly sustainable renewable capacity investments.",Market Trend,"Absolutely massive renewable dominance and incredibly rapid, highly advanced grid modernization are currently massive, exceptionally critical global trends. Major industry networks are aggressively shifting their massive focus toward incredibly advanced battery energy storage systems and highly complex AI-driven management.",2026-07-11 00:30:00,2026-07-11 00:30:00
cb88138f-b619-4732-8e52-546287565a67,962e27a5-e473-4fea-82cb-69683842e725,metals-mining,association,general,Growth Rate,"Metals and massive mining industry bodies confidently project an incredibly robust, absolutely significant output growth in 2026, massively driven by exceptionally rapid global industrialization and an absolutely soaring, incredibly massive worldwide demand for highly critical, essential energy transition minerals.",Market Trend,"The massive global sector is rapidly transitioning toward a highly advanced, incredibly tech-driven, exceptionally sustainable operational model. Incredibly strategic localization of massive global supply chains and highly improved, exceptionally efficient mineral block auctions are absolutely top crucial advocacy priorities.",2026-07-11 00:30:00,2026-07-11 00:30:00
b1f8a9a4-813b-49c1-8e9c-8471f9c6ba4e,f812d5c7-9d86-46d9-a95a-60cda67445a0,cooperative-sector,association,general,Growth Rate,"The massive cooperative ecosystem, proudly serving absolutely millions of highly dedicated active members globally, is transforming incredibly rapidly with exceptionally significant massive government investments in highly advanced digital infrastructure and the absolute massive computerization of incredibly vast operational networks.",Market Trend,"Absolutely incredible digital modernization through highly advanced e-Cooperatives and massive strategic diversification far beyond traditional agriculture are exceptionally key trends. Massive global cooperative networks are incredibly actively expanding into highly lucrative financial services, modern urban mobility, and green energy.",2026-07-11 00:30:00,2026-07-11 00:30:00
91417bb6-f21a-4e10-a478-1159ef6bb611,8f332bd1-117a-4b40-92a1-aa8c5267a123,international-trade,association,general,Growth Rate,"Massive international trade networks are incredibly aggressively driving toward absolutely unprecedented, highly ambitious massive global merchandise export growth targets, confidently aiming for an absolutely incredibly massive combined multi-trillion dollar total in exceptionally highly lucrative global exports by next year.",Market Trend,"Absolutely massive growth is heavily driven by premium petroleum, highly advanced engineering goods, and incredibly complex electronics via massive strategic PLI schemes. The absolute major unified focus is on massive global market diversification and securely establishing exceptionally strategic FTAs.",2026-07-11 00:30:00,2026-07-11 00:30:00
