id,category_id,name,slug,description,display_order,is_active,created_at,updated_at
aa2ac8a6-12e0-4e15-8fc6-3ce47a710a51,138bec94-c996-4510-895c-6c0af0f6a6fc,Burger chains,burger-chains,NULL,1,TRUE,2025-01-01 13:14:00,2025-01-01 13:14:00
b4ecba59-626f-4494-9b9c-6d691e35b839,138bec94-c996-4510-895c-6c0af0f6a6fc,Sandwich/Sub shops,sandwich-sub-shops,NULL,2,TRUE,2025-01-01 13:14:00,2025-01-01 13:14:00
a01eb0c3-5e2f-4b62-abc6-c59b24233509,138bec94-c996-4510-895c-6c0af0f6a6fc,Chicken/Meat specialties,chicken-meat,NULL,3,TRUE,2025-01-01 13:14:00,2025-01-01 13:14:00
266323bf-18db-4486-a7d4-a597c5d828ff,138bec94-c996-4510-895c-6c0af0f6a6fc,Tacos and Mexican food,tacos-mexican,NULL,4,TRUE,2025-01-01 13:14:00,2025-01-01 13:14:00
e0e92ae5-9be6-4bfa-8f56-0f28d97e5408,138bec94-c996-4510-895c-6c0af0f6a6fc,"Asian cuisine (Chinese, Indian, Thai)",asian-cuisine,NULL,5,TRUE,2025-01-01 13:14:00,2025-01-01 13:14:00
3b767e55-0e6c-4d6d-90cd-7dc9d70ed6c9,138bec94-c996-4510-895c-6c0af0f6a6fc,Diner/Kebab shops,diner-kebab,NULL,6,TRUE,2025-01-01 13:14:00,2025-01-01 13:14:00
647f1864-163b-4b7e-9529-16d0576da166,33871093-82ae-468b-becb-d5ad477a7b98,Upscale dining,upscale-dining,NULL,1,TRUE,2025-01-01 13:14:00,2025-01-01 13:14:00
1aef566c-8ed9-4284-89c3-e3daf9085f7e,33871093-82ae-468b-becb-d5ad477a7b98,Seafood restaurants,seafood-restaurants,NULL,2,TRUE,2025-01-01 13:14:00,2025-01-01 13:14:00
43f6f840-b9a9-4c54-9fd9-d7da0b4aad37,33871093-82ae-468b-becb-d5ad477a7b98,Steakhouses,steakhouses,NULL,3,TRUE,2025-01-01 13:14:00,2025-01-01 13:14:00
b2f585d8-8b83-408a-9cd8-10d67d22528c,33871093-82ae-468b-becb-d5ad477a7b98,Theme/Specialty restaurants,theme-specialty,NULL,4,TRUE,2025-01-01 13:14:00,2025-01-01 13:14:00
ddabb18e-7453-4430-9ce3-a06f3326cbde,33871093-82ae-468b-becb-d5ad477a7b98,Sports lounges and bars,sports-lounges,NULL,5,TRUE,2025-01-01 13:14:00,2025-01-01 13:14:00
23037d71-c2ea-4a98-9066-511401aa82e1,8dcc57a0-79ac-45dd-9db0-efb3d1fd5299,Drive-thru coffee,drive-thru-coffee,NULL,1,TRUE,2025-01-01 13:14:00,2025-01-01 13:14:00
f5aa12c0-a668-4178-b870-908ba1c7ac67,8dcc57a0-79ac-45dd-9db0-efb3d1fd5299,Specialty coffee chains,specialty-coffee,NULL,2,TRUE,2025-01-01 13:14:00,2025-01-01 13:14:00
e8840113-28f3-4d0b-8d73-9f513c624c2a,8dcc57a0-79ac-45dd-9db0-efb3d1fd5299,Tea and beverage houses,tea-beverage-houses,NULL,3,TRUE,2025-01-01 13:14:00,2025-01-01 13:14:00
e9452b7a-02cb-45b8-a05c-ce1936aae2ea,8dcc57a0-79ac-45dd-9db0-efb3d1fd5299,Artisan cafes,artisan-cafes,NULL,4,TRUE,2025-01-01 13:14:00,2025-01-01 13:14:00
ee87b2fb-f35d-4dfc-a1ca-937eb532067c,8dcc57a0-79ac-45dd-9db0-efb3d1fd5299,Mobile coffee trucks,mobile-coffee,NULL,5,TRUE,2025-01-01 13:14:00,2025-01-01 13:14:00
2e2c0fd2-f457-4bbf-89a4-6e958905ace1,a4607b32-1492-4625-b7e1-ce88eb426112,Multi-brand cloud kitchens,multi-brand-cloud,NULL,1,TRUE,2025-01-01 13:14:00,2025-01-01 13:14:00
af217a64-07c7-4e91-90b8-4e56b9ef243e,a4607b32-1492-4625-b7e1-ce88eb426112,Niche cuisine delivery,niche-delivery,NULL,2,TRUE,2025-01-01 13:14:00,2025-01-01 13:14:00
663660b0-63c8-4a39-912d-d964eb37626f,a4607b32-1492-4625-b7e1-ce88eb426112,Premium meal delivery,premium-meal,NULL,3,TRUE,2025-01-01 13:14:00,2025-01-01 13:14:00
7ca94a82-ddf3-445e-a269-639754641d13,a4607b32-1492-4625-b7e1-ce88eb426112,Meal prep services,meal-prep,NULL,4,TRUE,2025-01-01 13:14:00,2025-01-01 13:14:00
39478e69-751f-45a6-88b2-fd08bf1e80a2,343841d6-b938-4b7d-8523-23d25aa1eeb5,Ice cream parlors,ice-cream,NULL,1,TRUE,2025-01-01 13:14:00,2025-01-01 13:14:00
97026a52-d626-4be5-bbc8-de1a72ad349a,343841d6-b938-4b7d-8523-23d25aa1eeb5,Donut shops,donut-shops,NULL,2,TRUE,2025-01-01 13:14:00,2025-01-01 13:14:00
8c1d63cc-3124-4fe9-9b77-352979659082,343841d6-b938-4b7d-8523-23d25aa1eeb5,Bakeries,bakeries,NULL,3,TRUE,2025-01-01 13:14:00,2025-01-01 13:14:00
d467eaee-09e4-4961-b214-b348e7723c54,343841d6-b938-4b7d-8523-23d25aa1eeb5,Chocolate shops,chocolate-shops,NULL,4,TRUE,2025-01-01 13:14:00,2025-01-01 13:14:00
03ef20c9-4602-4b3f-b405-be77706bfc0e,343841d6-b938-4b7d-8523-23d25aa1eeb5,Specialty desserts,specialty-desserts,NULL,5,TRUE,2025-01-01 13:14:00,2025-01-01 13:14:00
c9192f36-c5ee-4f25-88c6-3facad900afe,343841d6-b938-4b7d-8523-23d25aa1eeb5,Candy/Sweet shops,candy-sweet-shops,NULL,6,TRUE,2025-01-01 13:14:00,2025-01-01 13:14:00
5470f3a6-8f98-4587-a430-be88c6b9c0ac,470809ae-c5f3-4ba1-9522-fd0972619f7f,Pizza chains,pizza-chains,NULL,1,TRUE,2025-01-01 13:14:00,2025-01-01 13:14:00
0f1d8c04-97b9-4843-9872-3e78a0272e57,470809ae-c5f3-4ba1-9522-fd0972619f7f,Salad/Health food concepts,salad-health-food,NULL,2,TRUE,2025-01-01 13:14:00,2025-01-01 13:14:00
7e7803bc-2a3d-4ddc-97ca-f394049fb39e,470809ae-c5f3-4ba1-9522-fd0972619f7f,Smoothie/Juice bars,smoothie-juice,NULL,3,TRUE,2025-01-01 13:14:00,2025-01-01 13:14:00
d6eb4f5e-8be6-47e7-bf7e-849e6628283f,470809ae-c5f3-4ba1-9522-fd0972619f7f,Wraps and bowls,wraps-bowls,NULL,4,TRUE,2025-01-01 13:14:00,2025-01-01 13:14:00
c82335ca-73c8-44fb-8e7c-4f7d4965d472,470809ae-c5f3-4ba1-9522-fd0972619f7f,Casual family dining,casual-family,NULL,5,TRUE,2025-01-01 13:14:00,2025-01-01 13:14:00
7daea8e4-766a-4a49-8504-fa209e5c52e3,4cae38a8-4a2b-4f9f-8e47-c51a8fdab4d6,Seafood casual dining,seafood-casual,NULL,1,TRUE,2025-01-01 13:14:00,2025-01-01 13:14:00
bb2a9857-6b24-4d60-a41d-dbd92eeab1b8,4cae38a8-4a2b-4f9f-8e47-c51a8fdab4d6,Vegetarian/Vegan concepts,veg-vegan,NULL,2,TRUE,2025-01-01 13:14:00,2025-01-01 13:14:00
d1d4d95c-2df5-4126-8033-d0a652c4d8b3,4cae38a8-4a2b-4f9f-8e47-c51a8fdab4d6,Regional cuisine,regional-cuisine,NULL,3,TRUE,2025-01-01 13:14:00,2025-01-01 13:14:00
5890126b-c352-4df7-8341-1ac685154844,4cae38a8-4a2b-4f9f-8e47-c51a8fdab4d6,Street food franchises,street-food,NULL,4,TRUE,2025-01-01 13:14:00,2025-01-01 13:14:00
42c14bcb-b9c6-4c44-8a26-81f0629e7f63,4cae38a8-4a2b-4f9f-8e47-c51a8fdab4d6,Breakfast/Brunch concepts,breakfast-brunch,NULL,5,TRUE,2025-01-01 13:14:00,2025-01-01 13:14:00
aedb7583-d0dc-483d-a88a-af16ccb7ab6f,a2af5b73-0d5f-4819-8bac-acbdaa32952f,Bubble tea/Boba,bubble-tea-boba,NULL,1,TRUE,2025-01-01 13:14:00,2025-01-01 13:14:00
a35c2963-6eb2-49ab-8d40-7ece7e1346eb,a2af5b73-0d5f-4819-8bac-acbdaa32952f,Smoothies and juices,smoothies-juices,NULL,2,TRUE,2025-01-01 13:14:00,2025-01-01 13:14:00
c6f24660-0b02-4872-ac34-07d23a78c1a8,a2af5b73-0d5f-4819-8bac-acbdaa32952f,Health drinks,health-drinks,NULL,3,TRUE,2025-01-01 13:14:00,2025-01-01 13:14:00
746d593b-2b2b-4477-8920-817f17e5f302,a2af5b73-0d5f-4819-8bac-acbdaa32952f,Energy drinks,energy-drinks,NULL,4,TRUE,2025-01-01 13:14:00,2025-01-01 13:14:00
c9cc0c07-047f-4f9b-9dab-52c4d86b8f03,a2af5b73-0d5f-4819-8bac-acbdaa32952f,Specialty beverages,specialty-beverages,NULL,5,TRUE,2025-01-01 13:14:00,2025-01-01 13:14:00
ad3bee99-7863-4b55-aa09-b9754b160c47,5f917eec-d4dc-40cb-94dd-b3272db3f858,Men's clothing stores,mens-clothing,NULL,1,TRUE,2025-01-01 13:14:00,2025-01-01 13:14:00
bce1e994-acf3-4090-853f-efbc01836951,5f917eec-d4dc-40cb-94dd-b3272db3f858,Women's clothing stores,womens-clothing,NULL,2,TRUE,2025-01-01 13:14:00,2025-01-01 13:14:00
6898215c-6350-4a2f-b42d-94e3e1d041aa,5f917eec-d4dc-40cb-94dd-b3272db3f858,Children's clothing stores,childrens-clothing,NULL,3,TRUE,2025-01-01 13:14:00,2025-01-01 13:14:00
b7b9056e-343d-4903-8c65-373151880714,5f917eec-d4dc-40cb-94dd-b3272db3f858,Footwear and shoes,footwear-shoes,NULL,4,TRUE,2025-01-01 13:14:00,2025-01-01 13:14:00
5aea2c49-62ea-4875-a90a-440920bd2e60,5f917eec-d4dc-40cb-94dd-b3272db3f858,"Accessories (bags, belts, jewelry)",accessories-bags,NULL,5,TRUE,2025-01-01 13:14:00,2025-01-01 13:14:00
2489267c-9b73-4948-a360-81d6ae8f9a8e,5f917eec-d4dc-40cb-94dd-b3272db3f858,"Ethnic wear (sarees, kurtis, traditional)",ethnic-wear,NULL,6,TRUE,2025-01-01 13:14:00,2025-01-01 13:14:00
b1aaab67-e072-48b8-8c61-539917206eec,5f917eec-d4dc-40cb-94dd-b3272db3f858,Western wear,western-wear,NULL,7,TRUE,2025-01-01 13:14:00,2025-01-01 13:14:00
6b91d57b-182a-454c-aabd-90cd85d7facf,5f917eec-d4dc-40cb-94dd-b3272db3f858,Sportswear,sportswear,NULL,8,TRUE,2025-01-01 13:14:00,2025-01-01 13:14:00
14eb68ad-80c5-4379-b380-2719cf755b84,5f917eec-d4dc-40cb-94dd-b3272db3f858,Luxury/Premium brands,luxury-premium,NULL,9,TRUE,2025-01-01 13:14:00,2025-01-01 13:14:00
2c0cf7ad-c480-4428-84c9-37060a9a0a37,4081baaa-071b-45f4-a25d-ac5121bfccc7,Organized grocery chains,organized-grocery,NULL,1,TRUE,2025-01-01 13:14:00,2025-01-01 13:14:00
cd2bb4ab-1076-4499-b4ac-412e75ce6a24,4081baaa-071b-45f4-a25d-ac5121bfccc7,Fresh produce stores,fresh-produce,NULL,2,TRUE,2025-01-01 13:14:00,2025-01-01 13:14:00
5ef44941-021e-4c44-a995-8fcf78858411,4081baaa-071b-45f4-a25d-ac5121bfccc7,Organic food retail,organic-food,NULL,3,TRUE,2025-01-01 13:14:00,2025-01-01 13:14:00
fd2f8365-a2f8-418a-b4cc-dc2a368c7b1c,4081baaa-071b-45f4-a25d-ac5121bfccc7,Convenience stores,convenience-stores,NULL,4,TRUE,2025-01-01 13:14:00,2025-01-01 13:14:00
7e20674c-0cfd-42f7-94dc-124313a44543,4081baaa-071b-45f4-a25d-ac5121bfccc7,Specialty grocery,specialty-grocery,NULL,5,TRUE,2025-01-01 13:14:00,2025-01-01 13:14:00
55bd2d50-ae98-42be-852d-d2eccaff0b46,a3ae9791-1572-4564-a7b7-b17e5824951c,Computer/IT stores,computer-it,NULL,1,TRUE,2025-01-01 13:14:00,2025-01-01 13:14:00
50ed2bb6-97ae-4928-9dac-09d7490795cf,a3ae9791-1572-4564-a7b7-b17e5824951c,Mobile phone retailers,mobile-phones,NULL,2,TRUE,2025-01-01 13:14:00,2025-01-01 13:14:00
7a4a6e5a-117c-41ef-84d0-e7d0e4319a59,a3ae9791-1572-4564-a7b7-b17e5824951c,Home appliances,home-appliances,NULL,3,TRUE,2025-01-01 13:14:00,2025-01-01 13:14:00
23572d27-28d8-44ed-9b1f-e7b7d7e780dc,a3ae9791-1572-4564-a7b7-b17e5824951c,Consumer electronics,consumer-electronics,NULL,4,TRUE,2025-01-01 13:14:00,2025-01-01 13:14:00
cc7fa148-7c1a-489f-9b64-13095c7e0137,a3ae9791-1572-4564-a7b7-b17e5824951c,Audio/Video equipment,audio-video,NULL,5,TRUE,2025-01-01 13:14:00,2025-01-01 13:14:00
63626deb-8fc4-4aec-b953-9613fc3e83f6,d859a9f6-ce5f-4e3f-8c72-f7e2030f93ce,Home decor stores,home-decor,NULL,1,TRUE,2025-01-01 13:14:00,2025-01-01 13:14:00
efce174e-a81e-4902-9c51-e5cdf3abf3c2,d859a9f6-ce5f-4e3f-8c72-f7e2030f93ce,Furniture retail,furniture-retail,NULL,2,TRUE,2025-01-01 13:14:00,2025-01-01 13:14:00
b804f2f5-20a0-4930-a261-6a4967c1c256,d859a9f6-ce5f-4e3f-8c72-f7e2030f93ce,Kitchen appliances,kitchen-appliances,NULL,3,TRUE,2025-01-01 13:14:00,2025-01-01 13:14:00
d3df6806-b080-47cd-b0ff-d7686788f78a,d859a9f6-ce5f-4e3f-8c72-f7e2030f93ce,Lighting and fixtures,lighting-fixtures,NULL,4,TRUE,2025-01-01 13:14:00,2025-01-01 13:14:00
2240a7cf-d542-4e98-b008-2ee7722dda4b,d859a9f6-ce5f-4e3f-8c72-f7e2030f93ce,Garden supplies,garden-supplies,NULL,5,TRUE,2025-01-01 13:14:00,2025-01-01 13:14:00
33404ae7-0c7b-4492-83ef-ece78c63f2cc,2a186b71-b6dd-44ce-affb-88b8d16eb578,Bookstores,bookstores,NULL,1,TRUE,2025-01-01 13:14:00,2025-01-01 13:14:00
e283b52f-d6f1-47d1-bf10-08d6c5af6a60,2a186b71-b6dd-44ce-affb-88b8d16eb578,Toy stores,toy-stores,NULL,2,TRUE,2025-01-01 13:14:00,2025-01-01 13:14:00
835bd890-6f35-40d0-acde-521279a0fd20,2a186b71-b6dd-44ce-affb-88b8d16eb578,Gaming centers,gaming-centers,NULL,3,TRUE,2025-01-01 13:14:00,2025-01-01 13:14:00
a59bd40a-ab72-4416-80d4-c68a2a96084b,2a186b71-b6dd-44ce-affb-88b8d16eb578,Entertainment merchandise,entertainment-merch,NULL,4,TRUE,2025-01-01 13:14:00,2025-01-01 13:14:00
b31bcb6b-4206-4cb6-b959-6d06e13bf134,a304b977-b01b-44b8-aebb-1186af42aba7,Skincare product stores,skincare-products,NULL,1,TRUE,2025-01-01 13:14:00,2025-01-01 13:14:00
373ffc16-4358-4d2b-8564-228e2ca044a6,a304b977-b01b-44b8-aebb-1186af42aba7,Makeup retailers,makeup-retailers,NULL,2,TRUE,2025-01-01 13:14:00,2025-01-01 13:14:00
4ff58de7-1563-4fff-8853-28266fa37e7f,a304b977-b01b-44b8-aebb-1186af42aba7,Fragrance shops,fragrance-shops,NULL,3,TRUE,2025-01-01 13:14:00,2025-01-01 13:14:00
702e83c8-bbc0-4a74-80d5-91db1f72785d,a304b977-b01b-44b8-aebb-1186af42aba7,Personal care products,personal-care,NULL,4,TRUE,2025-01-01 13:14:00,2025-01-01 13:14:00
368e79cc-574f-4ac2-a8e3-6f51f14f3178,a304b977-b01b-44b8-aebb-1186af42aba7,Premium beauty retail,premium-beauty,NULL,5,TRUE,2025-01-01 13:14:00,2025-01-01 13:14:00
41a7b674-be1f-4204-80c5-974f9ba24d39,10bbf5a6-0d2a-4f76-9579-c153cfc4542f,Jewellery stores,jewellery-stores,NULL,1,TRUE,2025-01-01 13:14:00,2025-01-01 13:14:00
05bdb470-421d-41bf-813a-e662f00e82b3,10bbf5a6-0d2a-4f76-9579-c153cfc4542f,Watch retailers,watch-retailers,NULL,2,TRUE,2025-01-01 13:14:00,2025-01-01 13:14:00
c89e72d2-473c-41d6-ae39-4581f54305fc,10bbf5a6-0d2a-4f76-9579-c153cfc4542f,Accessory boutiques,accessory-boutiques,NULL,3,TRUE,2025-01-01 13:14:00,2025-01-01 13:14:00
a50eea71-ac81-4438-a9a7-9f9ae1cf7f89,10bbf5a6-0d2a-4f76-9579-c153cfc4542f,Premium jewellery,premium-jewellery,NULL,4,TRUE,2025-01-01 13:14:00,2025-01-01 13:14:00
e6557dc4-26ce-465e-9ae9-3cc02c70fbc1,10f25068-4e34-42ca-94b3-96f5288b82ea,Multi-category stores,multi-category,NULL,1,TRUE,2025-01-01 13:14:00,2025-01-01 13:14:00
8a83c815-be56-48ef-b1de-a8698888d087,10f25068-4e34-42ca-94b3-96f5288b82ea,Variety stores,variety-stores,NULL,2,TRUE,2025-01-01 13:14:00,2025-01-01 13:14:00
3e83f541-7341-4018-ab30-8c42069de70d,10f25068-4e34-42ca-94b3-96f5288b82ea,Outlet retail,outlet-retail,NULL,3,TRUE,2025-01-01 13:14:00,2025-01-01 13:14:00
d493879f-f5cc-4c9a-bfbd-78a96a34b900,c0bae7dc-ef7b-4a8b-99fd-c1c1de3a9ed2,Full-service salons,full-service-salons,NULL,1,TRUE,2025-01-01 16:03:00,2025-01-01 16:03:00
a11031c8-c160-488b-ae57-59320f8e85fa,c0bae7dc-ef7b-4a8b-99fd-c1c1de3a9ed2,Hair cutting & styling,hair-cutting-styling,NULL,2,TRUE,2025-01-01 16:03:00,2025-01-01 16:03:00
a19f76a3-c994-4e6f-bde3-9af069bc6c03,c0bae7dc-ef7b-4a8b-99fd-c1c1de3a9ed2,Hair treatment centers,hair-treatment,NULL,3,TRUE,2025-01-01 16:03:00,2025-01-01 16:03:00
51265338-a156-4c12-b900-cd3dd66dcdf7,c0bae7dc-ef7b-4a8b-99fd-c1c1de3a9ed2,Blow-dry bars,blow-dry-bars,NULL,4,TRUE,2025-01-01 16:03:00,2025-01-01 16:03:00
6c9a8c6f-47b7-4e20-b7ec-56eaa99fabda,c0bae7dc-ef7b-4a8b-99fd-c1c1de3a9ed2,Salon suites,salon-suites,NULL,5,TRUE,2025-01-01 16:03:00,2025-01-01 16:03:00
b1f1a001-1111-4a1b-aaaa-111111111111,d3eb7bae-2fff-4325-b5fc-0d1ef63ce523,Traditional spas,traditional-spas,NULL,1,TRUE,2025-01-01 03:19:00,2025-01-01 03:19:00
b1f1a002-1111-4a1b-aaaa-111111111112,d3eb7bae-2fff-4325-b5fc-0d1ef63ce523,Therapeutic massage centers,therapeutic-massage,NULL,2,TRUE,2025-01-01 03:19:00,2025-01-01 03:19:00
b1f1a003-1111-4a1b-aaaa-111111111113,d3eb7bae-2fff-4325-b5fc-0d1ef63ce523,Wellness spas,wellness-spas,NULL,3,TRUE,2025-01-01 03:19:00,2025-01-01 03:19:00
b1f1a004-1111-4a1b-aaaa-111111111114,d3eb7bae-2fff-4325-b5fc-0d1ef63ce523,Luxury spa chains,luxury-spas,NULL,4,TRUE,2025-01-01 03:19:00,2025-01-01 03:19:00
b1f1a005-1111-4a1b-aaaa-111111111115,d3eb7bae-2fff-4325-b5fc-0d1ef63ce523,Reflexology centers,reflexology,NULL,5,TRUE,2025-01-01 03:19:00,2025-01-01 03:19:00
b2f2b001-2222-4b2b-bbbb-222222222221,99a7aaba-40a8-48e3-b8f9-a0d489cfb213,Skincare clinics,skincare-clinics,NULL,1,TRUE,2025-01-01 03:19:00,2025-01-01 03:19:00
b2f2b002-2222-4b2b-bbbb-222222222222,99a7aaba-40a8-48e3-b8f9-a0d489cfb213,Dermatology centers,dermatology,NULL,2,TRUE,2025-01-01 03:19:00,2025-01-01 03:19:00
b2f2b003-2222-4b2b-bbbb-222222222223,99a7aaba-40a8-48e3-b8f9-a0d489cfb213,Anti-aging treatments,anti-aging,NULL,3,TRUE,2025-01-01 03:19:00,2025-01-01 03:19:00
b2f2b004-2222-4b2b-bbbb-222222222224,99a7aaba-40a8-48e3-b8f9-a0d489cfb213,Facials and peels,facials-peels,NULL,4,TRUE,2025-01-01 03:19:00,2025-01-01 03:19:00
b2f2b005-2222-4b2b-bbbb-222222222225,99a7aaba-40a8-48e3-b8f9-a0d489cfb213,Tattoo removal,tattoo-removal,NULL,5,TRUE,2025-01-01 03:19:00,2025-01-01 03:19:00
b3f3c001-3333-4c3c-cccc-333333333331,02999122-359b-4495-876f-248557ba579f,Waxing studios,waxing-studios,NULL,1,TRUE,2025-01-01 03:19:00,2025-01-01 03:19:00
b3f3c002-3333-4c3c-cccc-333333333332,02999122-359b-4495-876f-248557ba579f,Threading centers,threading-centers,NULL,2,TRUE,2025-01-01 03:19:00,2025-01-01 03:19:00
b3f3c003-3333-4c3c-cccc-333333333333,02999122-359b-4495-876f-248557ba579f,Laser hair removal,laser-hair-removal,NULL,3,TRUE,2025-01-01 03:19:00,2025-01-01 03:19:00
b3f3c004-3333-4c3c-cccc-333333333334,02999122-359b-4495-876f-248557ba579f,Electrolysis services,electrolysis,NULL,4,TRUE,2025-01-01 03:19:00,2025-01-01 03:19:00
b4f4d001-4444-4d4d-dddd-444444444441,0ddee978-50df-4323-9856-5e851356e212,Men's grooming,mens-grooming,NULL,1,TRUE,2025-01-01 03:19:00,2025-01-01 03:19:00
b4f4d002-4444-4d4d-dddd-444444444442,0ddee978-50df-4323-9856-5e851356e212,Barber shops,barber-shops,NULL,2,TRUE,2025-01-01 03:19:00,2025-01-01 03:19:00
b4f4d003-4444-4d4d-dddd-444444444443,0ddee978-50df-4323-9856-5e851356e212,Beard care studios,beard-care,NULL,3,TRUE,2025-01-01 03:19:00,2025-01-01 03:19:00
b4f4d004-4444-4d4d-dddd-444444444444,0ddee978-50df-4323-9856-5e851356e212,Premium grooming centers,premium-grooming,NULL,4,TRUE,2025-01-01 03:19:00,2025-01-01 03:19:00
b5f5e001-5555-4e5e-eeee-555555555551,254fb67f-3428-43b2-9dfb-c01553f7a6d1,Nail salons,nail-salons,NULL,1,TRUE,2025-01-01 03:19:00,2025-01-01 03:19:00
b5f5e002-5555-4e5e-eeee-555555555552,254fb67f-3428-43b2-9dfb-c01553f7a6d1,Manicure/Pedicure studios,manicure-pedicure,NULL,2,TRUE,2025-01-01 03:19:00,2025-01-01 03:19:00
b5f5e003-5555-4e5e-eeee-555555555553,254fb67f-3428-43b2-9dfb-c01553f7a6d1,Nail art studios,nail-art,NULL,3,TRUE,2025-01-01 03:19:00,2025-01-01 03:19:00
b6f6f001-6666-4f6f-ffff-666666666661,7f3199ec-177e-41c2-aff7-49d5373d9018,Mobile pet grooming,mobile-pet-grooming,NULL,1,TRUE,2025-01-01 03:19:00,2025-01-01 03:19:00
b6f6f002-6666-4f6f-ffff-666666666662,7f3199ec-177e-41c2-aff7-49d5373d9018,Pet grooming salons,pet-grooming-salons,NULL,2,TRUE,2025-01-01 03:19:00,2025-01-01 03:19:00
b6f6f003-6666-4f6f-ffff-666666666663,7f3199ec-177e-41c2-aff7-49d5373d9018,Pet spa centers,pet-spa,NULL,3,TRUE,2025-01-01 03:19:00,2025-01-01 03:19:00
b6f6f004-6666-4f6f-ffff-666666666664,7f3199ec-177e-41c2-aff7-49d5373d9018,Pet nail care,pet-nail-care,NULL,4,TRUE,2025-01-01 03:19:00,2025-01-01 03:19:00
0783cd92-0e29-4a26-8e41-aeb113b58a02,5dbe61d1-daa6-4f30-acba-d9094a3f9de3,Traditional gyms,traditional-gyms,NULL,1,TRUE,2025-01-01 08:44:00,2025-01-01 08:44:00
a9be3dfd-b2df-4b01-b427-ca7777e8502f,5dbe61d1-daa6-4f30-acba-d9094a3f9de3,Budget fitness chains,budget-fitness,NULL,2,TRUE,2025-01-01 08:44:00,2025-01-01 08:44:00
1522d0f7-89af-4dda-a4b4-7ea0e46f0436,5dbe61d1-daa6-4f30-acba-d9094a3f9de3,Premium gyms,premium-gyms,NULL,3,TRUE,2025-01-01 08:44:00,2025-01-01 08:44:00
d24750d2-a672-4926-bc8c-03b2979189b6,5dbe61d1-daa6-4f30-acba-d9094a3f9de3,AI-enabled fitness centers,ai-fitness,NULL,4,TRUE,2025-01-01 08:44:00,2025-01-01 08:44:00
7691d3c4-b420-4c6b-92d4-a2da6fbbc7b3,5dbe61d1-daa6-4f30-acba-d9094a3f9de3,24-hour gyms,24-hour-gyms,NULL,5,TRUE,2025-01-01 08:44:00,2025-01-01 08:44:00
665baf59-ca74-4bdf-80a4-a44766d4b734,53b38111-c118-4a0d-ba1d-0500cedd6285,CrossFit boxes,crossfit-boxes,NULL,1,TRUE,2025-01-01 20:14:00,2025-01-01 20:14:00
1177a432-8493-4cf9-9e3a-25e5e1a5966d,53b38111-c118-4a0d-ba1d-0500cedd6285,Dance fitness studios,dance-fitness-studios,NULL,3,TRUE,2025-01-01 20:14:00,2025-01-01 20:14:00
60c28065-5013-404a-a688-1ebe79ac9a47,53b38111-c118-4a0d-ba1d-0500cedd6285,Martial arts centers,martial-arts-centers,NULL,4,TRUE,2025-01-01 20:14:00,2025-01-01 20:14:00
253c52d1-7938-497a-bbb2-9266034ee523,53b38111-c118-4a0d-ba1d-0500cedd6285,Swimming pool clubs,swimming-pool-clubs,NULL,5,TRUE,2025-01-01 20:14:00,2025-01-01 20:14:00
f0cbff05-264d-400a-925e-3f4fefa67a9c,53b38111-c118-4a0d-ba1d-0500cedd6285,Boxing/MMA gyms,boxing-mma-gyms,NULL,2,TRUE,2025-01-01 20:14:00,2025-01-01 20:14:00
5cf414a9-7d0b-4cbc-82e9-54a3dd0b9e26,ecb74426-adfd-416f-90ce-ac1136940e59,Dental clinics,dental-clinics,NULL,3,TRUE,2025-01-01 20:21:00,2025-01-01 20:21:00
8efb3f1b-df47-4567-ae54-340777480d16,ecb74426-adfd-416f-90ce-ac1136940e59,Diagnostic centers,diagnostic-centers,NULL,2,TRUE,2025-01-01 20:21:00,2025-01-01 20:21:00
a0f45e64-d974-4ed8-99b7-5fe52a283bc9,ecb74426-adfd-416f-90ce-ac1136940e59,Urgent care centers,urgent-care-centers,NULL,1,TRUE,2025-01-01 20:21:00,2025-01-01 20:21:00
d677fef0-3723-4fbd-a3f5-ccc0132fb008,ecb74426-adfd-416f-90ce-ac1136940e59,Optometry centers,optometry-centers,NULL,4,TRUE,2025-01-01 20:21:00,2025-01-01 20:21:00
95968819-61fa-4073-906d-9a6dbde79314,ecb74426-adfd-416f-90ce-ac1136940e59,Physiotherapy centers,physiotherapy-centers,NULL,5,TRUE,2025-01-01 20:21:00,2025-01-01 20:21:00
58890a7b-c570-4cf0-9224-ce734f338b09,92d923db-9583-4bf3-bda3-5bfde5a99d88,Balance and mobility centers,balance-mobility-centers,NULL,3,TRUE,2025-01-01 20:28:00,2025-01-01 20:28:00
e671baef-e65a-4d8a-898a-603af09105e7,92d923db-9583-4bf3-bda3-5bfde5a99d88,PT centers,pt-centers,NULL,1,TRUE,2025-01-01 20:28:00,2025-01-01 20:28:00
217a94a0-6d96-4a4f-905e-ff69ca13683d,92d923db-9583-4bf3-bda3-5bfde5a99d88,Sports injury clinics,sports-injury-clinics,NULL,2,TRUE,2025-01-01 20:28:00,2025-01-01 20:28:00
588c2671-a440-4b94-9990-50c7b7ef6afb,1197ce03-96ae-4670-9ef3-28468625cf46,Montessori centers,montessori-centers,NULL,3,TRUE,2025-01-01 20:40:00,2025-01-01 20:40:00
21f51f84-c1dd-4478-8fb0-1c10b08829a9,1197ce03-96ae-4670-9ef3-28468625cf46,Preschools,preschools,NULL,2,TRUE,2025-01-01 20:40:00,2025-01-01 20:40:00
b4d493a3-2cc4-447f-a34c-327107ec2985,1197ce03-96ae-4670-9ef3-28468625cf46,Daycare centers,daycare-centers,NULL,5,TRUE,2025-01-01 20:40:00,2025-01-01 20:40:00
f049a0b1-3fa9-4abc-ace2-94d2bfd56985,1197ce03-96ae-4670-9ef3-28468625cf46,Playgroups,playgroups,NULL,1,TRUE,2025-01-01 20:40:00,2025-01-01 20:40:00
7ebf92d3-9b29-4e17-ba45-0590524927c1,1197ce03-96ae-4670-9ef3-28468625cf46,Kindergarten franchises,kindergarten-franchises,NULL,4,TRUE,2025-01-01 20:40:00,2025-01-01 20:40:00
4eb29058-3bc2-43c5-a3a9-066f9879db4a,93813225-2cbe-4d50-8943-423d4338776a,Math learning centers,math-learning-centers,NULL,2,TRUE,2025-01-01 20:47:00,2025-01-01 20:47:00
51a4f126-da75-4875-b6eb-7ab5622b6099,93813225-2cbe-4d50-8943-423d4338776a,Music lessons,music-lessons,NULL,4,TRUE,2025-01-01 20:47:00,2025-01-01 20:47:00
23857ab3-ff9c-485c-acea-a192c6d504c9,93813225-2cbe-4d50-8943-423d4338776a,Language coaching,language-coaching,NULL,3,TRUE,2025-01-01 20:47:00,2025-01-01 20:47:00
7deb17b5-0399-4c32-913d-5f9ede6b54a4,93813225-2cbe-4d50-8943-423d4338776a,Academic tutoring centers,academic-tutoring-centers,NULL,1,TRUE,2025-01-01 20:47:00,2025-01-01 20:47:00
c916f879-a7fa-4403-94c3-dcd5d3a03627,93813225-2cbe-4d50-8943-423d4338776a,Arts and crafts centers,arts-crafts-centers,NULL,5,TRUE,2025-01-01 20:47:00,2025-01-01 20:47:00
9ba4b791-412e-4869-889f-bb12ea9cf9dc,f0980453-c886-4dd1-8af5-7186fd83578d,Civil services coaching,civil-services-coaching,NULL,3,TRUE,2025-01-01 21:24:00,2025-01-01 21:24:00
211bdf1a-983f-44ee-a10a-632842839f41,f0980453-c886-4dd1-8af5-7186fd83578d,Medical entrance coaching,medical-entrance-coaching,NULL,2,TRUE,2025-01-01 21:24:00,2025-01-01 21:24:00
6a2e8795-43b8-449c-9ae9-ad36e4b68b78,f0980453-c886-4dd1-8af5-7186fd83578d,IIT/JEE coaching,iit-jee-coaching,NULL,1,TRUE,2025-01-01 21:24:00,2025-01-01 21:24:00
a25e7660-d3d0-44cc-bdd1-0b113ad44c55,f0980453-c886-4dd1-8af5-7186fd83578d,Bank exam coaching,bank-exam-coaching,NULL,4,TRUE,2025-01-01 21:24:00,2025-01-01 21:24:00
07c2376a-a737-4f36-bc03-1778dd9b71ec,5f5560cf-c169-4781-8204-fb75ac3408c8,Professional certifications,professional-certifications,NULL,4,TRUE,2025-01-01 21:03:00,2025-01-01 21:03:00
49720e2e-bd94-4072-8816-4b2dc97902ed,5f5560cf-c169-4781-8204-fb75ac3408c8,IT/Software training,it-software-training,NULL,1,TRUE,2025-01-01 21:03:00,2025-01-01 21:03:00
b2466f6e-39bf-4dad-ac7c-770e2dba5c0b,5f5560cf-c169-4781-8204-fb75ac3408c8,Web development training,web-development-training,NULL,3,TRUE,2025-01-01 21:03:00,2025-01-01 21:03:00
c4e888dd-a15d-461c-83d1-9d2f7a4a3c4b,5f5560cf-c169-4781-8204-fb75ac3408c8,Digital marketing courses,digital-marketing-courses,NULL,2,TRUE,2025-01-01 21:03:00,2025-01-01 21:03:00
fe5eb9eb-00b1-4d78-8a29-71597abc06c2,5f5560cf-c169-4781-8204-fb75ac3408c8,Business skills training,business-skills-training,NULL,5,TRUE,2025-01-01 21:03:00,2025-01-01 21:03:00
af030f0d-629b-4fc2-a83d-2a5117a4a7e3,d57f11d3-f03a-49bf-905e-131a223352cd,Robotics centers,robotics-centers,NULL,2,TRUE,2025-01-01 21:36:00,2025-01-01 21:36:00
ca9c9a7f-95cb-45c5-8668-628ddcc6c673,d57f11d3-f03a-49bf-905e-131a223352cd,Programming for kids,programming-for-kids,NULL,1,TRUE,2025-01-01 21:36:00,2025-01-01 21:36:00
bce90526-8a33-4717-88d7-078f29cc2fa6,d57f11d3-f03a-49bf-905e-131a223352cd,Coding bootcamps,coding-bootcamps,NULL,3,TRUE,2025-01-01 21:36:00,2025-01-01 21:36:00
bc00718b-d341-42dd-be74-30499f206b0c,d57f11d3-f03a-49bf-905e-131a223352cd,STEAM education,steam-education,NULL,4,TRUE,2025-01-01 21:36:00,2025-01-01 21:36:00
f5fa2de3-84a4-49e6-aa90-7e60a51c91dd,d57f11d3-f03a-49bf-905e-131a223352cd,AI and data science training,ai-data-science-training,NULL,5,TRUE,2025-01-01 21:36:00,2025-01-01 21:36:00
0812440c-eaa1-4bf9-bd6a-f4c3485283da,bd05a5ba-f1c0-4097-93c5-1a06a55ffc29,Subscription learning platforms,subscription-learning-platforms,NULL,4,TRUE,2025-01-01 21:42:00,2025-01-01 21:42:00
73d4b29f-6e5e-419d-bcde-2e22fc2581b3,bd05a5ba-f1c0-4097-93c5-1a06a55ffc29,Virtual classrooms,virtual-classrooms,NULL,3,TRUE,2025-01-01 21:42:00,2025-01-01 21:42:00
02d8e7df-aa0d-4d08-88b8-7cddef2b7f08,bd05a5ba-f1c0-4097-93c5-1a06a55ffc29,Corporate training platforms,corporate-training-platforms,NULL,5,TRUE,2025-01-01 21:42:00,2025-01-01 21:42:00
4302706b-c7fc-4b6a-b194-fb975c3238e7,bd05a5ba-f1c0-4097-93c5-1a06a55ffc29,Online tutoring,online-tutoring,NULL,1,TRUE,2025-01-01 21:42:00,2025-01-01 21:42:00
01316437-1e8d-4d0d-9f30-7272bfc122fd,bd05a5ba-f1c0-4097-93c5-1a06a55ffc29,Learning apps,learning-apps,NULL,2,TRUE,2025-01-01 21:42:00,2025-01-01 21:42:00
0e0bc520-8e9e-4f04-9784-0ed09f90cdba,77f6700e-88b8-40d8-9b61-ffefe536a5a2,College placement services,college-placement-services,NULL,4,TRUE,2025-01-01 21:49:00,2025-01-01 21:49:00
27217365-aff2-447c-9c82-173f36a5173b,77f6700e-88b8-40d8-9b61-ffefe536a5a2,International education consultancy,international-education-consultancy,NULL,1,TRUE,2025-01-01 21:49:00,2025-01-01 21:49:00
3d5668a3-073a-466d-bd1f-a3d0982354b6,77f6700e-88b8-40d8-9b61-ffefe536a5a2,IELTS/TOEFL coaching,ielts-toefl-coaching,NULL,2,TRUE,2025-01-01 21:49:00,2025-01-01 21:49:00
adea70da-6543-4051-b37c-fdb94ebfb893,77f6700e-88b8-40d8-9b61-ffefe536a5a2,Visa assistance services,visa-assistance-services,NULL,3,TRUE,2025-01-01 21:49:00,2025-01-01 21:49:00
df86960e-a82f-45bd-a26a-195ae461d7f6,7a9cbfd8-d8a1-4773-8fad-dc210e493a3c,English language centers,english-language-centers,NULL,1,TRUE,2025-01-01 21:56:00,2025-01-01 21:56:00
33bb0d61-767c-4973-9da8-08a2744dca7a,7a9cbfd8-d8a1-4773-8fad-dc210e493a3c,Communication skills,communication-skills,NULL,4,TRUE,2025-01-01 21:56:00,2025-01-01 21:56:00
9946dee9-3a15-4b5a-b201-907280342f2c,7a9cbfd8-d8a1-4773-8fad-dc210e493a3c,Personality development,personality-development,NULL,3,TRUE,2025-01-01 21:56:00,2025-01-01 21:56:00
4f20cc52-4ed0-4bed-aef2-694dcf388d88,7a9cbfd8-d8a1-4773-8fad-dc210e493a3c,Foreign language training,foreign-language-training,NULL,2,TRUE,2025-01-01 21:56:00,2025-01-01 21:56:00
d187028c-e5cb-4314-ab66-fa7ca2002261,dc3b2dd6-a7eb-4ed7-bf00-750e33978760,Abacus classes,abacus-classes,NULL,1,TRUE,2025-01-01 22:04:00,2025-01-01 22:04:00
c69e0361-095f-4637-872b-0c851e3591fd,dc3b2dd6-a7eb-4ed7-bf00-750e33978760,Calligraphy centers,calligraphy-centers,NULL,2,TRUE,2025-01-01 22:04:00,2025-01-01 22:04:00
8542dc77-b5cd-4000-85d9-6a4af582729d,dc3b2dd6-a7eb-4ed7-bf00-750e33978760,Memory improvement centres,memory-improvement-centres,NULL,4,TRUE,2025-01-01 22:04:00,2025-01-01 22:04:00
fbe91310-b6cd-43ea-b306-e65d2ee5eaad,dc3b2dd6-a7eb-4ed7-bf00-750e33978760,Brain development programs,brain-development-programs,NULL,3,TRUE,2025-01-01 22:04:00,2025-01-01 22:04:00
d7a23d71-36d9-4c60-95f6-16235e398ec8,70f60247-60d3-4bce-87a8-ef397833ede6,General vehicle maintenance,general-vehicle-maintenance,NULL,4,TRUE,2025-01-01 22:34:00,2025-01-01 22:34:00
f9d715bc-2a94-46dc-aedd-d566fe5fca63,70f60247-60d3-4bce-87a8-ef397833ede6,Multi-brand service centers,multi-brand-service-centers,NULL,1,TRUE,2025-01-01 22:34:00,2025-01-01 22:34:00
75d7393a-46ac-4030-962f-cbeed10ba013,70f60247-60d3-4bce-87a8-ef397833ede6,Authorized dealership service,authorized-dealership-service,NULL,2,TRUE,2025-01-01 22:34:00,2025-01-01 22:34:00
227528db-65e1-461e-8bd4-3a43f252aeaa,70f60247-60d3-4bce-87a8-ef397833ede6,Vehicle inspection centers,vehicle-inspection-centers,NULL,5,TRUE,2025-01-01 22:34:00,2025-01-01 22:34:00
e418ea48-0e9b-444b-ab96-62751237fd1e,70f60247-60d3-4bce-87a8-ef397833ede6,Quick oil change services,quick-oil-change-services,NULL,3,TRUE,2025-01-01 22:34:00,2025-01-01 22:34:00
7b6fdef2-6539-4266-84d2-100fb6a30fd2,d6a47d18-5c17-48fb-9992-be67d2da891b,Manual car wash,manual-car-wash,NULL,2,TRUE,2025-01-01 22:42:00,2025-01-01 22:42:00
6be59dfe-ed4a-4258-a31a-b9025a6a9f88,d6a47d18-5c17-48fb-9992-be67d2da891b,Automatic car wash,automatic-car-wash,NULL,1,TRUE,2025-01-01 22:42:00,2025-01-01 22:42:00
495e316d-c879-4429-b959-68f11987ef6e,d6a47d18-5c17-48fb-9992-be67d2da891b,Mobile car wash,mobile-car-wash,NULL,4,TRUE,2025-01-01 22:42:00,2025-01-01 22:42:00
da3708fc-b61e-421e-b7c0-a6c5d3c31779,d6a47d18-5c17-48fb-9992-be67d2da891b,Premium detailing,premium-detailing,NULL,3,TRUE,2025-01-01 22:42:00,2025-01-01 22:42:00
3a258c35-a904-4542-80c2-6d96d779d291,d6a47d18-5c17-48fb-9992-be67d2da891b,Waterless car wash,waterless-car-wash,NULL,5,TRUE,2025-01-01 22:42:00,2025-01-01 22:42:00
fca10b8a-5861-4f02-896d-25f500195dea,e4739fad-d89d-44b7-81f5-e25621fbc5cb,Auto repair shops,auto-repair-shops,NULL,1,TRUE,2025-01-01 22:48:00,2025-01-01 22:48:00
e697f857-16b2-45d6-8f31-6a59ba3f8306,e4739fad-d89d-44b7-81f5-e25621fbc5cb,Customization services,customization-services,NULL,4,TRUE,2025-01-01 22:48:00,2025-01-01 22:48:00
1deb4c6d-6173-4bc6-af61-fe76e81819ae,e4739fad-d89d-44b7-81f5-e25621fbc5cb,Body repair centers,body-repair-centers,NULL,2,TRUE,2025-01-01 22:48:00,2025-01-01 22:48:00
89636074-6339-4fd1-bf77-fa6f2dab9bd7,e4739fad-d89d-44b7-81f5-e25621fbc5cb,Paint shops,paint-shops,NULL,3,TRUE,2025-01-01 22:48:00,2025-01-01 22:48:00
3649792a-7e49-4c41-86e6-1eab6e42a5a8,e4739fad-d89d-44b7-81f5-e25621fbc5cb,Dent removal services,dent-removal-services,NULL,5,TRUE,2025-01-01 22:48:00,2025-01-01 22:48:00
2d521cc1-4bc3-4df8-89ba-f75bebaf897b,9850fdfd-cfa4-4d9d-9b6e-f39e1338186a,Auto parts retail,auto-parts-retail,NULL,1,TRUE,2025-01-01 22:57:00,2025-01-01 22:57:00
904c754e-6593-4466-88e5-4dbe91d32660,9850fdfd-cfa4-4d9d-9b6e-f39e1338186a,Accessories stores,accessories-stores,NULL,2,TRUE,2025-01-01 22:57:00,2025-01-01 22:57:00
296a32d0-7ee7-48c4-8849-8f4f9a10bbc2,9850fdfd-cfa4-4d9d-9b6e-f39e1338186a,Tire shops,tire-shops,NULL,3,TRUE,2025-01-01 22:57:00,2025-01-01 22:57:00
3575152c-b2b4-4e87-8fe1-af8844c7e053,9850fdfd-cfa4-4d9d-9b6e-f39e1338186a,Car care product stores,car-care-product-stores,NULL,5,TRUE,2025-01-01 22:57:00,2025-01-01 22:57:00
f3d8fabb-9e75-42fa-8af4-cd651723b9a0,9850fdfd-cfa4-4d9d-9b6e-f39e1338186a,Battery retailers,battery-retailers,NULL,4,TRUE,2025-01-01 22:57:00,2025-01-01 22:57:00
7cc392e7-acb8-428a-adf0-5adfed608db3,5c249092-11b0-47dc-81ba-1a905c6f45aa,Sound system installation,sound-system-installation,NULL,4,TRUE,2025-01-01 23:04:00,2025-01-01 23:04:00
532a6a94-bb92-4ce2-be3e-177bd1e04573,5c249092-11b0-47dc-81ba-1a905c6f45aa,Vehicle tracking & GPS installation,vehicle-tracking-gps-installation,NULL,1,TRUE,2025-01-01 23:04:00,2025-01-01 23:04:00
3c298eee-1cad-4b76-b61c-6cc1e022f2e1,5c249092-11b0-47dc-81ba-1a905c6f45aa,Car tinting services,car-tinting-services,NULL,2,TRUE,2025-01-01 23:04:00,2025-01-01 23:04:00
983be197-1aeb-4ad5-931c-98d4baa35542,5c249092-11b0-47dc-81ba-1a905c6f45aa,Ceramic coating,ceramic-coating,NULL,3,TRUE,2025-01-01 23:04:00,2025-01-01 23:04:00
aeaf6fa9-32af-4851-a5c4-6aacc6b0d334,5c249092-11b0-47dc-81ba-1a905c6f45aa,Auto upholstery,auto-upholstery,NULL,5,TRUE,2025-01-01 23:04:00,2025-01-01 23:04:00
00ff7ad0-b41e-4d3e-8282-cf867e48837e,a6fc6a01-e65f-4b3d-86d2-fef0685892fd,Rust protection services,rust-protection-services,NULL,2,TRUE,2025-01-01 23:11:00,2025-01-01 23:11:00
e87fc2d6-c75b-4c6d-9949-d70c5b69d0c1,a6fc6a01-e65f-4b3d-86d2-fef0685892fd,Car coating services,car-coating-services,NULL,1,TRUE,2025-01-01 23:11:00,2025-01-01 23:11:00
9141da2f-8846-4191-8338-c68887f21378,a6fc6a01-e65f-4b3d-86d2-fef0685892fd,Paint protection services,paint-protection-services,NULL,3,TRUE,2025-01-01 23:11:00,2025-01-01 23:11:00
cd890550-0e66-438c-8340-e75228cfb63b,a6fc6a01-e65f-4b3d-86d2-fef0685892fd,Undercoating services,undercoating-services,NULL,4,TRUE,2025-01-01 23:11:00,2025-01-01 23:11:00
b3c81190-8327-48bc-9a7b-2bb0241183f9,0986f242-a7aa-4df0-bb46-d1f3e5c64cf8,Budget Hotels,budget-hotels,NULL,0,TRUE,2025-01-01 07:24:00,2025-01-01 07:24:00
6d04e84f-b2b7-467e-87cc-e8815a67f6f7,0986f242-a7aa-4df0-bb46-d1f3e5c64cf8,Mid-range Hotels,mid-range-hotels,NULL,0,TRUE,2025-01-01 07:24:00,2025-01-01 07:24:00
7eae773f-caf6-4704-a980-34f09ee21b05,0986f242-a7aa-4df0-bb46-d1f3e5c64cf8,Luxury Hotels,luxury-hotels,NULL,0,TRUE,2025-01-01 07:24:00,2025-01-01 07:24:00
e0a4b523-deae-4cdf-9ae3-6f22c48ec462,0986f242-a7aa-4df0-bb46-d1f3e5c64cf8,Boutique Hotels,boutique-hotels,NULL,0,TRUE,2025-01-01 07:24:00,2025-01-01 07:24:00
9d9e3dc4-e31b-476f-a392-4cd5e21f55ce,0986f242-a7aa-4df0-bb46-d1f3e5c64cf8,Heritage Hotels,heritage-hotels,NULL,0,TRUE,2025-01-01 07:24:00,2025-01-01 07:24:00
26dafd58-9b3c-4ad1-a604-bc7a5f21807d,0986f242-a7aa-4df0-bb46-d1f3e5c64cf8,Vacation Rentals,vacation-rentals,NULL,0,TRUE,2025-01-01 09:08:00,2025-01-01 09:08:00
fcbd4748-6eea-4fb9-ab47-6c3d932f4315,0986f242-a7aa-4df0-bb46-d1f3e5c64cf8,Bed and Breakfast,bed-and-breakfast,NULL,0,TRUE,2025-01-01 09:08:00,2025-01-01 09:08:00
d3f01a0b-c73a-44bf-8d95-1111d8cc2115,0986f242-a7aa-4df0-bb46-d1f3e5c64cf8,Homestays,homestays,NULL,0,TRUE,2025-01-01 09:08:00,2025-01-01 09:08:00
b44f2959-6cfd-4158-a999-fb3492cbdf46,0986f242-a7aa-4df0-bb46-d1f3e5c64cf8,Guest Apartments,guest-apartments,NULL,0,TRUE,2025-01-01 09:08:00,2025-01-01 09:08:00
79b65d79-0de9-4ca2-86da-3d5bb6d2444f,0986f242-a7aa-4df0-bb46-d1f3e5c64cf8,Beach Resorts,beach-resorts,NULL,0,TRUE,2025-01-01 09:08:00,2025-01-01 09:08:00
4d79e6bb-6e56-4f17-8e51-9242a54745cd,0986f242-a7aa-4df0-bb46-d1f3e5c64cf8,Hill Station Resorts,hill-station-resorts,NULL,0,TRUE,2025-01-01 09:08:00,2025-01-01 09:08:00
548b087c-15c5-46cd-96c8-7959b725754d,0986f242-a7aa-4df0-bb46-d1f3e5c64cf8,Adventure Resorts,adventure-resorts,NULL,0,TRUE,2025-01-01 09:08:00,2025-01-01 09:08:00
780edfdd-4f57-4fc9-b3ec-9427da39497e,0986f242-a7aa-4df0-bb46-d1f3e5c64cf8,Resort Management,resort-management,NULL,0,TRUE,2025-01-01 09:08:00,2025-01-01 09:08:00
b778debf-2a5b-4c03-8a6a-9d18f73905fb,0986f242-a7aa-4df0-bb46-d1f3e5c64cf8,Convention Centers,convention-centers,NULL,0,TRUE,2025-01-01 09:08:00,2025-01-01 09:08:00
a9eceb53-381e-4701-904e-d261e22be616,0986f242-a7aa-4df0-bb46-d1f3e5c64cf8,Banquet Halls,banquet-halls,NULL,0,TRUE,2025-01-01 09:08:00,2025-01-01 09:08:00
5731ea50-7250-4b2e-bb9e-60a24f82b417,0986f242-a7aa-4df0-bb46-d1f3e5c64cf8,Wedding Venues,wedding-venues,NULL,0,TRUE,2025-01-01 09:08:00,2025-01-01 09:08:00
43f00ae6-768b-4efb-b093-830b68bf2300,0986f242-a7aa-4df0-bb46-d1f3e5c64cf8,Corporate Conference Spaces,corporate-conference-spaces,NULL,0,TRUE,2025-01-01 09:08:00,2025-01-01 09:08:00
ca4b1711-d7e3-4456-b103-0cea38a0c2f8,2795f0e6-d9db-4ea9-9de5-4f1f909fcda4,Microfinance Centers,microfinance-centers,NULL,0,TRUE,2025-01-01 09:08:00,2025-01-01 09:08:00
19c9ca24-4c9e-428c-84bd-7c32e35971fa,2795f0e6-d9db-4ea9-9de5-4f1f909fcda4,Lending Services,lending-services,NULL,0,TRUE,2025-01-01 09:08:00,2025-01-01 09:08:00
647d2d3f-ce62-4dea-a6d1-1c4b0ab4f731,2795f0e6-d9db-4ea9-9de5-4f1f909fcda4,Money Transfer Services,money-transfer-services,NULL,0,TRUE,2025-01-01 09:08:00,2025-01-01 09:08:00
38bc7803-4f49-434b-b828-74519bd0ccc0,2795f0e6-d9db-4ea9-9de5-4f1f909fcda4,Banking Correspondent Services,banking-correspondent-services,NULL,0,TRUE,2025-01-01 09:08:00,2025-01-01 09:08:00
91151206-fdf0-4b12-8740-df708b07dcc6,ff1a36e5-3931-487f-8837-3e24af030706,Investment Advisory,investment-advisory,NULL,0,TRUE,2025-01-01 09:08:00,2025-01-01 09:08:00
9ed0cc98-a4e9-4222-8955-6d91d05cbf80,ff1a36e5-3931-487f-8837-3e24af030706,Financial Planning,financial-planning,NULL,0,TRUE,2025-01-01 09:08:00,2025-01-01 09:08:00
0c678f67-2bdb-4a35-9857-36249d7d66a9,ff1a36e5-3931-487f-8837-3e24af030706,Mutual Fund Distribution,mutual-fund-distribution,NULL,0,TRUE,2025-01-01 09:08:00,2025-01-01 09:08:00
75a75466-5cf8-457c-86ef-60a436c4dd9e,ff1a36e5-3931-487f-8837-3e24af030706,Insurance Advisory,insurance-advisory,NULL,0,TRUE,2025-01-01 09:08:00,2025-01-01 09:08:00
16dbd251-c277-4487-b3de-7ce2651b4915,6bb1c67f-609f-4a2a-af8a-f95ac0357537,Loan Processing,loan-processing,NULL,0,TRUE,2025-01-01 09:08:00,2025-01-01 09:08:00
7d52f03f-535f-4140-9c7f-8631c3047ba8,6bb1c67f-609f-4a2a-af8a-f95ac0357537,Credit Management,credit-management,NULL,0,TRUE,2025-01-01 09:08:00,2025-01-01 09:08:00
99705944-4098-4a95-9369-831b4e666c1a,6bb1c67f-609f-4a2a-af8a-f95ac0357537,Personal Loan Services,personal-loan-services,NULL,0,TRUE,2025-01-01 09:08:00,2025-01-01 09:08:00
0c38fd3a-bc70-4162-8807-7670b681947d,778fc1c9-c1e1-4135-b04e-4a1d9531ee28,Payment Gateway Services,payment-gateway-services,NULL,0,TRUE,2025-01-01 09:08:00,2025-01-01 09:08:00
d946fd8d-5b44-40e3-8952-20ac1ea94f5e,778fc1c9-c1e1-4135-b04e-4a1d9531ee28,Digital Wallet Services,digital-wallet-services,NULL,0,TRUE,2025-01-01 09:08:00,2025-01-01 09:08:00
b0e11f51-951b-41a7-805b-16bc5bab89c8,778fc1c9-c1e1-4135-b04e-4a1d9531ee28,POS Services,pos-services,NULL,0,TRUE,2025-01-01 09:08:00,2025-01-01 09:08:00
8c3caac0-409e-497b-afb6-a19552a570c6,778fc1c9-c1e1-4135-b04e-4a1d9531ee28,Cryptocurrency Services,cryptocurrency-services,NULL,0,TRUE,2025-01-01 09:08:00,2025-01-01 09:08:00
ffc78bf0-02d9-4aae-8c6c-a3a140daee7a,c138a247-2179-4e36-aba3-da03ba148f52,Commercial Printing,commercial-printing,NULL,0,TRUE,2025-01-01 09:08:00,2025-01-01 09:08:00
81dd177d-bcaa-4ac3-bfb1-042a8c53a3f9,c138a247-2179-4e36-aba3-da03ba148f52,Digital Printing,digital-printing,NULL,0,TRUE,2025-01-01 09:08:00,2025-01-01 09:08:00
6618a61b-8df0-4b2b-bad9-2528355d1392,c138a247-2179-4e36-aba3-da03ba148f52,Large Format Printing,large-format-printing,NULL,0,TRUE,2025-01-01 09:08:00,2025-01-01 09:08:00
f330eb50-2179-4d76-8395-9e0ba52f1911,c138a247-2179-4e36-aba3-da03ba148f52,3D Printing,3d-printing,NULL,0,TRUE,2025-01-01 09:08:00,2025-01-01 09:08:00
e6bed092-8c68-4707-8ec9-590899bfa935,9023ec3b-de2e-4b34-8612-420f18244150,Signage Production,signage-production,NULL,0,TRUE,2025-01-01 09:08:00,2025-01-01 09:08:00
68a696a9-592b-4144-94b2-fd8ddf9bc683,9023ec3b-de2e-4b34-8612-420f18244150,Vinyl Graphics,vinyl-graphics,NULL,0,TRUE,2025-01-01 09:08:00,2025-01-01 09:08:00
4df55741-e29c-4219-ab91-e68863f559f6,9023ec3b-de2e-4b34-8612-420f18244150,Outdoor Advertising,outdoor-advertising,NULL,0,TRUE,2025-01-01 09:08:00,2025-01-01 09:08:00
39305f8e-b727-418a-9d36-d2fc36bd8115,9023ec3b-de2e-4b34-8612-420f18244150,Digital Display,digital-display,NULL,0,TRUE,2025-01-01 09:08:00,2025-01-01 09:08:00
e4b4cf33-41b3-40d4-90c9-fd7d3dbcde46,9b9a62f5-8465-45c6-adcb-1ba9cb45552d,Book Publishing,book-publishing,NULL,0,TRUE,2025-01-01 09:08:00,2025-01-01 09:08:00
16d15d29-5bdc-4970-819a-4fb52ed6500d,9b9a62f5-8465-45c6-adcb-1ba9cb45552d,Magazine Publishing,magazine-publishing,NULL,0,TRUE,2025-01-01 09:08:00,2025-01-01 09:08:00
ad993d73-2d50-4f9c-89a2-82efe5ac3aad,9b9a62f5-8465-45c6-adcb-1ba9cb45552d,Newsletter Services,newsletter-services,NULL,0,TRUE,2025-01-01 09:08:00,2025-01-01 09:08:00
de6e85f2-4d03-48bc-9660-85cd52a507f3,28572475-7747-45b9-8c58-aa7c2c3f0145,Common Service Centres (CSC),common-service-centres,NULL,0,TRUE,2025-01-01 09:08:00,2025-01-01 09:08:00
ee6f0c29-f329-4305-8a43-b33a550cf7dd,28572475-7747-45b9-8c58-aa7c2c3f0145,Passport Application Centres,passport-application-centres,NULL,0,TRUE,2025-01-01 09:08:00,2025-01-01 09:08:00
f7246f35-49cd-4f2a-9cab-c7166097bd55,28572475-7747-45b9-8c58-aa7c2c3f0145,License & Permit Services,license-permit-services,NULL,0,TRUE,2025-01-01 09:08:00,2025-01-01 09:08:00
ba16d792-2d67-47e3-a0a9-60fc5c3a9f9b,28572475-7747-45b9-8c58-aa7c2c3f0145,Tax Filing Services,tax-filing-services,NULL,0,TRUE,2025-01-01 09:08:00,2025-01-01 09:08:00
ec2566de-86fa-4333-91fe-e63abf332c87,28572475-7747-45b9-8c58-aa7c2c3f0145,Utility Bill Payment Centres,utility-bill-payment-centres,NULL,0,TRUE,2025-01-01 09:08:00,2025-01-01 09:08:00
7240d4e9-7420-49ef-9263-63e78f30d3b0,56c873fb-d05a-475b-9c58-8e43efcba0b2,Petrol Pump Franchises,petrol-pump-franchises,NULL,0,TRUE,2025-01-01 09:08:00,2025-01-01 09:08:00
dd36eb28-6b48-4071-aa16-f4fbaf70315e,56c873fb-d05a-475b-9c58-8e43efcba0b2,EV Charging Stations,ev-charging-stations,NULL,0,TRUE,2025-01-01 09:08:00,2025-01-01 09:08:00
60b99ee1-176c-4c3d-a283-8efd22c7a147,56c873fb-d05a-475b-9c58-8e43efcba0b2,Fuel Distribution,fuel-distribution,NULL,0,TRUE,2025-01-01 09:08:00,2025-01-01 09:08:00
85148e4b-2e24-4675-8180-d8614d826d13,54babe4f-96f7-4e64-a219-73d52337d179,Travel Agencies,travel-agencies,NULL,0,TRUE,2025-01-01 09:08:00,2025-01-01 09:08:00
eb979557-17dd-4e57-90ac-1854eece7765,e5fcf8a7-cb34-4278-8082-a63b9d1856a9,Tour Operations,tour-operations,NULL,0,TRUE,2025-01-01 09:08:00,2025-01-01 09:08:00
bb1ab741-8683-4a99-a406-7f164e667a19,e5fcf8a7-cb34-4278-8082-a63b9d1856a9,Visa Consultancy,visa-consultancy,NULL,0,TRUE,2025-01-01 09:08:00,2025-01-01 09:08:00
af6fc388-8923-42f1-b89d-72c96cdfa8a5,e5fcf8a7-cb34-4278-8082-a63b9d1856a9,Airline Ticketing,airline-ticketing,NULL,0,TRUE,2025-01-01 09:08:00,2025-01-01 09:08:00
183b53c1-251e-4d71-84ff-9744261a917e,e5fcf8a7-cb34-4278-8082-a63b9d1856a9,Hotel Booking Services,hotel-booking-services,NULL,0,TRUE,2025-01-01 09:08:00,2025-01-01 09:08:00
7aca039e-d723-43a5-b97d-b54b07fc5373,197fcbc8-7a73-40b5-802f-fa829cd49329,Dealerships,dealerships,NULL,1,TRUE,2025-01-01 13:14:00,2025-01-01 13:14:00
0a5a4564-ac4f-45d8-b488-d4b721b1daf6,197fcbc8-7a73-40b5-802f-fa829cd49329,Resellers,resellers,NULL,2,TRUE,2025-01-01 13:14:00,2025-01-01 13:14:00
ba4abcf4-736f-4506-ae63-aad198da3468,197fcbc8-7a73-40b5-802f-fa829cd49329,Imported Products,imported-products,NULL,3,TRUE,2025-01-01 13:14:00,2025-01-01 13:14:00
e8bcbcab-5c6d-44cb-aeeb-8632016ca3cd,197fcbc8-7a73-40b5-802f-fa829cd49329,C&F Agents,c-and-f-agents,NULL,4,TRUE,2025-01-01 13:14:00,2025-01-01 13:14:00
f265a9bb-d130-41ba-a98b-66fa2b9bbc81,a3b7ded9-682f-45b4-b286-182dbd36a9b9,Specialized Category Outlets,specialized-category-outlets,NULL,1,TRUE,2025-01-01 13:14:00,2025-01-01 13:14:00
8b71db12-ffdc-45c5-a26d-7edf569bed1a,8fb154e8-39fd-474e-b3d3-2c16d78ee53b,Turf Services & Stores,turf-services-stores,NULL,1,TRUE,2025-01-01 13:14:00,2025-01-01 13:14:00
01142f8e-82d9-40f3-af4c-6d9b20a078a5,7c844539-83eb-4880-b86c-dd05973f0e0a,Managed IT Services,managed-it-services,NULL,1,TRUE,2025-01-01 13:14:00,2025-01-01 13:14:00
55f0e264-bbac-49d2-a0ed-46ed38a6de6b,dc6c211b-19b9-4eed-9e3e-9d10792b6f55,Marketing Services & Stores,marketing-services-stores,NULL,1,TRUE,2025-01-01 13:14:00,2025-01-01 13:14:00
12328925-dd54-469f-bb65-f8d66ee8c7f5,8d009eb0-2234-4ba9-9768-f922672929f0,Limited Services & Stores,limited-services-stores,NULL,1,TRUE,2025-01-01 13:14:00,2025-01-01 13:14:00
54cdf582-aa6a-48fc-b524-f75f15aa7475,8d009eb0-2234-4ba9-9768-f922672929f0,Ltd. Services & Stores,ltd-services-stores,NULL,2,TRUE,2025-01-01 13:14:00,2025-01-01 13:14:00
b8cbc705-1090-4947-8783-70ce2ee9df2a,7c844539-83eb-4880-b86c-dd05973f0e0a,Software & Web Development,software-web-development,NULL,2,TRUE,2025-01-01 13:14:00,2025-01-01 13:14:00
91e5a9cf-e300-45c3-bd78-5a4d13bb8955,456e1a68-37c2-454d-948f-a46294d6ba3a,B2B Marketing & Support,b2b-marketing-support,NULL,1,TRUE,2025-01-01 13:14:00,2025-01-01 13:14:00
0b36f32b-64d1-4f8e-be00-e757fe1ffb9d,5dbe61d1-daa6-4f30-acba-d9094a3f9de3,Traditional Gyms & Centres,traditional-gyms-centres,NULL,6,TRUE,2025-01-01 13:14:00,2025-01-01 13:14:00
c75026f9-6eff-43bf-8fa3-700c0f983cde,5dbe61d1-daa6-4f30-acba-d9094a3f9de3,Fitness & Gym Franchises,fitness-gym-franchises,NULL,7,TRUE,2025-01-01 13:14:00,2025-01-01 13:14:00
4851e333-befa-4ba3-8d43-216661d97bec,456e1a68-37c2-454d-948f-a46294d6ba3a,General Business Support,general-business-support,NULL,2,TRUE,2025-01-01 13:14:00,2025-01-01 13:14:00
5998245d-af84-4a40-a4ca-75ab6b7272fe,456e1a68-37c2-454d-948f-a46294d6ba3a,Business Consulting & Strategy,business-consulting-strategy,NULL,3,TRUE,2025-01-01 13:14:00,2025-01-01 13:14:00
fb96033c-bccd-44c5-a89d-8cdbdc7d822d,5dbe61d1-daa6-4f30-acba-d9094a3f9de3,Personal Training Studios,personal-training-studios,NULL,8,TRUE,2025-01-01 13:14:00,2025-01-01 13:14:00
c1770239-c6ca-46d5-9b31-cfc57bcbf5d5,ca02fc79-4b0f-46d9-a2ae-ba767deaa976,Property Brokerage Services,property-brokerage-services,NULL,1,TRUE,2025-01-01 13:14:00,2025-01-01 13:14:00
d7e752f6-5486-4456-8f64-fec87565d101,ca02fc79-4b0f-46d9-a2ae-ba767deaa976,Residential & Commercial,residential-commercial,NULL,2,TRUE,2025-01-01 13:14:00,2025-01-01 13:14:00
44bbc135-209b-401b-bea5-384bd663155b,456e1a68-37c2-454d-948f-a46294d6ba3a,Co-working Office Spaces,co-working-office-spaces,NULL,4,TRUE,2025-01-01 13:14:00,2025-01-01 13:14:00
08524641-c528-4cb4-9c11-f38b289595cf,7c844539-83eb-4880-b86c-dd05973f0e0a,IT Consulting Services,it-consulting-services,NULL,3,TRUE,2025-01-01 13:14:00,2025-01-01 13:14:00
b6094e38-bc3f-414c-886b-c64d56c8a535,ca02fc79-4b0f-46d9-a2ae-ba767deaa976,Property Management Solutions,property-management-solutions,NULL,3,TRUE,2025-01-01 13:14:00,2025-01-01 13:14:00
2f1177ff-5f3c-4895-adfe-14ea626a7ac4,7c844539-83eb-4880-b86c-dd05973f0e0a,Cloud & Hosting Solutions,cloud-hosting-solutions,NULL,4,TRUE,2025-01-01 13:14:00,2025-01-01 13:14:00
08a2a1f3-d685-42b8-98ce-56296b83f1cf,7c844539-83eb-4880-b86c-dd05973f0e0a,Cybersecurity & Network,cybersecurity-network,NULL,5,TRUE,2025-01-01 13:14:00,2025-01-01 13:14:00
10ca6b78-3b78-45e0-b611-61d3891033aa,ca02fc79-4b0f-46d9-a2ae-ba767deaa976,Real Estate Advisory &,real-estate-advisory,NULL,4,TRUE,2025-01-01 13:14:00,2025-01-01 13:14:00
9b8d85ae-f431-4ae1-b331-dacb1de064c6,456e1a68-37c2-454d-948f-a46294d6ba3a,Financial & Legal Consulting,financial-legal-consulting,NULL,5,TRUE,2025-01-01 13:14:00,2025-01-01 13:14:00
cf11d1fd-5d66-4a60-be05-d2caa70b8ebc,5dbe61d1-daa6-4f30-acba-d9094a3f9de3,Strength & CrossFit Gyms,strength-crossfit-gyms,NULL,9,TRUE,2025-01-01 13:14:00,2025-01-01 13:14:00
10869084-97e9-4203-8705-e72ddeb6fb81,81ea5567-9881-4aa0-bbac-2acd30890eb8,Manufacturing Network,manufacturing-network,NULL,1,TRUE,2026-06-30 00:00:00,2026-06-30 00:00:00
23c3a569-1263-4a6f-aef6-6c845d969dca,ba8a64f6-b213-4d52-b09a-7b6e51474e6f,Multi-Sector Business Chamber,multi-sector-business-chamber,NULL,1,TRUE,2026-06-30 00:00:00,2026-06-30 00:00:00
7f5f7747-53c0-4466-b4d8-9794e1c3b31c,4703ad1d-bd11-4a10-87c2-07e2a6f4f7dc,Regional SME Association (Karnataka),regional-sme-association-karnataka,NULL,1,TRUE,2026-06-30 00:00:00,2026-06-30 00:00:00
fa985609-8753-422d-ba68-accae8acbe24,0230fbbf-393f-4508-8756-658d94f2bad4,IT-BPM Industry,it-bpm-industry,NULL,1,TRUE,2026-06-30 00:00:00,2026-06-30 00:00:00
ca9d3747-103e-4cd8-8378-9334f330030a,81ea5567-9881-4aa0-bbac-2acd30890eb8,Regional Industrial Association,regional-industrial-association,NULL,2,TRUE,2026-06-30 00:00:00,2026-06-30 00:00:00
cef43ed8-ba85-4279-9fd7-9b919e8ba53f,81ea5567-9881-4aa0-bbac-2acd30890eb8,IT Hardware Manufacturing,it-hardware-manufacturing,NULL,3,TRUE,2026-06-30 00:00:00,2026-06-30 00:00:00
82998671-c7ef-4a57-837d-ea99bd435f38,0230fbbf-393f-4508-8756-658d94f2bad4,Cybersecurity & Data Protection,cybersecurity-data-protection,NULL,2,TRUE,2026-06-30 00:00:00,2026-06-30 00:00:00
069d2ac4-d72b-4bda-89a7-42129de2bb09,81ea5567-9881-4aa0-bbac-2acd30890eb8,Pharmaceutical Manufacturing,pharmaceutical-manufacturing,NULL,4,TRUE,2026-06-30 00:00:00,2026-06-30 00:00:00
c649a47e-9893-4d4a-825f-0730209e0640,99d6a9d9-5fb6-495a-8523-56d296b10dbd,Pharmaceutical Industry,pharmaceutical-industry,NULL,1,TRUE,2026-06-30 00:00:00,2026-06-30 00:00:00
ab4d50c8-b5f9-4812-b85b-9841d4c09deb,b1d15032-5ce5-4b01-be5b-f56f93656219,Export Promotion (Pharmaceuticals),export-promotion-pharmaceuticals,NULL,1,TRUE,2026-06-30 00:00:00,2026-06-30 00:00:00
a8862542-6ed7-4051-86b8-5f0422133b22,81ea5567-9881-4aa0-bbac-2acd30890eb8,Auto Component Manufacturing,auto-component-manufacturing,NULL,5,TRUE,2026-06-30 00:00:00,2026-06-30 00:00:00
5ace5bf5-de5b-4d87-81f2-f263437d7e49,23bf8133-731c-4bc9-91f8-7aaea8c33405,Automobile Dealers,automobile-dealers,NULL,1,TRUE,2026-06-30 00:00:00,2026-06-30 00:00:00
50b856bc-4142-413e-ae45-ee94478b59bb,81ea5567-9881-4aa0-bbac-2acd30890eb8,Textiles & Apparel Manufacturing,textiles-apparel-manufacturing,NULL,6,TRUE,2026-06-30 00:00:00,2026-06-30 00:00:00
f051c735-96c2-488c-a7f3-94a9e3832376,b1d15032-5ce5-4b01-be5b-f56f93656219,Export Promotion,export-promotion,NULL,2,TRUE,2026-06-30 00:00:00,2026-06-30 00:00:00
52fa8825-ab9b-455b-ae7c-04b17920c816,b1d15032-5ce5-4b01-be5b-f56f93656219,Export Promotion (Chemicals),export-promotion-chemicals,NULL,3,TRUE,2026-06-30 00:00:00,2026-06-30 00:00:00
38aef6d1-fc22-45f5-ba34-cbfcb8e7c649,81ea5567-9881-4aa0-bbac-2acd30890eb8,Plastics Manufacturing,plastics-manufacturing,NULL,7,TRUE,2026-06-30 00:00:00,2026-06-30 00:00:00
93b4a31b-cd5b-48d1-8547-e6588affb9fc,14a1a104-b6cb-4f81-a036-c02de2f1650d,Real Estate,real-estate,NULL,1,TRUE,2026-06-30 00:00:00,2026-06-30 00:00:00
d39d8b8f-3457-4873-9a43-c83f075a4f49,1d9d9662-d6ef-4c75-8a14-67b0823a13a7,Banking,banking,NULL,1,TRUE,2026-06-30 00:00:00,2026-06-30 00:00:00
9a681006-7d06-401b-bf1f-31aaa4cba2dc,1d9d9662-d6ef-4c75-8a14-67b0823a13a7,Mutual Funds & Asset Management,mutual-funds-asset-management,NULL,2,TRUE,2026-06-30 00:00:00,2026-06-30 00:00:00
2f6d98b6-b558-4625-8728-7418614dfeba,1d9d9662-d6ef-4c75-8a14-67b0823a13a7,Capital Markets,capital-markets,NULL,3,TRUE,2026-06-30 00:00:00,2026-06-30 00:00:00
83dfe473-103b-4ccc-8762-0b3106c2189e,1d9d9662-d6ef-4c75-8a14-67b0823a13a7,Insurance,insurance,NULL,4,TRUE,2026-06-30 00:00:00,2026-06-30 00:00:00
4b61d7ab-837c-4731-aee5-a54bf4e508a7,99d6a9d9-5fb6-495a-8523-56d296b10dbd,Medical Professionals,medical-professionals,NULL,2,TRUE,2026-06-30 00:00:00,2026-06-30 00:00:00
e0834a25-a3e3-4229-9ec6-d026e111fee9,56ad2fb8-bd76-4344-b937-13860f1a9626,Nursing Education & Profession,nursing-education-profession,NULL,1,TRUE,2026-06-30 00:00:00,2026-06-30 00:00:00
9351002a-62e6-4723-90c4-2bf7f70f269e,99d6a9d9-5fb6-495a-8523-56d296b10dbd,Hospitals & Healthcare Providers,hospitals-healthcare-providers,NULL,3,TRUE,2026-06-30 00:00:00,2026-06-30 00:00:00
e76b0fb2-89e0-4196-82c9-85e9d39a0fbf,56ad2fb8-bd76-4344-b937-13860f1a9626,Dental Education & Profession,dental-education-profession,NULL,2,TRUE,2026-06-30 00:00:00,2026-06-30 00:00:00
8a80c5e9-92ef-4648-ad82-76535bac1358,ba5fa33a-353f-4852-85e1-86c2195d36b9,Hotels & Restaurants,hotels-restaurants,NULL,1,TRUE,2026-06-30 00:00:00,2026-06-30 00:00:00
74865aa8-35bd-441c-9d51-87d2490b4e85,ba5fa33a-353f-4852-85e1-86c2195d36b9,Travel & Tourism,travel-tourism,NULL,2,TRUE,2026-06-30 00:00:00,2026-06-30 00:00:00
7e7c6d23-b23a-4392-9996-160ba12a1224,96f1923b-9a4c-428a-ae28-2d7417a85b98,Academic Institutions (Universities),academic-institutions-universities,NULL,1,TRUE,2026-06-30 00:00:00,2026-06-30 00:00:00
d5338cd1-f046-4693-92c7-89d9dcf52e23,78a9eece-4926-4926-a60a-ef3c50646c14,Technical Education Regulation,technical-education-regulation,NULL,1,TRUE,2026-06-30 00:00:00,2026-06-30 00:00:00
4a809f16-f701-437b-9c77-c8379f42a0b8,27a82ebc-66ae-4692-a327-df3efe586527,Advertising & Media Standards,advertising-media-standards,NULL,1,TRUE,2026-06-30 00:00:00,2026-06-30 00:00:00
9d3c6558-a65d-4be6-845d-3ce2b44be039,3e39115d-2aa1-4b01-89d0-0fa258294d02,Print & News Media,print-news-media,NULL,1,TRUE,2026-06-30 00:00:00,2026-06-30 00:00:00
002f6ef1-1c75-49f5-92a0-9423d9eb5506,81ea5567-9881-4aa0-bbac-2acd30890eb8,Food Processing Industry,food-processing-industry,NULL,8,TRUE,2026-06-30 00:00:00,2026-06-30 00:00:00
ee39f7fc-10c6-4250-9b95-ebb8bec9d049,fcce1293-4ca9-43e6-8c25-cbd5b6afaba1,Seeds & Agri Inputs,seeds-agri-inputs,NULL,1,TRUE,2026-06-30 00:00:00,2026-06-30 00:00:00
910c498f-96f8-4aa1-a24a-6a8ea5beec04,5b7b8098-7cf6-451d-9767-ba9087bdbcd2,Wind Energy & Renewable Power,wind-energy-renewable-power,NULL,1,TRUE,2026-06-30 00:00:00,2026-06-30 00:00:00
7ad5d37b-2348-4738-9b21-0fe4874868d9,5b7b8098-7cf6-451d-9767-ba9087bdbcd2,Solar Energy & Renewable Power,solar-energy-renewable-power,NULL,2,TRUE,2026-06-30 00:00:00,2026-06-30 00:00:00
10b60190-c7f2-4e91-8bec-2d152e042af5,81ea5567-9881-4aa0-bbac-2acd30890eb8,Road Transport & Logistics,road-transport-logistics,NULL,9,TRUE,2026-06-30 00:00:00,2026-06-30 00:00:00
2de13bbe-eaf7-405d-8603-fcff259a2032,81ea5567-9881-4aa0-bbac-2acd30890eb8,Shipping & Maritime Logistics,shipping-maritime-logistics,NULL,10,TRUE,2026-06-30 00:00:00,2026-06-30 00:00:00
9eb55809-342c-466c-a2a5-88b5829c2914,81ea5567-9881-4aa0-bbac-2acd30890eb8,Air Cargo & Freight Logistics,air-cargo-freight-logistics,NULL,11,TRUE,2026-06-30 00:00:00,2026-06-30 00:00:00
a0787537-30d3-4195-82f5-db9118ca563f,23bf8133-731c-4bc9-91f8-7aaea8c33405,Organized Retail,organized-retail,NULL,2,TRUE,2026-06-30 00:00:00,2026-06-30 00:00:00
92abc36a-6311-4f9e-a7b0-2c64e024de78,4703ad1d-bd11-4a10-87c2-07e2a6f4f7dc,Multi-Sector Industry Body,multi-sector-industry-body,NULL,2,TRUE,2026-06-30 00:00:00,2026-06-30 00:00:00
4eef98db-0791-497a-99f4-36c202c3d78d,4703ad1d-bd11-4a10-87c2-07e2a6f4f7dc,MSMEs,msmes,NULL,3,TRUE,2026-06-30 00:00:00,2026-06-30 00:00:00
43ab6576-aaad-487f-b15e-cfd26347f638,0230fbbf-393f-4508-8756-658d94f2bad4,Telecommunications,telecommunications,NULL,3,TRUE,2026-06-30 00:00:00,2026-06-30 00:00:00
21ab74d8-07ab-4af5-8679-0191b359030a,05e8bb83-f6ed-4305-994b-4895d5582b5e,Horticulture Development,horticulture-development,NULL,1,TRUE,2026-06-30 00:00:00,2026-06-30 00:00:00
2a805ff5-4bf6-4415-b646-03a580b83cea,fcce1293-4ca9-43e6-8c25-cbd5b6afaba1,Fresh Produce & Horticulture,fresh-produce-horticulture,NULL,2,TRUE,2026-06-30 00:00:00,2026-06-30 00:00:00
b10a1f92-085a-4a8a-8e3f-70f6dc9ba224,b1d15032-5ce5-4b01-be5b-f56f93656219,Agricultural & Spice Exports,agricultural-spice-exports,NULL,4,TRUE,2026-06-30 00:00:00,2026-06-30 00:00:00
bc4b1389-7f02-41b5-8e62-ed3a43a995db,6a875994-bad2-49d8-a052-ee2548d7c2e5,Cricket,cricket,NULL,1,TRUE,2026-06-30 00:00:00,2026-06-30 00:00:00
f2ce25a3-d101-41bd-867b-83e91a3ff790,6a875994-bad2-49d8-a052-ee2548d7c2e5,Football,football,NULL,2,TRUE,2026-06-30 00:00:00,2026-06-30 00:00:00
2d859d22-ae23-4eb5-bcff-2d0f345b6eb5,6a875994-bad2-49d8-a052-ee2548d7c2e5,Hockey,hockey,NULL,3,TRUE,2026-06-30 00:00:00,2026-06-30 00:00:00
1b18d5b5-cff3-4842-b982-4493cc8cdd06,6a875994-bad2-49d8-a052-ee2548d7c2e5,Athletics,athletics,NULL,4,TRUE,2026-06-30 00:00:00,2026-06-30 00:00:00
73b64a55-ffdf-4f82-b7d5-388385de0fb3,6a875994-bad2-49d8-a052-ee2548d7c2e5,Badminton,badminton,NULL,5,TRUE,2026-06-30 00:00:00,2026-06-30 00:00:00
a1dc6e7f-d5b8-4a3a-889f-1eb90d4df2be,6a875994-bad2-49d8-a052-ee2548d7c2e5,Table Tennis,table-tennis,NULL,6,TRUE,2026-06-30 00:00:00,2026-06-30 00:00:00
2b1ac193-acdb-4212-9f6c-adccf95755a1,99d6a9d9-5fb6-495a-8523-56d296b10dbd,Digital Health & HealthTech,digital-health-healthtech,NULL,4,TRUE,2026-06-30 00:00:00,2026-06-30 00:00:00
27e69f25-220e-47fa-b0a2-7e0ee8cee9b8,23bf8133-731c-4bc9-91f8-7aaea8c33405,Franchise Business,franchise-business,NULL,3,TRUE,2026-06-30 00:00:00,2026-06-30 00:00:00
7deb9665-5b80-41ba-a887-cfd94a61d70e,ba8a64f6-b213-4d52-b09a-7b6e51474e6f,Regional/Industry Chamber,regional-industry-chamber,NULL,2,TRUE,2026-06-30 00:00:00,2026-06-30 00:00:00
833da1a2-4734-4bc6-8631-158ab0c4732e,fcce1293-4ca9-43e6-8c25-cbd5b6afaba1,Agribusiness & Food Processing,agribusiness-food-processing,NULL,3,TRUE,2026-06-30 00:00:00,2026-06-30 00:00:00
179c6d1b-c309-4216-b99d-b4c4489f0468,fcce1293-4ca9-43e6-8c25-cbd5b6afaba1,Agrochemicals & Crop Protection,agrochemicals-crop-protection,NULL,4,TRUE,2026-06-30 00:00:00,2026-06-30 00:00:00
995be951-bf83-41a4-be84-1cc7a4cb23e0,f0b75e19-3199-4ad3-acc7-8134350aca8f,Steel Manufacturing,steel-manufacturing,NULL,1,TRUE,2026-06-30 00:00:00,2026-06-30 00:00:00
f51f95fc-63d3-4131-a301-98e89e33122f,f0b75e19-3199-4ad3-acc7-8134350aca8f,Mining & Minerals,mining-minerals,NULL,2,TRUE,2026-06-30 00:00:00,2026-06-30 00:00:00
b25228cb-f0ce-4ce4-9e2f-246db7f65f2d,d74d948d-e6bc-4fdb-ae62-51b5be8354c2,Architecture Profession,architecture-profession,NULL,1,TRUE,2026-06-30 00:00:00,2026-06-30 00:00:00
0ac781fb-1fb6-46b4-b118-d9d5f1d1471b,c8a357fe-cb73-4521-9749-1e62888d97df,Chartered Accountancy,chartered-accountancy,NULL,1,TRUE,2026-06-30 00:00:00,2026-06-30 00:00:00
39d5d36a-f5ef-4622-9c42-d7bb6d77c1df,c8a357fe-cb73-4521-9749-1e62888d97df,Company Secretaries,company-secretaries,NULL,2,TRUE,2026-06-30 00:00:00,2026-06-30 00:00:00
8db577e9-9c0c-4ccc-b3eb-087512dd157d,c8a357fe-cb73-4521-9749-1e62888d97df,Cost & Management Accounting,cost-management-accounting,NULL,3,TRUE,2026-06-30 00:00:00,2026-06-30 00:00:00
abcc2001-1f93-497c-8ec6-04487da39a2b,d74d948d-e6bc-4fdb-ae62-51b5be8354c2,Legal Profession,legal-profession,NULL,2,TRUE,2026-06-30 00:00:00,2026-06-30 00:00:00
6a3d0442-e466-4251-b8f6-06dc9236c96a,0230fbbf-393f-4508-8756-658d94f2bad4,Software & Digital,software-digital,NULL,4,TRUE,2026-06-30 00:00:00,2026-06-30 00:00:00
02629d77-b636-484d-8fe2-820f11d5a3a6,81ea5567-9881-4aa0-bbac-2acd30890eb8,Sugar & Agro-Processing,sugar-agro-processing,NULL,12,TRUE,2026-06-30 00:00:00,2026-06-30 00:00:00
cfdce750-d60e-43e0-a6ad-f909f7af69aa,75a25758-42f5-4181-9e10-65dfbed2741a,Skill Development & Training,skill-development-training,NULL,1,TRUE,2026-06-30 00:00:00,2026-06-30 00:00:00
3d49b7ff-4156-4b13-a917-b57b63cddbd9,99d6a9d9-5fb6-495a-8523-56d296b10dbd,Public Health,public-health,NULL,5,TRUE,2026-06-30 00:00:00,2026-06-30 00:00:00
cf46a7c6-5d59-4a8b-9fce-725113952f24,0230fbbf-393f-4508-8756-658d94f2bad4,Cybersecurity & Information Sharing,cybersecurity-information-sharing,NULL,5,TRUE,2026-06-30 00:00:00,2026-06-30 00:00:00
de2950e7-e6f7-4aa9-98ed-819d7f815a38,99d6a9d9-5fb6-495a-8523-56d296b10dbd,Biotechnology & Life Sciences,biotechnology-life-sciences,NULL,6,TRUE,2026-06-30 00:00:00,2026-06-30 00:00:00
418029a1-d510-4e44-9c40-0e2863ef2d35,0230fbbf-393f-4508-8756-658d94f2bad4,Space & Satellite Technology,space-satellite-technology,NULL,6,TRUE,2026-06-30 00:00:00,2026-06-30 00:00:00
a49ad8b8-b713-4938-8447-74d9f5efcf1e,99d6a9d9-5fb6-495a-8523-56d296b10dbd,Medical Professionals (Ophthalmology),medical-professionals-ophthalmology,NULL,7,TRUE,2026-06-30 00:00:00,2026-06-30 00:00:00
be1466ae-ad04-41f1-82a8-09d815c03d81,4703ad1d-bd11-4a10-87c2-07e2a6f4f7dc,Women Entrepreneurship,women-entrepreneurship,NULL,4,TRUE,2026-06-30 00:00:00,2026-06-30 00:00:00
4b84d9a6-ae2a-45f5-acd3-da266eb0666d,c0eababa-f5cd-4671-a0ea-98d124a42dca,Cooperative Movement,cooperative-movement,NULL,1,TRUE,2026-06-30 00:00:00,2026-06-30 00:00:00
e10a3cb7-0e55-4352-9192-8815c7a860ab,0230fbbf-393f-4508-8756-658d94f2bad4,AVGC-XR (Animation Gaming & XR),avgc-xr-animation-gaming-xr,,7,TRUE,2026-06-30 00:00:00,2026-06-30 00:00:00
83d5cbe4-161b-451c-ae2e-03baac1e7bd8,1d9d9662-d6ef-4c75-8a14-67b0823a13a7,Fintech & Digital Payments,fintech-digital-payments,NULL,5,TRUE,2026-06-30 00:00:00,2026-06-30 00:00:00
83f2ae01-c840-441e-a40c-c8dbb782d7f1,c8a357fe-cb73-4521-9749-1e62888d97df,Interior Design,interior-design,NULL,4,TRUE,2026-06-30 00:00:00,2026-06-30 00:00:00
328ab13f-fd09-4e99-9ff9-65aa196a0332,14a1a104-b6cb-4f81-a036-c02de2f1650d,"Highways, Roads & Transportation Infrastructure",highways-roads-transportation-infrastructure,2,,TRUE,2026-06-30 00:00:00,2026-06-30 00:00:00
7902313d-cfde-453d-89de-aa5c7b5e21dd,75a25758-42f5-4181-9e10-65dfbed2741a,Cold Chain & Temperature-Controlled Logistics,cold-chain-temperature-controlled-logistics,NULL,2,TRUE,2026-06-30 00:00:00,2026-06-30 00:00:00
8a26e12f-1c41-4901-b4cd-5f1ef8f012b4,c1add6c5-c90e-4552-aed9-9c6336367cdd,AYUSH & Traditional Medicine Industry,ayush-traditional-medicine-industry,NULL,1,TRUE,2026-06-30 00:00:00,2026-06-30 00:00:00
ddc43567-3bdc-444d-993c-2e6ca8a69254,1d9d9662-d6ef-4c75-8a14-67b0823a13a7,Microfinance,microfinance,NULL,6,TRUE,2026-06-30 00:00:00,2026-06-30 00:00:00
71dac5e2-4abb-454f-8639-aaacd0dc7dbd,0230fbbf-393f-4508-8756-658d94f2bad4,Artificial Intelligence (AI) & Emerging Technologies,artificial-intelligence-ai-emerging-technologies,NULL,8,TRUE,2026-06-30 00:00:00,2026-06-30 00:00:00
da149742-a515-4fb5-afec-3a1bcd7e26da,b1d15032-5ce5-4b01-be5b-f56f93656219,Export Promotion (Apex Body),export-promotion-apex-body,NULL,5,TRUE,2026-06-30 00:00:00,2026-06-30 00:00:00
39957be6-e4f8-4682-9349-56e440d73645,0230fbbf-393f-4508-8756-658d94f2bad4,Internet & Digital Services,internet-digital-services,NULL,9,TRUE,2026-06-30 00:00:00,2026-06-30 00:00:00
db47aad1-488d-4fb6-8fbf-7339b18280ac,4703ad1d-bd11-4a10-87c2-07e2a6f4f7dc,Staffing & Recruitment,staffing-recruitment,NULL,5,TRUE,2026-06-30 00:00:00,2026-06-30 00:00:00
61d23c0b-eb0a-4a8d-8a5e-a6542430cb9f,c8a357fe-cb73-4521-9749-1e62888d97df,Human Resource Development,human-resource-development,NULL,5,TRUE,2026-06-30 00:00:00,2026-06-30 00:00:00
b062dcaf-9d2c-4ea8-9f29-c74f1ca1989e,14a1a104-b6cb-4f81-a036-c02de2f1650d,Construction & Building,construction-building,NULL,3,TRUE,2026-06-30 00:00:00,2026-06-30 00:00:00
8fa38008-42fb-48c1-a822-d2de4ed88200,ba5fa33a-353f-4852-85e1-86c2195d36b9,Airlines,airlines,NULL,3,TRUE,2026-06-30 00:00:00,2026-06-30 00:00:00
b72a7f36-547e-4fcb-a3d0-2a09c151ce07,b1d15032-5ce5-4b01-be5b-f56f93656219,Export Promotion (Gems & Jewellery),export-promotion-gems-jewellery,NULL,6,TRUE,2026-06-30 00:00:00,2026-06-30 00:00:00
7d42173b-f520-4334-937e-e2733b774ce7,23bf8133-731c-4bc9-91f8-7aaea8c33405,Gems & Jewellery Trade,gems-jewellery-trade,NULL,4,TRUE,2026-06-30 00:00:00,2026-06-30 00:00:00
80a7caeb-0fb6-4606-b44d-8a3a51fb01ee,6a875994-bad2-49d8-a052-ee2548d7c2e5,Wrestling,wrestling,NULL,7,TRUE,2026-06-30 00:00:00,2026-06-30 00:00:00
829c266d-21c0-4e3f-944e-f4f92dd90e7c,6a875994-bad2-49d8-a052-ee2548d7c2e5,Volleyball,volleyball,NULL,8,TRUE,2026-06-30 00:00:00,2026-06-30 00:00:00
1392f256-ba28-41b3-a969-c75069060ea9,6a875994-bad2-49d8-a052-ee2548d7c2e5,Boxing,boxing,NULL,9,TRUE,2026-06-30 00:00:00,2026-06-30 00:00:00
1462659b-bc46-4bd7-9395-e1e4175690fd,6a875994-bad2-49d8-a052-ee2548d7c2e5,Weightlifting,weightlifting,NULL,10,TRUE,2026-06-30 00:00:00,2026-06-30 00:00:00
6d7a3022-a6c5-44bb-b496-8370da22faa1,81ea5567-9881-4aa0-bbac-2acd30890eb8,Paper & Pulp Manufacturing,paper-pulp-manufacturing,NULL,13,TRUE,2026-06-30 00:00:00,2026-06-30 00:00:00
f94b6884-367e-428f-a6bd-8b494f2d5a65,c9c0d7ff-fc15-4ee5-9c11-4898deaffd55,Energy & Environmental Research,energy-environmental-research,NULL,1,TRUE,2026-06-30 00:00:00,2026-06-30 00:00:00
3522f95f-b7e0-4b09-b28f-8254f319538c,4703ad1d-bd11-4a10-87c2-07e2a6f4f7dc,Entrepreneurship & Startup Network,entrepreneurship-startup-network,NULL,6,TRUE,2026-06-30 00:00:00,2026-06-30 00:00:00
76e92016-72ce-4a3c-8354-b2c405d89ab8,81ea5567-9881-4aa0-bbac-2acd30890eb8,Furniture Manufacturing,furniture-manufacturing,NULL,14,TRUE,2026-06-30 00:00:00,2026-06-30 00:00:00
a3589112-7e4f-4659-95de-6e6688616186,fcce1293-4ca9-43e6-8c25-cbd5b6afaba1,Dairy Industry,dairy-industry,NULL,5,TRUE,2026-06-30 00:00:00,2026-06-30 00:00:00
ec43079c-7ae0-401d-b0b2-fd48bf448616,81ea5567-9881-4aa0-bbac-2acd30890eb8,Printing & Packaging,printing-packaging,NULL,15,TRUE,2026-06-30 00:00:00,2026-06-30 00:00:00
02c87426-f13f-432f-812a-5aa51e1c34d6,81ea5567-9881-4aa0-bbac-2acd30890eb8,Fire & Security Systems,fire-security-systems,NULL,16,TRUE,2026-06-30 00:00:00,2026-06-30 00:00:00
34a39613-71a2-4286-92af-760f33c133f0,b1d15032-5ce5-4b01-be5b-f56f93656219,Export Promotion (Carpets & Handmade Textiles),export-promotion-carpets-handmade-textiles,NULL,7,TRUE,2026-06-30 00:00:00,2026-06-30 00:00:00
e48b8ae1-ac93-4498-b2c6-721f0174e1a0,b1d15032-5ce5-4b01-be5b-f56f93656219,Export Promotion (Handloom Textiles),export-promotion-handloom-textiles,NULL,8,TRUE,2026-06-30 00:00:00,2026-06-30 00:00:00
befb3a52-c725-4886-afa1-9d00222ee905,f0b75e19-3199-4ad3-acc7-8134350aca8f,Metals & Mining Sectoral Forum,metals-mining-sectoral-forum,NULL,3,TRUE,2026-06-30 00:00:00,2026-06-30 00:00:00

f8f933aa-f224-483a-9522-5b3f4328c23f,ba8a64f6-b213-4d52-b09a-7b6e51474e6f,"Regional & Multi-Sector Chamber",regional-multi-sector-chamber,NULL,101,TRUE,2026-06-30 00:00:00,2026-06-30 00:00:00
d4adc10a-a578-41d7-8a21-29e690238bd6,23bf8133-731c-4bc9-91f8-7aaea8c33405,"Distribution & Retail Trade",distribution-retail-trade,NULL,102,TRUE,2026-06-30 00:00:00,2026-06-30 00:00:00
5103e121-0d75-4bd5-9474-43421ef72cad,7cba06bf-ba08-4dcf-936c-9bd399d00215,"Retail Traders",retail-traders,NULL,103,TRUE,2026-06-30 00:00:00,2026-06-30 00:00:00
0770bdfe-d381-463a-bafd-3b84f030cd1e,14a1a104-b6cb-4f81-a036-c02de2f1650d,"Malls & Shopping Centers",malls-shopping-centers,NULL,104,TRUE,2026-06-30 00:00:00,2026-06-30 00:00:00
c1ccafc6-4b43-48b8-813e-d36bbb31171a,4703ad1d-bd11-4a10-87c2-07e2a6f4f7dc,"SME Development",sme-development,NULL,105,TRUE,2026-06-30 00:00:00,2026-06-30 00:00:00
a624374f-ab44-4723-8207-1de7c3ce848c,4703ad1d-bd11-4a10-87c2-07e2a6f4f7dc,"MSMEs & Industrial Enterprises",msmes-industrial-enterprises,NULL,106,TRUE,2026-06-30 00:00:00,2026-06-30 00:00:00
f27355dc-2a3a-40df-83b1-6e359ff3dfb1,f0b75e19-3199-4ad3-acc7-8134350aca8f,"Aluminum Industry",aluminum-industry,NULL,107,TRUE,2026-06-30 00:00:00,2026-06-30 00:00:00
994b77eb-d870-442f-99ab-36554a7b95d7,f0b75e19-3199-4ad3-acc7-8134350aca8f,"Iron & Steel",iron-steel,NULL,108,TRUE,2026-06-30 00:00:00,2026-06-30 00:00:00
c9c25c32-2924-4b50-a821-511fe1b7fe8e,1d9d9662-d6ef-4c75-8a14-67b0823a13a7,"Private Equity & Venture Capital",private-equity-venture-capital,NULL,109,TRUE,2026-06-30 00:00:00,2026-06-30 00:00:00d7c352df-6c91-4560-af60-a235fb6ab7dc,14a1a104-b6cb-4f81-a036-c02de2f1650d,"Highways, Roads & Transportation Infrastructure",highways-roads-transportation-infrastructure,NULL,110,TRUE,2026-06-30 00:00:00,2026-06-30 00:00:00
fc1f9da2-a39c-4ec7-9dbd-0df0b5fc9db7,0230fbbf-393f-4508-8756-658d94f2bad4,AVGC-XR (Animation Gaming & XR),avgc-xr-animation-gaming-xr,NULL,111,TRUE,2026-06-30 00:00:00,2026-06-30 00:00:00
