id,industry_id,industry_slug,intent_tag,growth_rate_title,growth_rate_description,market_trend_title,market_trend_description,created_at,updated_at
d1e3c109-2d23-4148-a019-f347fda26ed4,5ed3c109-2d23-4148-a019-f347fda26ed4,automotive,general,Growth Rate,"The automotive service franchise market in India is growing at 8-10% annually, supported by increasing vehicle ownership, extended vehicle lifecycles, and preference for organized service centers over local mechanics.",Market Trend,"EV charging stations, multi-brand service centers, and technology-enabled diagnostics are growing segments. Doorstep pickup/delivery services, transparent pricing, and warranty packages are becoming competitive advantages in the market.",2026-01-30 00:00:00,2026-01-30 00:00:00
e2467fa8-06f1-4047-baf5-212e10ea66d8,42467fa8-06f1-4047-baf5-212e10ea66d8,beauty,general,Growth Rate,"Beauty and personal care franchises are expanding at 14-16% annually, driven by rising grooming consciousness among both men and women, increase in working professionals, and strong demand for wedding-related services.",Market Trend,"Unisex salons, organic and natural beauty products, men's grooming services, and bridal makeup studios are trending. Technology integration for online bookings, loyalty programs, and personalized service packages are key differentiators.",2026-01-30 00:00:00,2026-01-30 00:00:00
a36791cd-9656-452d-8326-9b9296125906,f26791cd-9656-452d-8326-9b9296125906,health,general,Growth Rate,"Health and wellness franchises are experiencing robust 18-22% annual growth, driven by increased health awareness, preventive healthcare focus, and wellness lifestyle adoption post-pandemic across all age groups.",Market Trend,"Diagnostic centers, pharmacy chains, home healthcare services, and wellness clinics are in high demand. Digital health integration, telemedicine capabilities, health packages, and immunity-focused services are emerging as essential offerings.",2026-01-30 00:00:00,2026-01-30 00:00:00
b49ecac8-9a1f-4ad3-af64-069b9b315926,c39ecac8-9a1f-4ad3-af64-069b9b315926,business-services,general,Growth Rate,"Business services franchises are growing at 10-12% annually, fueled by the startup ecosystem boom, SME growth, and increasing outsourcing of non-core business functions by companies across sectors.",Market Trend,"Digital marketing agencies, accounting and bookkeeping services, HR consulting, and co-working spaces are popular segments. Cloud-based service delivery, subscription models, and integrated business solutions are becoming industry standards.",2026-01-30 00:00:00,2026-01-30 00:00:00
c5637398-2762-4b5b-a999-c1a8c5567cfe,cc637398-2762-4b5b-a999-c1a8c5567cfe,dealers-distributors,general,Growth Rate,"Dealer and distributor franchises are expanding at 9-11% annually, driven by FMCG sector growth, e-commerce logistics demand, and the need for organized distribution networks in tier 2 and tier 3 cities.",Market Trend,"FMCG distribution, pharmaceutical wholesale, electronics distribution, and agri-input dealerships are thriving. Technology-enabled inventory management, route optimization, and digital payment integration are becoming essential for competitiveness.",2026-01-30 00:00:00,2026-01-30 00:00:00
d6fe36f6-02ef-4ca5-b884-30d22b5402cf,f5fe36f6-02ef-4ca5-b884-30d22b5402cf,education,general,Growth Rate,"The education franchise sector is experiencing 12-15% annual growth, fueled by increasing demand for quality education, skill development programs, early childhood learning, and competitive exam preparation services.",Market Trend,"Hybrid learning models combining online and offline education, STEM-focused programs, coding academies, and competitive exam preparation centers are seeing strong demand. EdTech integration, personalized learning paths, and outcome-based programs are becoming differentiators.",2026-01-30 00:00:00,2026-01-30 00:00:00
e71b6be7-d616-4c46-a470-2a2fc1d16691,3b1b6be7-d616-4c46-a470-2a2fc1d16691,fashion,general,Growth Rate,"Fashion retail franchises are growing at 10-12% annually in tier-2 and tier-3 cities, with increasing brand consciousness, rising purchasing power among middle-class consumers, and social media influence on fashion trends.",Market Trend,"Athleisure, sustainable fashion, ethnic wear, and fast fashion segments are showing strong growth. Omnichannel retail strategies combining physical stores with online presence, influencer marketing, and try-before-buy options are becoming necessary for success.",2026-01-30 00:00:00,2026-01-30 00:00:00
f8332bd1-117a-4b40-92a1-aa8c5267a02b,7b332bd1-117a-4b40-92a1-aa8c5267a02b,food-beverage,general,Growth Rate,"The food and beverage franchise market in India is growing at 15-18% annually, driven by urbanization, rising disposable income, changing eating habits among millennials and Gen Z, and the convenience economy.",Market Trend,"Quick service restaurants, cloud kitchens, healthy food options, and beverage chains are dominating the market. Technology integration for delivery aggregators, digital payments, contactless ordering, and kitchen automation has become essential post-pandemic.",2026-01-30 00:00:00,2026-01-30 00:00:00
194a2772-e991-4e90-b77b-2724809f5dbc,1e4a2772-e991-4e90-b77b-2724809f5dbc,home-based-business,general,Growth Rate,"Home-based business franchises are experiencing 14-17% annual growth, driven by the gig economy, work-from-home culture, low investment requirements, and desire for flexible entrepreneurship among women and retirees.",Market Trend,"Online tutoring, digital marketing services, handmade products, home bakery, and consulting services are popular segments. Low overhead costs, digital marketing focus, and subscription-based service models are making home businesses increasingly viable.",2026-01-30 00:00:00,2026-01-30 00:00:00
20e835b1-07dd-4279-93b4-5049cfb1c6d6,d8e835b1-07dd-4279-93b4-5049cfb1c6d6,hotel-travel-tourism,general,Growth Rate,"Hotel, travel, and tourism franchises are rebounding with 13-16% annual growth post-pandemic, supported by revenge travel trends, domestic tourism boom, and government initiatives like Incredible India and Dekho Apna Desh.",Market Trend,"Budget hotels, eco-tourism, adventure travel, homestays, and experiential travel are trending segments. Technology integration for online bookings, dynamic pricing, travel insurance packages, and contactless check-in/out are becoming industry standards.",2026-01-30 00:00:00,2026-01-30 00:00:00
3111be80-bea3-4d0e-a35a-c964451b1a20,ae11be80-bea3-4d0e-a35a-c964451b1a20,retail,general,Growth Rate,"Organized retail franchises are growing at 11-13% annually, with strong performance in convenience stores, specialty retail, and neighborhood supermarkets driven by urbanization and organized retail penetration in smaller cities.",Market Trend,"Hyperlocal delivery models, 24/7 convenience stores, and category-specific retail (organic foods, pet supplies, baby products) are seeing strong traction. Phygital (physical + digital) retail experiences, loyalty programs, and private labels are emerging trends.",2026-01-30 00:00:00,2026-01-30 00:00:00
42d42b5a-26e6-4bd2-a2e3-bb8709ede483,ead42b5a-26e6-4bd2-a2e3-bb8709ede483,sports-fitness,general,Growth Rate,"Sports and fitness franchises are experiencing explosive 20-25% annual growth, fueled by health consciousness, lifestyle diseases awareness, social media fitness culture influence, and government promotion of sports initiatives.",Market Trend,"Boutique fitness studios (CrossFit, Zumba, spinning), functional training centers, sports academies, and women-only gyms are popular. Hybrid memberships offering both in-person and online classes, wearable tech integration, and nutrition counseling are becoming standard.",2026-01-30 00:00:00,2026-01-30 00:00:00
538de9c3-9d0d-4058-8782-1211f20ffd1d,a28de9c3-9d0d-4058-8782-1211f20ffd1d,entertainment,general,Growth Rate,"Entertainment franchises are growing at 12-14% annually, driven by increasing disposable income, nuclear families seeking weekend activities, and the experience economy trend among urban millennials and Gen Z.",Market Trend,"Gaming zones, trampoline parks, VR experiences, kids' edutainment centers, and party venues are thriving segments. Technology integration for bookings, membership programs, and Instagram-worthy experiences are key to attracting customers.",2026-01-30 00:00:00,2026-01-30 00:00:00
6494351f-bfb3-411d-a178-d1905bd0616e,f494351f-bfb3-411d-a178-d1905bd0616e,government,general,Growth Rate,"Government service franchises are growing at 6-8% annually, supported by digitalization initiatives, public-private partnerships, and the need for last-mile service delivery in rural and semi-urban areas.",Market Trend,"Common service centers (CSCs), government payment collection centers, documentation services, and utility bill payment franchises are established segments. Digital literacy, Aadhaar integration, and government scheme awareness are critical success factors.",2026-01-30 00:00:00,2026-01-30 00:00:00
75821422-d8eb-484f-a280-8af8f6b79144,1a821422-d8eb-484f-a280-8af8f6b79144,real-estate,general,Growth Rate,"Real estate franchises are growing at 9-11% annually, driven by urbanization, RERA implementation bringing transparency, and growing preference for trusted branded real estate consultants over individual agents.",Market Trend,"Residential real estate brokerage, property management services, and commercial real estate consulting are strong segments. Technology platforms for virtual tours, CRM systems, legal documentation support, and transparent commission structures are becoming differentiators.",2026-01-30 00:00:00,2026-01-30 00:00:00
86fd1516-f032-4630-8a79-e347851f2e18,64fd1516-f032-4630-8a79-e347851f2e18,technology-it,general,Growth Rate,"Technology and IT service franchises are experiencing rapid 18-20% annual growth, fueled by digital transformation across industries, rising demand for cybersecurity, cloud services, and software solutions among SMEs.",Market Trend,"Managed IT services, cybersecurity consulting, software training centers, and mobile app development are popular segments. Remote service delivery, subscription-based models, and specialization in emerging technologies (AI, blockchain) are key trends.",2026-01-30 00:00:00,2026-01-30 00:00:00
97104cba-ccd3-4f86-b204-2277660117eb,4a104cba-ccd3-4f86-b204-2277660117eb,finance-banking,general,Growth Rate,"Finance and banking service franchises are growing at 11-13% annually, driven by financial inclusion initiatives, digital lending boom, mutual fund penetration, and insurance awareness in tier 2 and tier 3 cities.",Market Trend,"Loan DSA agencies, insurance broking, mutual fund distribution, and financial advisory services are thriving. Digital onboarding, paperless processing, robo-advisory platforms, and comprehensive financial planning tools are becoming industry expectations.",2026-01-30 00:00:00,2026-01-30 00:00:00
a8d2b88d-ddbf-45b7-a016-9379064270a9,26d2b88d-ddbf-45b7-a016-9379064270a9,logistics-manufacturing,general,Growth Rate,"Logistics and manufacturing franchises are expanding at 10-13% annually, supported by e-commerce growth, Make in India initiatives, and the need for organized supply chain solutions across sectors.",Market Trend,"Last-mile delivery services, warehousing solutions, courier franchises, and contract manufacturing are growing segments. GPS tracking, route optimization software, packaging solutions, and cold chain capabilities are becoming essential differentiators.",2026-01-30 00:00:00,2026-01-30 00:00:00
b95ff825-8855-4dec-9615-6d83578ef2cf,985ff825-8855-4dec-9615-6d83578ef2cf,agriculture,general,Growth Rate,"Agriculture franchises are growing at 8-10% annually, driven by organic farming demand, government support for agri-entrepreneurship, and the need for modern farming inputs and equipment in rural areas.",Market Trend,"Organic farming supplies, agriculture equipment dealerships, crop advisory services, and farm-to-consumer retail are emerging segments. Technology integration for soil testing, weather forecasting, and precision farming tools are becoming competitive advantages.",2026-01-30 00:00:00,2026-01-30 00:00:00
c042b13c-89ed-481f-98ab-36ac53927ee4,e42b13ce-89ed-481f-98ab-36ac53927ee4,media-communication,general,Growth Rate,"Media and communication franchises are growing at 10-12% annually, fueled by content creation boom, social media marketing demand, and increasing need for professional media services among businesses and individuals.",Market Trend,"Digital marketing agencies, content production studios, photography and videography services, and podcast studios are popular segments. Multi-platform content creation, influencer marketing, and video-first strategies are becoming industry standards.",2026-01-30 00:00:00,2026-01-30 00:00:00
00000000-0000-0000-0001-000000000001,00000000-0000-0000-0000-000000000000,general,general,Growth Rate,"The Indian franchise industry is growing at 30-35% annually with 4500+ brands across 200+ cities, making India the 3rd largest franchise market globally.",Market Trend,"Digital-first models, kiosk formats, and Tier 2/3 city expansion are biggest growth drivers. Flexible formats like cloud kitchens and home-based outlets are becoming standard.",2026-01-30 00:00:00,2026-01-30 00:00:00
00000000-0000-0000-0002-000000000002,00000000-0000-0000-0000-000000000000,general,low-investment,Growth Rate,"Low-investment franchises under 10 lakhs are the fastest-growing segment at 40%+ annually, driven by first-time entrepreneurs, women, and gig economy workers.",Market Trend,"Home-based services, EdTech tutoring, beauty kiosks, and food carts dominate the budget segment. Many brands offer 0% royalty for the first year to attract new franchisees.",2026-01-30 00:00:00,2026-01-30 00:00:00
00000000-0000-0000-0003-000000000003,00000000-0000-0000-0000-000000000000,general,location-based,Growth Rate,"Franchise expansion in Tier 2 and Tier 3 cities is growing at 45% YoY as brands target untapped markets with lower real estate costs and rising consumer demand.",Market Trend,"Cities like Jaipur, Lucknow, Indore, and Coimbatore are top emerging franchise hubs. Brands are offering city-tailored pricing, menus, and service models.",2026-01-30 00:00:00,2026-01-30 00:00:00
00000000-0000-0000-0004-000000000004,00000000-0000-0000-0000-000000000000,general,roi-focused,Growth Rate,"Well-run franchises report 15-40% annual ROI across categories, with average break-even at 18-24 months, significantly better than most traditional investment options.",Market Trend,"Franchises with recurring revenue models like subscriptions and memberships show fastest ROI. Health, education, and beauty categories consistently lead on profitability.",2026-01-30 00:00:00,2026-01-30 00:00:00