id,franchise_id,space_min_sqft,space_max_sqft,required_property_type,staff_required_min,staff_required_max,staff_breakdown,operating_hours,training_provided,training_details,computer_requirements,marketing_support,preferred_locations,qualification_required,supply_chain_support,quality_control,created_by,updated_by,created_at,updated_at
1f77fd55-bddf-47fa-8d97-8ed5080ab6a8,b38c39c0-b9f6-495f-b8be-a65b1c0b9221,300,800,,4,10,[],,True,,,,,,False,False,00000000-0000-0000-0000-000000000001,,2024-01-15 19:03:00,2024-01-15 03:19:05
40f59b8d-dd1f-47d7-b6f2-dcb11bc93a75,c8f6989c-d785-4cf7-b127-b7ba288a3314,200,500,,3,8,[],,True,,,,,,False,False,00000000-0000-0000-0000-000000000001,,2024-01-17 05:49:00,2024-01-15 15:55:01
a11c827e-7d23-426c-a38d-af3be384adbd,b297c5b9-82e3-4c3d-88fc-c509ae881207,100,150,,2,4,[],,True,,,,,,False,False,00000000-0000-0000-0000-000000000001,,2024-01-17 11:31:00,2024-01-15 13:59:08
77d90a33-f707-4972-87e7-8941aa447dba,6a8c08c9-ef66-48b0-a68e-e9e0b7b40fcc,400,1000,,4,5,[],,True,,,,,,False,False,00000000-0000-0000-0000-000000000001,,2024-01-15 08:15:00,2024-01-15 15:08:01
a092d61b-c0b0-42e3-8897-f4023def619b,afb4be0a-0173-4248-b0b9-9c7ba0e3ce8f,1000,1100,,2,3,[],,True,,,,,,False,False,00000000-0000-0000-0000-000000000001,,2024-01-15 12:00:00,2024-01-15 11:11:09
86204772-4df1-43ea-b754-9ab9ebb0cebf,09378ed3-2aa4-4e45-bf5d-6a75d1bdb2f7,,,,,,[],,True,,,,,,False,False,00000000-0000-0000-0000-000000000001,,2024-01-16 23:37:00,2024-01-15 13:47:02
bddcaa8d-8516-47b5-85ee-9c5982272ae4,b781fa76-8eaf-4cf9-a15c-b6a1c3503554,500,1500,,3,6,[],,True,,,,,,False,False,00000000-0000-0000-0000-000000000001,,2024-01-17 08:35:00,2024-01-15 11:56:00
810bffb5-a8ea-4b54-8dab-43142e124eb6,0e50ed02-6937-4c8d-aa31-b4202a5f77cd,400,2000,,2,5,[],,True,,,,,,False,False,00000000-0000-0000-0000-000000000001,,2024-01-15 11:06:20,2024-01-15 06:59:08
05909849-db48-4994-94c6-b3216959dd32,7e62e026-71a1-4b49-971d-e8bcd1cc4e54,1000,2000,,,,[],,True,,,,,,False,False,00000000-0000-0000-0000-000000000001,,2024-01-15 01:45:00,2024-01-15 21:01:00
5ac60d2a-77fa-4e03-a03c-2268bd33d356,8a873fc8-8a68-461e-81f4-55d7f192f2b1,750,1500,,,,[],,True,,,,,,False,False,00000000-0000-0000-0000-000000000001,,2024-01-15 03:25:00,2024-01-15 00:03:07
4d2f6584-ab5c-49c2-9780-df3332fd17e3,fc244900-e4b1-4eec-8e70-eb778beac3a5,750,2000,,3,6,[],,True,,,,,,False,False,00000000-0000-0000-0000-000000000001,,2024-01-15 04:34:00,2024-01-15 10:04:02
fd57720e-9269-47a3-b117-2828a0f2554b,a6ae3e8e-b3da-4406-9a53-1f411523033b,685,1142,,2,5,[],,True,,,,,,False,False,00000000-0000-0000-0000-000000000001,,2024-01-15 15:28:00,2024-01-15 04:15:00
fe29e4c8-8bf0-46ad-ac7c-1a3db92363f7,f610d893-650e-46e2-89a6-c50f59036275,800,1000,,2,5,[],,True,,,,,,False,False,00000000-0000-0000-0000-000000000001,,2024-01-15 18:12:00,2024-01-15 12:18:00
9e3a8318-a90e-4211-aefd-f2fc92080047,1dac1aa2-22c2-41e9-a608-2ffb1cefdf84,750,1000,,2,5,[],,True,,,,,,False,False,00000000-0000-0000-0000-000000000001,,2024-01-15 21:30:00,2024-01-15 05:21:06
070300b7-dd2c-4dc5-b3b8-3640014916cd,1ee2cd39-dcf0-4e78-971d-967b8f1e2f12,1000,5000,,2,10,[],,True,,,,,,False,False,00000000-0000-0000-0000-000000000001,,2024-01-16 02:00:00,2024-01-15 00:26:01
d010eb9e-828d-495a-9137-ed8c08458703,1c97dc61-7708-4958-8222-3fe8fa9275bc,1500,2000,,5,8,[],,True,,,,,,False,False,00000000-0000-0000-0000-000000000001,,2024-01-16 16:00:00,2024-01-15 00:40:05
a326bee6-f289-457c-9f66-4a8ad65d1c9e,9ab139e7-cf16-4085-9352-c51d74e61115,500,500,,3,5,[],,True,,,,,,False,False,00000000-0000-0000-0000-000000000001,,2024-01-16 17:55:00,2024-01-15 07:41:00
69e16882-64e3-4f3d-a49c-5cb3add3dca3,ac303bf7-2a32-471d-9be1-a1dbb2e915e7,1000,1500,,,,[],,True,,,,,,False,False,00000000-0000-0000-0000-000000000001,,2024-01-17 00:19:00,2024-01-15 19:48:03
86bbf9bb-56bd-45d6-9771-0a902df1eea9,df361e73-da0e-4e50-992d-e95e57306357,500,1000,,2,3,[],,True,,,,,,False,False,00000000-0000-0000-0000-000000000001,,2024-01-15 07:07:00,2024-01-15 07:07:03
a7504bc9-34d0-400c-b676-8a83b90ec34b,c8bbd1a5-9676-4a19-b8c4-1b2f22fe8148,40000,45000,,5,10,[],,True,,,,,,False,False,00000000-0000-0000-0000-000000000001,,2024-01-15 09:34:00,2024-01-15 10:09:05
c77be388-344b-4b0e-90ff-866da3ad36e4,88848236-153f-41d1-85cd-4a9001af249c,3000,7000,,2,5,[],,True,,,,,,False,False,00000000-0000-0000-0000-000000000001,,2024-01-15 09:47:00,2024-01-15 23:09:04
0f3b0045-f40f-4f9e-8a2b-e06dbb3502ff,d96ac4e8-daa4-4d60-9a4d-f7dcb54412b7,2500,4000,,2,5,[],,True,,,,,,False,False,00000000-0000-0000-0000-000000000001,,2024-01-15 11:36:00,2024-01-15 11:11:07
d0e79e85-ed1c-47b5-922f-e1db3b6cc233,d451263c-43df-4ba1-b652-cbac27ff7846,250,300,,,,[],,True,,,,,,False,False,00000000-0000-0000-0000-000000000001,,2024-01-15 12:46:20,2024-01-15 22:36:08
d26a91df-761d-482a-b47d-7f5c9b254b53,a3d5f27f-978c-48e7-97cf-21e8aea6d359,,,,1,2,[],,True,,,,,,False,False,00000000-0000-0000-0000-000000000001,,2024-01-16 15:57:00,2024-01-15 09:39:01
f30883ae-fb7c-46fe-a30f-ea5e24c21e59,780dabc4-787e-4001-9c4b-a07c9874ffab,300,500,,2,3,[],,True,,,,,,False,False,00000000-0000-0000-0000-000000000001,,2024-01-16 18:52:00,2024-01-15 04:42:05
03c2d7ea-83cf-428a-bf21-6ae46969d773,499ed48e-a3e7-480e-900b-f384cd1ec21f,200,500,,2,4,[],,True,,,,,,False,False,00000000-0000-0000-0000-000000000001,,2024-01-17 05:09:00,2024-01-15 09:53:05
6e222c89-65b1-42b4-ae62-76e8db6cd597,fc554f5b-c10b-4835-b81b-6eb90deb8862,350,600,,3,5,[],,True,,,,,,False,False,00000000-0000-0000-0000-000000000001,,2024-01-15 05:40:30,2024-01-15 16:53:09
d03ef13d-d762-42f4-b048-261a6406fd15,ab2c97a4-15c8-4105-902b-e6b961445825,100,500,,2,5,[],,True,,,,,,False,False,00000000-0000-0000-0000-000000000001,,2024-01-15 08:58:00,2024-01-15 10:56:06
ace9d9d8-19ff-4162-9798-3473939af201,0fe579f2-a816-4116-a312-a340923dbfe6,60,100,,2,5,[],,True,,,,,,False,False,00000000-0000-0000-0000-000000000001,,2024-01-17 11:23:00,2024-01-15 23:59:01
b5ed8e3e-2a1a-45e4-9ce9-29f7d01bc168,a0160a9a-fe08-485e-9592-67df5f2e6235,500,1000,,4,6,[],,True,,,,,,False,False,00000000-0000-0000-0000-000000000001,,2024-01-15 14:41:10,2024-01-15 17:38:07
1a57e1d0-1fce-4ffa-a785-6e9e6da50235,ba736baa-47d2-4b53-8969-661dbce6e6a1,10000,15000,,30,50,[],,True,,,,,,False,False,00000000-0000-0000-0000-000000000001,,2024-01-17 00:52:00,2024-01-15 04:48:02
989422c0-b348-405d-a999-1a38e3cf6232,f943babd-ea6a-444b-b645-315f491c40a6,350,500,,2,3,[],,True,,,,,,False,False,00000000-0000-0000-0000-000000000001,,2024-01-15 01:39:30,2024-01-15 15:49:09
52a7aa22-71de-46af-8293-269b2e42139e,e277efc3-55a1-40a9-8fad-b3149ffe9d2f,750,1000,,4,6,[],,True,,,,,,False,False,00000000-0000-0000-0000-000000000001,,2024-01-15 05:30:30,2024-01-15 06:53:09
ef87d80c-854b-4700-a091-0696d7c4899f,347dcb07-5002-4376-b056-fc37fe48eac8,3000,5000,,,,[],,True,,,,,,False,False,00000000-0000-0000-0000-000000000001,,2024-01-17 06:37:00,2024-01-15 13:54:02
c01e2358-8090-407a-8080-8c9ccfa0f365,4024b1c9-12fd-451e-8a5f-0a5025e55819,500,1500,,0,1,[],,True,,,,,,False,False,00000000-0000-0000-0000-000000000001,,2024-01-17 07:26:00,2024-01-15 02:55:01
e6bb75aa-76d8-455e-aa77-606c0d74f842,8be9d5c3-86aa-4cd5-be33-3b39dfd647fa,250,500,,1,2,[],,True,,,,,,False,False,00000000-0000-0000-0000-000000000001,,2024-01-17 08:23:00,2024-01-15 23:56:02
669f201c-d5fb-4720-bf0f-e0bbebc7084c,bb0d140f-d9e5-4b4a-8182-4376a439422f,500,1500,,3,6,[],,True,,,,,,False,False,00000000-0000-0000-0000-000000000001,,2024-01-17 09:18:00,2024-01-15 18:57:04
31014f09-705f-4193-a4b7-c7d0894c4f53,243ecbfb-c97d-42f8-b56c-31ca4f742263,250,500,,1,3,[],,True,,,,,,False,False,00000000-0000-0000-0000-000000000001,,2024-01-15 01:09:00,2024-01-15 09:01:01
017e4327-989a-4134-ad5f-f50a47a09d0a,5b707bb6-7325-4cd8-961e-8eff582d5328,250,500,,1,2,[],,True,,,,,,False,False,00000000-0000-0000-0000-000000000001,,2024-01-15 02:10:00,2024-01-15 10:02:04
9cb002c5-9b15-4f66-95d2-3bac9d351ae5,f796a38b-1d81-4e48-ad0c-4ebeb485b41d,300,500,,2,5,[],,True,,,,,,False,False,00000000-0000-0000-0000-000000000001,,2024-01-15 08:53:00,2024-01-15 04:08:06
40bccdd9-be8b-4c9d-bf64-c758a2f90a90,e909318a-6b26-4da4-a189-c7e5e01c2226,250,500,,1,2,[],,True,,,,,,False,False,00000000-0000-0000-0000-000000000001,,2024-01-15 10:52:00,2024-01-15 04:10:05
4a63de6f-a00b-4e40-87ff-b898f78c7b12,ad81abe8-369b-42cc-b233-fa5e90258116,500,2000,,3,5,[],,True,,,,,,False,False,00000000-0000-0000-0000-000000000001,,2024-01-15 06:44:30,2024-01-15 20:30:09
a3a5da48-a730-4a14-8730-1062b14c1b42,98ecc642-3342-4704-bc19-7da7d34461df,1000,5000,,4,6,[],,True,,,,,,False,False,00000000-0000-0000-0000-000000000001,,2024-01-16 07:34:00,2024-01-15 10:31:00
cf760fe4-a963-4616-a971-0bc6fdee05a8,290bec96-ad40-46e1-ad88-33c3cf6536b9,400,600,,1,2,[],,True,,,,,,False,False,00000000-0000-0000-0000-000000000001,,2024-01-15 09:50:20,2024-01-15 02:33:08
8f95341c-4c40-48e5-99a7-a2a60753a5c3,0ce95acf-1221-45aa-ae6a-d496a33d1fa8,400,800,,2,4,[],,True,,,,,,False,False,00000000-0000-0000-0000-000000000001,,2024-01-16 16:06:00,2024-01-15 06:40:01
c6f172bf-1407-4851-b211-6423569bd76b,3d7a177b-20bf-4b7d-a8a1-7c3514daa4a5,300,500,,2,3,[],,True,,,,,,False,False,00000000-0000-0000-0000-000000000001,,2024-01-16 16:38:00,2024-01-15 14:40:04
e7a7040a-486e-4fa7-ac5f-95811e00b993,2155ba74-85c2-4123-9485-75b3c9e07def,500,750,,2,3,[],,True,,,,,,False,False,00000000-0000-0000-0000-000000000001,,2024-01-15 17:29:20,2024-01-15 05:41:08
c4d0f3f2-6823-4138-b3f0-11622259ac74,a61d62b8-582d-4179-9603-789f0ee2bece,400,600,,3,5,[],,True,,,,,,False,False,00000000-0000-0000-0000-000000000001,,2024-01-16 17:47:00,2024-01-15 23:41:04
cbff6530-8c3d-4f85-81f9-d2a8dea7a27c,7cbee3c6-e9d5-40f1-9be2-ac2fe5053add,300,500,,2,3,[],,True,,,,,,False,False,00000000-0000-0000-0000-000000000001,,2024-01-16 18:03:00,2024-01-15 03:42:04
a908cd0e-bfcf-4d89-ae27-992ad4648937,ca257ac6-7d5b-4292-a6e1-9d71b5c73ada,1000,3000,,6,12,[],,True,,,,,,False,False,00000000-0000-0000-0000-000000000001,,2024-01-15 18:18:10,2024-01-15 18:42:07
07fa99b7-1143-4791-9827-a5da320dac2c,80126705-23b0-47c5-bf0b-bcce2bb4b417,600,1200,,2,4,[],,True,,,,,,False,False,00000000-0000-0000-0000-000000000001,,2024-01-15 18:37:10,2024-01-15 13:42:07
b4e1019f-b00a-460e-851c-eb5fd01b5c15,ae70ee5e-ea25-47b0-9b80-aba3400b5cd3,,,,0,0,[],,True,,,,,,False,False,00000000-0000-0000-0000-000000000001,,2024-01-15 04:15:00,2024-01-15 14:04:06
167a8305-0d78-4b35-b995-5cc4293d392c,f648ef1c-c7c1-4d7f-b04a-91bf04a6718d,500,1000,,2,4,[],,True,,,,,,False,False,00000000-0000-0000-0000-000000000001,,2024-01-15 09:43:00,2024-01-15 19:09:05
644465a9-4f6a-4a48-916a-4ddd43106a16,319210e7-b5f8-45c0-a3d0-9e384b46c5ca,200,500,,2,4,[],,True,,,,,,False,False,00000000-0000-0000-0000-000000000001,,2024-01-15 10:04:00,2024-01-15 03:10:08
e76bbbe5-bead-4ef6-af95-973ab9319e48,58b4e1a8-1418-4da0-a57e-23d285891faf,,,,0,0,[],,True,,,,,,False,False,00000000-0000-0000-0000-000000000001,,2024-01-15 10:24:00,2024-01-15 23:10:07
d02897a6-4ad3-4434-9f53-7d65b882288d,b9e6ee77-95a5-4782-819e-2e9f0e39a9db,800,1500,,3,5,[],,True,,,,,,False,False,00000000-0000-0000-0000-000000000001,,2024-01-15 11:14:00,2024-01-15 13:11:09
d5db3e33-7606-4e83-b0ad-4dd4ab2bfc2e,7484b19e-814d-4ca1-bfab-c1050e50b712,250,500,,1,3,[],,True,,,,,,False,False,00000000-0000-0000-0000-000000000001,,2024-01-15 14:03:00,2024-01-15 03:14:01
5e0b2ddd-0330-4543-9d90-2f036e1cb82d,e0d7a709-6146-4915-83d7-1906b24f9ce6,,,,0,0,[],,True,,,,,,False,False,00000000-0000-0000-0000-000000000001,,2024-01-15 15:04:00,2024-01-15 04:15:03
59d846de-d0c0-43a3-ae08-1a38d34dbc66,605dc402-64b7-4ba9-9069-e705f4746b7c,700,1200,,0,0,[],,True,,,,,,False,False,00000000-0000-0000-0000-000000000001,,2024-01-15 18:18:00,2024-01-15 18:18:04
6819550a-5db9-44c2-b193-1a0fb7597199,3f8fddd3-f75d-4d55-8622-c998930adc92,200,300,,0,0,[],,True,,,,,,False,False,00000000-0000-0000-0000-000000000001,,2024-01-15 19:10:00,2024-01-15 09:19:07
1986d5f0-fc51-4186-8012-a1b59fe289ab,be9dc891-8287-4cbd-9093-b658cae87d07,150,500,,3,7,[],,True,,,,,,False,False,00000000-0000-0000-0000-000000000001,,2024-01-16 04:44:00,2024-01-15 20:28:03
01e98162-df82-4418-be6d-494445a0ba21,20eb604e-6144-4ec8-9dfc-e504cfc576ea,200,750,,3,5,[],,True,,,,,,False,False,00000000-0000-0000-0000-000000000001,,2024-01-16 08:03:00,2024-01-15 03:32:04
c061c19d-f551-439b-af84-e8af6ff354c0,945cd8b9-47c7-4093-b0ea-4531c6ced200,200,600,,4,6,[],,True,,,,,,False,False,00000000-0000-0000-0000-000000000001,,2024-01-16 09:13:00,2024-01-15 13:33:02
383b87f3-3465-4ae7-91ed-a4c98e866c52,23483a03-aa1e-4e9e-862e-23a723901474,200,500,,3,5,[],,True,,,,,,False,False,00000000-0000-0000-0000-000000000001,,2024-01-16 20:17:00,2024-01-15 17:44:00
cb7b06ac-8be6-48a1-bb26-829d1e2c8d3b,70628840-212f-4377-8b18-8aa145bc292a,250,600,,3,5,[],,True,,,,,,False,False,00000000-0000-0000-0000-000000000001,,2024-01-16 21:36:00,2024-01-15 12:45:02
7de70f2f-28fb-43a5-88a0-f63dff87c62d,6855aba8-d2c9-4cd6-aa86-bed08d0acfc8,30,300,,2,2,[],,True,,,,,,False,False,00000000-0000-0000-0000-000000000001,,2024-01-15 23:22:20,2024-01-15 22:47:08
71a27d18-5e75-4419-9ff3-f7ef38880ec5,9bb91606-f058-4164-bcaa-87892da94227,64,500,,1,3,[],,True,,,,,,False,False,00000000-0000-0000-0000-000000000001,,2024-01-15 00:33:30,2024-01-15 09:48:09
036978c2-b1f2-4c1b-b9c7-79388e94ce1c,5f399d54-407c-4b4a-98c7-aef9ad1600c6,100,750,,2,4,[],,True,,,,,,False,False,00000000-0000-0000-0000-000000000001,,2024-01-17 03:03:00,2024-01-15 03:51:01
5d9d37d5-d831-4a9c-9c15-4ea7d113d397,489d88bf-1f8d-4de9-b7f1-a863268d3126,200,1500,,1,10,[],,True,,,,,,False,False,00000000-0000-0000-0000-000000000001,,2024-01-15 11:57:30,2024-01-15 09:59:09
25ab64d1-3245-44a6-a57d-2748ce41ab07,f1ce23fc-d9bd-4514-83be-543b30357cb1,80,400,,2,4,[],,True,,,,,,False,False,00000000-0000-0000-0000-000000000001,,2024-01-15 03:54:00,2024-01-15 05:03:06
bee74603-40d4-441a-a0de-79dad0f658a4,4af9efb4-507c-4d83-bac1-bfcb915174a4,200,500,,3,200,[],,True,,,,,,False,False,00000000-0000-0000-0000-000000000001,,2024-01-15 14:42:00,2024-01-15 18:14:00
18e52a53-15fb-495e-a097-5f91877dd1bb,38561e9f-265f-4bd5-9e6f-4d4c001fab1e,500,1000,,5,15,[],,True,,,,,,False,False,00000000-0000-0000-0000-000000000001,,2024-01-15 20:48:00,2024-01-15 00:20:04
039c7b9f-6be7-414f-8be6-35fad305285e,fb0b305f-4c8f-43af-acc7-5619797e05a7,100,500,,3,5,[],,True,,,,,,False,False,00000000-0000-0000-0000-000000000001,,2024-01-15 22:10:00,2024-01-15 10:22:02
909a2f53-f766-44ce-9762-37f5f91960d6,fbb1242f-32be-4c01-b085-b98486a13802,200,700,,3,6,[],,True,,,,,,False,False,00000000-0000-0000-0000-000000000001,,2024-01-15 23:57:00,2024-01-15 09:23:00
a6ca26da-0e28-4d0e-a8db-c67cc01a3af5,bb624860-ff6d-416a-bd40-2458aeefed6c,,,,2,2,[],,True,,,,,,False,False,00000000-0000-0000-0000-000000000001,,2024-01-15 01:11:20,2024-01-15 11:25:08
36777e72-e3ca-4682-b9fa-222ab95aaaaf,d93c950c-ab6f-4a07-b92b-33b89adc419b,600,800,,2,5,[],,True,,,,,,False,False,00000000-0000-0000-0000-000000000001,,2024-01-16 13:46:00,2024-01-15 22:37:03
c0f4e3ac-8fd9-416f-b13a-8033b2a48f86,12c8ab8c-e4fd-4910-8bce-ef630b9e6491,750,2000,,4,6,[],,True,,,,,,False,False,00000000-0000-0000-0000-000000000001,,2024-01-15 11:50:00,2024-01-15 01:11:07
f29161ae-87c0-4326-99f4-65b6f16c9b71,64afff51-8b14-4193-a750-6c03763a23b4,600,800,,3,6,[],,True,,,,,,False,False,00000000-0000-0000-0000-000000000001,,2024-01-16 00:52:00,2024-01-15 04:24:01
c190e9ac-b137-4eb4-b4a6-ac1821b70413,3431dd32-d63e-4fce-8a7b-488a02dadf73,200,350,,1,3,[],,True,,,,,,False,False,00000000-0000-0000-0000-000000000001,,2024-01-15 02:24:30,2024-01-15 00:26:09
0832f03b-7081-4581-9cb1-2c03f2b1d338,c6444da3-7bf0-44e7-a219-85d4e84bded4,600,1000,,0,0,[],,True,,,,,,False,False,00000000-0000-0000-0000-000000000001,,2024-01-15 03:24:20,2024-01-15 00:27:08
9284a81c-64bf-48f6-bb22-a140a541888b,b702b30c-ea16-4a5b-8d78-13f8c41c51d3,600,1000,,3,5,[],,True,,,,,,False,False,00000000-0000-0000-0000-000000000001,,2024-01-16 08:27:00,2024-01-15 03:32:04
468bd34b-70b3-4d62-b721-d32b3315a323,7d07fbd9-d1a5-4820-8ff8-c1120ea6ff06,315,500,,3,5,[],,True,,,,,,False,False,00000000-0000-0000-0000-000000000001,,2024-01-16 09:19:00,2024-01-15 19:33:01
7105c4e9-21bf-4b3a-b54d-8ac29b92bce6,0b66ede6-6a9d-4dc1-a71e-d4ac5db22f6f,250,400,,2,3,[],,True,,,,,,False,False,00000000-0000-0000-0000-000000000001,,2024-01-16 11:45:00,2024-01-15 21:35:02
815ca2a0-92b6-4154-8494-6644ecc3bd53,606a879b-da69-4f28-bb62-7d6928c5bfda,1000,1200,,3,5,[],,True,,,,,,False,False,00000000-0000-0000-0000-000000000001,,2024-01-16 17:02:00,2024-01-15 02:41:02
29b5af68-e9a7-40cc-b046-caeb8c32e3f8,51de79ee-7094-4b9e-8fd8-36c14770b17d,1000,2500,,6,9,[],,True,,,,,,False,False,00000000-0000-0000-0000-000000000001,,2024-01-16 17:53:00,2024-01-15 05:41:00
94fb7adb-3c97-4214-88c5-49d2959eb54d,1fac6fce-3ca3-41c6-a470-541370486496,500,1000,,3,4,[],,True,,,,,,False,False,00000000-0000-0000-0000-000000000001,,2024-01-15 19:48:10,2024-01-15 00:43:07
d34a0723-4c7b-452c-b623-b013f60c7aca,7ead3192-9970-4ca4-9492-1e653cba5c40,1500,2500,,3,4,[],,True,,,,,,False,False,00000000-0000-0000-0000-000000000001,,2024-01-16 20:54:00,2024-01-15 06:44:02
c0bf2f13-93b6-4188-b9ca-0ccc31ae4223,b369aafb-788d-48c2-a292-1227e246c5e2,1000,2000,,6,8,[],,True,,,,,,False,False,00000000-0000-0000-0000-000000000001,,2024-01-16 22:20:00,2024-01-15 20:46:05
450fba06-63e9-4d42-b22b-81fc02674e66,4aafb50c-8cb6-4610-9232-89902077d0a3,100,150,,1,3,[],,True,,,,,,False,False,00000000-0000-0000-0000-000000000001,,2024-01-15 23:54:30,2024-01-15 06:47:09
f2377927-4f69-4e64-9a33-bccc1958da42,30a2d954-c1e6-4ca8-8b82-c27241094307,,,,1,1,[],,True,,,,,,False,False,00000000-0000-0000-0000-000000000001,,2024-01-15 01:10:00,2024-01-15 10:49:06
500aa618-8283-4c0d-8edf-5c3f5559d99b,490c8da9-056b-42c8-953b-790ae0d96980,500,1200,,4,6,[],,True,,,,,,False,False,00000000-0000-0000-0000-000000000001,,2024-01-17 02:00:00,2024-01-15 00:50:02
ddfcc5cd-b76e-4a36-9e80-37c48c3a35d6,e75e0dd4-68dc-4253-ba10-c66dbc68af66,800,1000,,4,6,[],,True,,,,,,False,False,00000000-0000-0000-0000-000000000001,,2024-01-15 08:24:20,2024-01-15 00:56:08
9efc2b0d-0fc3-4949-8608-0d65d0373410,3ab4cfd1-65bf-4466-b000-fa986136cf8a,500,1000,,3,5,[],,True,,,,,,False,False,00000000-0000-0000-0000-000000000001,,2024-01-15 10:31:10,2024-01-15 07:58:07
91264cfb-d02b-4b65-9fe3-e4d5f924a81e,52e386d0-16ce-48fa-91c9-75e6dc633959,500,700,,4,6,[],,True,,,,,,False,False,00000000-0000-0000-0000-000000000001,,2024-01-17 11:32:00,2024-01-15 08:59:05
746bda97-4daf-46f4-b06a-909cd5b8cd82,1ae94dc8-64ad-42e0-9650-72d9fe7e83c5,,250,,,,,Less than 10hrs,True,,,,South India,,,,00000000-0000-0000-0000-000000000001,,,
7e16a7f7-a6c9-4491-ac09-473c7dbe7120,b1966850-3f94-4893-8f7e-c6d27ee51461,5000,,,,,,Less than 10hrs,True,,,,"South India, North India, West India",,,,00000000-0000-0000-0000-000000000001,,,
1f002923-42ff-41cb-ac32-ae1ff359ff51,3fdfc493-e614-4001-b564-8169665b6043,3000,5000,,,,,Less than 10hrs,True,Bengaluru | Duration: 1 - 3 Months,,,"South India, North India, East India, West India",,,,00000000-0000-0000-0000-000000000001,,,
9e01359f-0c05-4165-9f57-250bd06945e8,7c3e49a3-81b4-48ae-b744-c00b8dc05568,2000,3000,,,,,10 - 20hrs,True,,,,"South India, Bengaluru",,,,00000000-0000-0000-0000-000000000001,,,
30e98a48-f52b-401d-a5d3-7e03ff5fdc92,5c90c0fb-38e7-441d-a4b3-932c8d19d915,,,,,,,Consultancy Franchise,,Yes | Duration: 2 Years,,,Franchise Business Consultants,Rs. 2lakhs -5 lakhs,,,00000000-0000-0000-0000-000000000001,,,
b6b2666e-c401-4933-9da8-6ad0cb41a80e,58e2d28f-d82e-4377-ae5d-34600e0382a9,1000,2000,,,,,Less than 10hrs,True,,,,West India,,,,00000000-0000-0000-0000-000000000001,,,
970ddd60-231f-44b8-b54d-688c429f4379,9dfffdd4-1e58-4269-9d0e-cf773083ffaf,2000,3000,,,,,Less than 10hrs,True,,,,"South India, Akot",,,,00000000-0000-0000-0000-000000000001,,,
48ad9d8b-f87a-4271-828d-89e4fb5d88dd,19f4d529-70a5-4231-8055-fec1caeaa905,250,500,,,,,Less than 10hrs,True,,,,"Indore, Bhopal, Nagda, Nagpur, Raigad, Raipur, Hubbathala, Hyderabad, Pune, Mumbai, Goa",,,,00000000-0000-0000-0000-000000000001,,,
f7db8f18-03b0-4382-ae10-bd7ed609e901,b6cb22e1-d94a-4a31-a69c-d7cebd7e2da1,750,1000,,,,,20 - 30hrs,True,Mumbai | Duration: 3 Days - 1 Week,,,West India,,,,00000000-0000-0000-0000-000000000001,,,
ab97109f-c999-45a1-9285-f013858714d6,b5e867d7-e04d-4974-b1dc-1e8d7a45c77f,2000,3000,,,,,Less than 10hrs,True,,,,"South India, North India",,,,00000000-0000-0000-0000-000000000001,,,
8f5a5dcd-6426-4e6b-ad2f-6aa984361008,5d6e645a-ca76-4ed6-9c3a-65688ee1dd02,500,750,,,,,10 - 20hrs,True,,,,Jaipur,,,,00000000-0000-0000-0000-000000000001,,,
dedb66d7-3c9d-455b-8334-09b793cb9b2d,9aaac6a3-893d-407f-bc56-2440ef3e5e74,250,500,,125,125,,30 - 40hrs,False,Noida | Duration: 3 Days - 1 Week,,,"North India, South India, West India, East India, Union Territorie","Bachelor's Degree - B.A, B.S, BFA, BMS etc..",,,00000000-0000-0000-0000-000000000001,,,
c2c083e7-82aa-4059-876f-afaeba47daa2,6efcf26f-b96d-467f-b08d-40957a446d85,750,1000,,,,,Less than 10hrs,True,,,,South India,,,,00000000-0000-0000-0000-000000000001,,,
f80d8a61-d88e-4bc7-90f4-5b8f7ac21826,5aec5231-9a13-4ec6-b378-d5964efadc4a,2000,3000,,,,,Less than 10hrs,False,,,,Bengaluru,,,,00000000-0000-0000-0000-000000000001,,,
2cbc0b54-f31e-440f-aed3-9c5fb5d3744e,f8b3e14e-2a1b-4ca1-a862-ff8ba9e173ca,250,500,,,,,Less than 10hrs,False,,,,"East India, West India, North India, South India, Union Territorie",,,,00000000-0000-0000-0000-000000000001,,,
f0b63ec1-2d0a-4448-83d5-d45a9c5428e6,2181d9cf-6d6b-4078-acee-317b4cc66ce9,2000,3000,,,,,30 - 40hrs,True,,,,Bengaluru,,,,00000000-0000-0000-0000-000000000001,,,
4c8c5193-5daf-4e56-8c45-35cc0278f1ca,42b424ae-4fe6-499f-8da7-eba2f6369b6b,1000,2000,,,,,Less than 10hrs,True,,,,"South India, North India, East India, West India",,,,00000000-0000-0000-0000-000000000001,,,
4d0d35b1-3132-4197-bd87-ea129fd37685,c6e5a3dd-2b86-49aa-b104-e0a6873c8d0a,5000,,,,,,Less than 10hrs,False,,,,North India,,,,00000000-0000-0000-0000-000000000001,,,
9d3a8b79-270c-4fa1-938d-40788948a1af,d38aabdb-219c-4f57-a903-7cc8b78a3158,250,500,,,,,Less than 10hrs,True,,,,Bengaluru,,,,00000000-0000-0000-0000-000000000001,,,
3acdafbf-5ec3-4bb5-8c2b-09701ea3ee46,8d1f2c2b-4dd4-4959-8ec7-375edd59f999,250,500,,,,,Less than 10hrs,True,,,,Ghaziabad,,,,00000000-0000-0000-0000-000000000001,,,
2983a796-78fe-4f26-8c0d-4e382b155533,a7eebaa7-a429-4489-b0f0-1f29b069af63,1000,2000,,,,,Less than 10hrs,True,,,,"North India, South India, West India, East India, Delhi, Mumbai",,,,00000000-0000-0000-0000-000000000001,,,
c376378b-4e42-465c-a03d-4dc9b607f295,496ce3e5-cf47-4bf4-8874-b4572a97def5,5000,,,,,,Less than 10hrs,True,,,,,,,,00000000-0000-0000-0000-000000000001,,,
27d46b13-f4aa-4b68-b015-c78239d84bb6,a42c35fe-e9bd-42b0-8787-966596a54f97,2000,3000,,1000,1000,,Greater than 40hrs,False,,,,"Varanasi, Allahabad, Ghaziabad, Noida, Agra, Aligarh, Bareilly, Faizabad, Jhansi, Jaunpur, Kanpur, Mathura, Meerut, Moradabad, Saharanpur, Sultanpur, Lakhimpur, Bulandshahar, Muzaffarnagar",,,,00000000-0000-0000-0000-000000000001,,,
900e0b58-ccff-48cf-b167-d4e7e01fff9d,5d130317-45b7-4caa-aa92-b38fabf64bd8,1000,2000,,,,,Less than 10hrs,True,Head Office | Duration: 3 Days - 1 Week,,,"South India, North India, West India, East India, Union Territorie","Doctoral Degree - Ph.D., J.D., M.D. etc..",,,00000000-0000-0000-0000-000000000001,,,
df27e5a5-3fb3-49c4-8ecf-5da98a2e131e,757661f5-15bb-4634-87a2-e83e5e4ac1be,,250,,,,,,True,,,,Anand,"Doctoral Degree - Ph.D., J.D., M.D. etc..",,,00000000-0000-0000-0000-000000000001,,,
0b89b2af-ec2d-4909-84af-a33ebed3cbfd,46bdfbfd-5076-4275-808a-0654c0f16d64,2000,3000,,,,,Less than 10hrs,False,,,,"West India, South India, North India",,,,00000000-0000-0000-0000-000000000001,,,
a0428c30-6a0e-430f-b248-cad2adfd3547,13b02d85-0b21-41df-a42b-a3e69627c361,750,1000,,,,,Less than 10hrs,True,Mumbai | Duration: 1 - 2 Weeks,,,"North India, South India, West India, East India",No Qualification,,,00000000-0000-0000-0000-000000000001,,,
c5dada4f-e82e-4399-a7a1-971998f5fea4,685e5824-24fc-4845-b14b-c910e3724267,3000,5000,,,,,,True,United States Of America | Duration: 3 Days - 1 Week,,,Delhi,"Doctoral Degree - Ph.D., J.D., M.D. etc..",,,00000000-0000-0000-0000-000000000001,,,
bf81321f-7f9d-4e30-b309-bcdb75f4e474,c7b53088-088e-47c7-880c-33fff141f5cc,3000,5000,,,,,,False,,,,Hyderabad,"Doctoral Degree - Ph.D., J.D., M.D. etc..",,,00000000-0000-0000-0000-000000000001,,,
6176cb7f-551e-4d5d-8272-896c943f2c11,0c1a24dd-8ba8-49c0-9201-209dcec335ff,1000,2000,,1200,1200,,Greater than 40hrs,True,Rajkot | Duration: 3 Days - 1 Week,,,"Ongole, Nellore, Srikakulam, Visakhapatnam, Vijayawada, Vizianagaram, Rajahmundry, Kurnool, Tirupati, Nalgonda, Warangal, Hyderabad, Adilabad, Secunderabad, Hubballi-Dharwad, Davangere, Belgaum, Tumkur, Gadag, Hassan, Mangalore, Pune, Latur, Nanded, Wardha, Bhandara, Bhusawal, Buldana, Chandrapur, Chinchwad, Dhule, Gadchiroli, Hingoli, Nandurbar, Nashik, Palghar, Panvel, Pimpri Chinchwad, Sangamner, Shahada, Vasai-Virar, Yaval, South India","Doctoral Degree - Ph.D., J.D., M.D. etc..",,,00000000-0000-0000-0000-000000000001,,,
0e62af26-d31e-439e-9274-f27959d7b2d0,513980c6-0171-4aff-a7f3-b55f1a3e291d,1000,2000,,25,100,,30 - 40hrs,False,,,,Jalandhar,"Doctoral Degree - Ph.D., J.D., M.D. etc..",,,00000000-0000-0000-0000-000000000001,,,
908a0c7f-d86d-4677-9bda-37943eb56077,9ed14b2b-c050-40f4-a1be-9a0681fc1fcf,750,1000,,35,35,,Less than 10hrs,True,"Baby Sutra HO, Bangalore | Duration: 3 Days - 1 Week",,,"South India, North India, West India, East India, Union Territories",Associate Degree - High school diploma or equivalent,,,00000000-0000-0000-0000-000000000001,,,
9a90bf17-d34c-499c-8ce1-17e75e9bb8ae,306adbb9-1cd9-4b86-a202-0cdd8351a725,1000,2000,,,,,10 - 20hrs,False,,,,Delhi,"Doctoral Degree - Ph.D., J.D., M.D. etc..",,,00000000-0000-0000-0000-000000000001,,,
b64548d2-c615-41d9-b35e-76589505ed82,ac9a69a5-6742-4c61-a0fc-357ffaacb990,750,1000,,,,,,True,,,,,"Doctoral Degree - Ph.D., J.D., M.D. etc..",,,00000000-0000-0000-0000-000000000001,,,
284343dc-615c-4536-b522-160bab304e03,dea2856c-266c-404b-ba9a-660bf0018d47,500,750,,,,,Less than 10hrs,False,,,,West India,,,,00000000-0000-0000-0000-000000000001,,,
cc2ff181-4ad0-4226-ac65-dfec4bc378df,6e7e1589-f738-4d22-98b1-15f122e473ce,500,750,,,,,Less than 10hrs,False,,,,"West India, South India, East India, North India",,,,00000000-0000-0000-0000-000000000001,,,
322b6b76-8c23-49aa-bce3-229dd6d1bee7,1984c3e0-e84b-4f1b-9983-778f9dfd90fc,750,1000,,20,20,,20 - 30hrs,False,,,,"East India, West India, North India, South India, Union Territorie","Doctoral Degree - Ph.D., J.D., M.D. etc..",,,00000000-0000-0000-0000-000000000001,,,
63eccf48-1343-49db-be56-e867d44bf4ce,fa32c4a3-f72f-4edc-85d4-51bde717a0a9,1000,2000,,,,,10 - 20hrs,False,,,,Mumbai,"Doctoral Degree - Ph.D., J.D., M.D. etc..",,,00000000-0000-0000-0000-000000000001,,,
700a6bfd-f90c-4784-8946-8f0808d41249,add4ca64-cde4-4c81-8e58-d521d898372b,250,500,,,,,20 - 30hrs,False,,,,"West India, East India, North India",,,,00000000-0000-0000-0000-000000000001,,,
4cda06aa-d86f-4811-b6b7-f3533a53ab77,a39cf9a7-18eb-40d7-a536-ac1a43690702,,250,,,,,,False,,,,Delhi,"Doctoral Degree - Ph.D., J.D., M.D. etc..",,,00000000-0000-0000-0000-000000000001,,,
b9d603ff-1133-4352-a8ef-2b76714d7dbc,9c4c8994-4d2e-45ee-98ff-0dc08f89f6dc,250,500,,3000,3000,,10 - 20hrs,True,Gurgaon | Duration: 3 Days - 1 Week,,,"Delhi, Faridabad, Gurgaon, Ghaziabad, Noida","Doctoral Degree - Ph.D., J.D., M.D. etc..",,,00000000-0000-0000-0000-000000000001,,,
5f05503f-2fab-4aaf-bbc4-a5169bd68f8e,11ec541c-8d14-4ee5-ba4c-dabf82387746,,250,,,,,,True,,,,Kolkata,"Doctoral Degree - Ph.D., J.D., M.D. etc..",,,00000000-0000-0000-0000-000000000001,,,
a6cafb7c-8f49-46af-90d0-52a67e3c309b,e82dbdfb-34d6-4427-99f1-7334e55a59eb,250,500,,,,,20 - 30hrs,True,Headquaters | Duration: 3 Days - 1 Week,,,"South India, North India, West India, East India","Doctoral Degree - Ph.D., J.D., M.D. etc..",,,00000000-0000-0000-0000-000000000001,,,
85faab3f-792d-41e7-8f44-b46750769083,4a4b2be6-742f-4690-bdb4-7f307761ef4c,500,750,,,,,Less than 10hrs,False,,,,"Dispur, Chandigarh, Bengaluru, Bhopal, Indore, Jaipur, Chennai, Kolkata",,,,00000000-0000-0000-0000-000000000001,,,
d3f43c11-9713-4a9d-833f-7e57b8a8e179,ec3f96f0-08fb-4e9f-8c7f-890d7128c6b5,1000,2000,,,,,30 - 40hrs,False,,,,Faridabad,"Doctoral Degree - Ph.D., J.D., M.D. etc..",,,00000000-0000-0000-0000-000000000001,,,
0654bdb3-3ca3-409d-a8ec-031a032f9efe,b30cf2fe-a449-40e7-9afa-3ce7a29cf2ec,3000,5000,,,,,Less than 10hrs,True,New Delhi | Duration: 1 - 3 Days,,,"Delhi, Chandigarh, Lucknow, Hyderabad, Pune, Kolkata, Bengaluru, Faridabad",No Qualification,,,00000000-0000-0000-0000-000000000001,,,
403c57c9-abf6-4f8c-bdf3-f63f21764faf,7a48f43c-7ccb-480c-8b26-77c5994cb82e,,250,,,,,20 - 30hrs,False,,,,Gurgaon,,,,00000000-0000-0000-0000-000000000001,,,
bc9c8c3e-74cc-4812-bf70-0c8743d2316f,6e313ad1-9e12-4d70-853a-944f567a0acb,,250,,20,20,,10 - 20hrs,True,Bangalore,,,"Union Territorie, Andhra Pradesh, Karnataka, Kerala, Tamil Nadu, Telangana, South India","Doctoral Degree - Ph.D., J.D., M.D. etc..",,,00000000-0000-0000-0000-000000000001,,,
42c341a1-0c4a-42b6-88ad-61c9204b8461,3cac3d1d-27d2-4009-8a0f-9cd03a389407,,250,,12,12,,Less than 10hrs,True,Duration: 3 Days - 1 Week,,,"Ahmedabad, Surat, Rajkot, West India, South India, North India, East India",,,,00000000-0000-0000-0000-000000000001,,,
feefeabf-9c11-40ed-9aee-d95b92201c3d,0646a3ac-eaf3-406e-ac72-d59fddb63b78,,250,,25,100,,20 - 30hrs,True,,,,Gurgaon,"Doctoral Degree - Ph.D., J.D., M.D. etc..",,,00000000-0000-0000-0000-000000000001,,,
f30bf0f5-571b-4929-8923-45cf76578f01,c4c6e592-e9bc-4518-b791-482f31803ead,,250,,,,,,True,,,,Ludhiana,"Doctoral Degree - Ph.D., J.D., M.D. etc..",,,00000000-0000-0000-0000-000000000001,,,
4d0e0714-6ee0-4825-b58b-8bf7e4a8d5cd,b99cc638-61d0-49c1-ba47-9fbd822a1ccf,2000,3000,,,,,10 - 20hrs,False,,,,North India,,,,00000000-0000-0000-0000-000000000001,,,
050125e5-6984-44aa-ada3-9926b03e156d,91dd4711-5e07-4a7e-8a75-d8384fc158b9,1000,2000,,,,,10 - 20hrs,True,,,,Mumbai,"Doctoral Degree - Ph.D., J.D., M.D. etc..",,,00000000-0000-0000-0000-000000000001,,,
aa3ec0f2-8237-49cf-ae5c-2ac355cb7ffc,3b4bb16e-1882-4bbf-b79f-0ffd13491af4,1000,2000,,50,50,,Less than 10hrs,False,Delhi,,,Delhi,"Doctoral Degree - Ph.D., J.D., M.D. etc..",,,00000000-0000-0000-0000-000000000001,,,
9799d93a-1063-46a6-aaa2-f1ea1d4a002e,5e12d3d4-5738-4955-94e3-03608f6a6ab8,250,500,,20,20,,Less than 10hrs,True,Navsari | Duration: 1 - 2 Weeks,,,"Mumbai, Pune, Nagpur","Doctoral Degree - Ph.D., J.D., M.D. etc..",,,00000000-0000-0000-0000-000000000001,,,
c59beb4a-4048-443b-858d-84b4b7c6deb4,3ae8b196-9e9d-443e-b1e5-df65526686e3,,250,,,,,10 - 20hrs,False,,,,,,,,00000000-0000-0000-0000-000000000001,,,
9ecdebb7-cbd0-4a8a-ade5-597b8768511e,146c0b9a-7f1a-4349-acbb-9e635b67f0ed,,250,,100,100,,Less than 10hrs,True,New Delhi | Duration: 1 - 2 Weeks,,,"North India, South India","Doctoral Degree - Ph.D., J.D., M.D. etc..",,,00000000-0000-0000-0000-000000000001,,,
37b01292-ae66-4414-ab35-9320c687342c,668b8c49-6dd3-4e0d-ab5a-1ae6a0e1829d,3000,5000,,,,,,True,,,,Mumbai,"Doctoral Degree - Ph.D., J.D., M.D. etc..",,,00000000-0000-0000-0000-000000000001,,,
15fc0bf8-5457-4f35-a5c0-b83e5d019c7e,f3a87cae-1f95-490d-9dbc-8f0759a06895,500,750,,,,,Less than 10hrs,False,,,,North India,,,,00000000-0000-0000-0000-000000000001,,,
0f1b5354-a61a-4f66-bcad-c59f19931989,58e082bd-8ad9-4ee9-92ca-be29f3892f4b,1000,2000,,,,,,True,Bangalore | Duration: 3 Days - 1 Week,,,Bengaluru,"Doctoral Degree - Ph.D., J.D., M.D. etc..",,,00000000-0000-0000-0000-000000000001,,,
a01a3153-dbeb-4345-9fcf-a0e8d834b9e6,5ac44d91-d7c0-4ddb-ba5c-e152d8954bf7,2000,3000,,50,50,,10 - 20hrs,False,,,,North India,"Doctoral Degree - Ph.D., J.D., M.D. etc..",,,00000000-0000-0000-0000-000000000001,,,
4efd754e-f3e6-42e2-aa65-b523c6f7220e,be84dd74-61cb-46bf-b3a8-953d79be7933,1000,2000,,,,,30 - 40hrs,True,Virtual and in person training sessions | Duration: 1 - 2 Weeks,,,"South India, North India, West India, East India, Union Territorie","Bachelor's Degree - B.A, B.S, BFA, BMS etc..",,,00000000-0000-0000-0000-000000000001,,,
a85236cf-37f5-4a3c-929f-b9b41026c466,a1396a46-d38e-4e0b-877e-7e0fd55be66a,250,500,,,,,,True,,,,Mumbai,"Doctoral Degree - Ph.D., J.D., M.D. etc..",,,00000000-0000-0000-0000-000000000001,,,
087f8857-7d01-4a25-9106-733e60503f6d,368e80d9-3ba0-46d2-9979-67cbdb69ce6f,3000,5000,,,,,Less than 10hrs,False,,,,"Dhaka, Colombo, Dubai, Visakhapatnam, Patna, Raipur, Surat, Jammu, Ranchi, Bhopal, Indore, Sagar, Chandigarh, Amritsar, Jalandhar, Ludhiana, Jaipur, Udaipur, Kota, Agra, Bareilly, Allahabad, Varanasi, Meerut, Dehradun, Kolkata, Siliguri",,,,00000000-0000-0000-0000-000000000001,,,
ef77819a-4040-4eab-ba9e-0d10ffe4f891,0db4c3ee-7282-42aa-be41-21732c3658b6,250,500,,,,,Greater than 40hrs,False,,,,Bengaluru,"Doctoral Degree - Ph.D., J.D., M.D. etc..",,,00000000-0000-0000-0000-000000000001,,,
1b0cf9ba-d079-416a-a11a-f33919794ed1,3f29e1a8-d818-4cc7-ae35-d92c4bcfa357,2000,3000,,,,,Less than 10hrs,False,,,,"Pune, Nashik, Lonavala",,,,00000000-0000-0000-0000-000000000001,,,
1316e7ed-8d19-4b5f-b2b0-ede7a2f8d495,a5e859b4-6b8c-4036-b87b-04a4cb2b0181,2000,3000,,,,,10 - 20hrs,False,,,,Mumbai,"Doctoral Degree - Ph.D., J.D., M.D. etc..",,,00000000-0000-0000-0000-000000000001,,,
03b5084c-d8e1-4d4c-8adb-7609e4f4521b,49b564d1-e211-41fb-901b-bc102d9bea80,750,1000,,,,,Less than 10hrs,False,,,,"Pune, Mumbai, Nashik, Nagpur, Bhubaneswar, Delhi, Jaipur, Indore, Bhopal, Bengaluru, Vijayawada, Hyderabad, Secunderabad","Doctoral Degree - Ph.D., J.D., M.D. etc..",,,00000000-0000-0000-0000-000000000001,,,
a4049178-b02c-46f4-aefb-740386adcdc7,f75aaa41-acce-4021-99a0-070a49650240,250,500,,,,,,False,,,,Noida,"Doctoral Degree - Ph.D., J.D., M.D. etc..",,,00000000-0000-0000-0000-000000000001,,,
c8468d91-5d80-44d0-9f2c-db9c781903d9,e2d6be80-968a-41d6-985c-3d1526410c64,500,750,,,,,10 - 20hrs,False,,,,Union Territorie,"Doctoral Degree - Ph.D., J.D., M.D. etc..",,,00000000-0000-0000-0000-000000000001,,,
77bdfc43-9495-48a8-aeed-04b7b4ef7a9d,4412b726-961e-4fd1-8338-a5b8552490bc,500,750,,,,,10 - 20hrs,False,,,,"North India, South India, West India, East India",,,,00000000-0000-0000-0000-000000000001,,,
b4545c72-5ac4-432d-90bd-7b62f28c7815,ffc26e8a-e1ca-436f-86c0-8947b436fd79,,250,,,,,,False,,,,Mumbai,"Doctoral Degree - Ph.D., J.D., M.D. etc..",,,00000000-0000-0000-0000-000000000001,,,
74c4e40e-9515-4cea-b548-8c0a8148c1dd,7e6708bc-282e-4db5-b896-947f0d407cb2,250,500,,,,,Less than 10hrs,True,Duration: 3 Days - 1 Week,,,Bengaluru,"Doctoral Degree - Ph.D., J.D., M.D. etc..",,,00000000-0000-0000-0000-000000000001,,,
a74a999a-df0e-4b65-b16e-acb644410c94,63e8fcdd-17af-4413-8cd1-39e2012795b1,3000,5000,,,,,,False,,,,Gurgaon,"Doctoral Degree - Ph.D., J.D., M.D. etc..",,,00000000-0000-0000-0000-000000000001,,,
1186ef0e-dfd5-47d0-b55f-bbc146525d38,b92f6992-01e1-4a17-ae71-059cf3c0f4c5,,250,,,,,,True,,,,Delhi,"Doctoral Degree - Ph.D., J.D., M.D. etc..",,,00000000-0000-0000-0000-000000000001,,,
52f9dc53-ce7e-4dbe-b4ad-eb2149db6c86,9cb52bae-6893-483a-9614-22be48d7030a,,250,,,,,,True,,,,Delhi,"Doctoral Degree - Ph.D., J.D., M.D. etc..",,,00000000-0000-0000-0000-000000000001,,,
15d6d895-4ad3-4cbd-9587-1428717d037c,06b6e3d7-2a69-4879-8453-d20a2e06ac72,250,500,,,,,10 - 20hrs,False,,,,East India,"Doctoral Degree - Ph.D., J.D., M.D. etc..",,,00000000-0000-0000-0000-000000000001,,,
f0344b2e-305d-4f8e-b4b6-6af7a70fdd83,4dba6b15-ff3f-4c41-8b51-0946518c35ab,1000,2000,,,,,,False,,,,Delhi,"Doctoral Degree - Ph.D., J.D., M.D. etc..",,,00000000-0000-0000-0000-000000000001,,,
651eb844-633e-45ac-8f7c-758e84c52dbc,1aee7828-e8ca-4951-b955-3d272a66dbc4,,250,,380,380,,10 - 20hrs,True,Chennai | Duration: 3 Days - 1 Week,,,Chennai,"Doctoral Degree - Ph.D., J.D., M.D. etc..",,,00000000-0000-0000-0000-000000000001,,,
457fbc2a-bcd0-49ff-986d-04c427faaa21,641d1345-19c9-4711-89e0-b9bd5db58643,250,500,,,,,Less than 10hrs,True,Duration: 3 Days - 1 Week,,,"Union Territories, South India, West India, North India, East India","Doctoral Degree - Ph.D., J.D., M.D. etc..",,,00000000-0000-0000-0000-000000000001,,,
0e3cb926-a2be-4647-82d0-3115d35d4ce0,e22fba63-c32b-4be4-8707-c42476609842,750,1000,,,,,Greater than 40hrs,False,,,,"North India, West India, East India, Union Territories",,,,00000000-0000-0000-0000-000000000001,,,
991057d5-8aed-4b5f-bedd-8d6d97fb92d3,9d3c202d-9381-4147-92a2-c889ecd68121,250,500,,,,,Less than 10hrs,False,,,,West India,,,,00000000-0000-0000-0000-000000000001,,,
5098ae72-dab9-493f-b1c8-cc256d4328f5,f73cf74b-e2d3-469e-959f-52fc1a245bce,1000,2000,,1000,10000,,,True,Mumbai | Duration: 3 Days - 1 Week,,,Mumbai,"Doctoral Degree - Ph.D., J.D., M.D. etc.",,,00000000-0000-0000-0000-000000000001,,,
9e5c0b0e-2c42-45f9-97e7-f9e0acae39dc,2ab72a84-be1d-4f96-bfc6-cbf4113c345d,1000,2000,,,,,,False,,,,Ludhiana,"Doctoral Degree - Ph.D., J.D., M.D. etc..",,,00000000-0000-0000-0000-000000000001,,,
9402d088-3467-47dd-89b1-41dee32c723f,f90c3450-c059-4971-afde-fa199ffc1790,1000,2000,,,,,10 - 20 hrs,False,,,,Mumbai,"Doctoral Degree - Ph.D., J.D., M.D. etc..",,,00000000-0000-0000-0000-000000000001,,,
070bacbb-7e64-45b3-a7d7-98fa63da6eec,8ffc9f7a-c3a4-404a-8794-b81f3fa7176d,5000,,,,,,10 - 20 hrs,False,,,,Delhi,"Doctoral Degree - Ph.D., J.D., M.D. etc..",,,00000000-0000-0000-0000-000000000001,,,
f11b5f34-cc4d-4470-be34-160ef11a3292,2bded616-68d1-448d-ae54-1bcf470b058f,750,1000,,500,500,,20 - 30 hrs,True,Head office | Duration: 3 Days - 1 Week,,,Delhi,"Doctoral Degree - Ph.D., J.D., M.D. etc..",,,00000000-0000-0000-0000-000000000001,,,
51171ecb-5d22-4db2-8599-9d11bdc1c73f,61a026f1-84fe-4e23-981c-dc964514ca67,750,1000,,,,,Less than 10 hrs,True,Duration: 3 Days - 1 Week,,,North India,"Doctoral Degree - Ph.D., J.D., M.D. etc..",,,00000000-0000-0000-0000-000000000001,,,
fe5c6c57-72c6-4506-bb2f-e3512eb4ee87,d39d234b-6ab8-4219-809e-d08dcb0e0f25,,250,,21,21,,Less than 10 hrs,True,Delhi | Duration: 3 Days - 1 Week,,,"Pan India (All regions incl. UTs, South, North, West, East India)","Doctoral Degree - Ph.D., J.D., M.D. etc..",,,00000000-0000-0000-0000-000000000001,,,
22e0caf8-db66-4c94-b63f-940acae73a99,5e827729-112a-49f4-8575-eb8cfc74b271,500,750,,529,529,,Less than 10 hrs,True,Head Office | Duration: 3 Days - 1 Week,,,"South India, North India, East India, West India, Union Territories","Doctoral Degree - Ph.D., J.D., M.D. etc..",,,00000000-0000-0000-0000-000000000001,,,
6b592ce4-a103-4a56-86d9-679809b9bfb3,72e6add9-4743-4221-8a37-504502dbca6b,1000,2000,,,,,Less than 10 hrs,False,,,,"Union Territories, South India, North India, West India, East India","Doctoral Degree - Ph.D., J.D., M.D. etc..",,,00000000-0000-0000-0000-000000000001,,,
f050dee1-16af-4f82-9f74-cbbf9cb05665,8bda802f-25a5-4d3b-a073-e775b8254f4d,,250,,500,1000,,,True,Mumbai - Corporate Office,,,Mumbai,"Doctoral Degree - Ph.D., J.D., M.D. etc..",,,00000000-0000-0000-0000-000000000001,,,
fd59eabc-c6f5-4dea-bdc5-5a7966bfa8c0,ad2f745b-ddda-4165-b428-6274b3a3294c,750,1000,,700,700,,Less than 10 hrs,True,At Store | Duration: 3 Days - 1 Week,,,"North India, West India","Doctoral Degree - Ph.D., J.D., M.D. etc..",,,00000000-0000-0000-0000-000000000001,,,
efc68b04-ff37-4eeb-86f1-0f2060c01105,26e419c5-022d-401b-81b0-e1c58f24aa39,,250,,,,,Less than 10 hrs,False,Training at head office | Duration: 3 Days - 1 Week,,,Coimbatore,"Doctoral Degree - Ph.D., J.D., M.D. etc..",,,00000000-0000-0000-0000-000000000001,,,
2637c7f5-af10-4c8b-9944-f947f06472db,ee22ea13-04d5-4669-b113-1ee8a1c679f7,250,500,,,,,Less than 10 hrs,False,,,,Union Territorie,,,,00000000-0000-0000-0000-000000000001,,,
72612c8f-6cdf-4ea8-b441-bdb337324488,dbe4e874-1e0a-44f1-9c88-23243a97f81d,500,750,,,,,30 - 40 hrs,False,,,,"Belgaum, Hubballi-Dharwad, Davangere, Mysuru, Bengaluru, Mangalore, Mangaluru","Doctoral Degree - Ph.D., J.D., M.D. etc..",,,00000000-0000-0000-0000-000000000001,,,
e0ca3f9c-725c-495d-a95e-50889e428e7d,7b1471a1-c276-4f1c-9750-efa7cf61e6f1,,,,,,,,True,,,,Kolkata,"Doctoral Degree - Ph.D., J.D., M.D. etc..",,,00000000-0000-0000-0000-000000000001,,,
ef7fe014-7c34-4f2c-9537-111bae2f1ec6,285a8087-2909-4baa-b959-149231119cea,250,500,,,,,Less than 10hrs,False,,,,"South India, Union Territorie, West India, East India, North India","Doctoral Degree - Ph.D., J.D., M.D. etc..",,,00000000-0000-0000-0000-000000000001,,,
93017478-ea89-4dbe-824c-decf8c459f48,7d4c71df-a292-4891-88e5-5beda4329583,1000,2000,,25,100,,10 - 20hrs,True,,,,Delhi,"Doctoral Degree - Ph.D., J.D., M.D. etc..",,,00000000-0000-0000-0000-000000000001,,,
7946795d-a501-4890-8c56-fd50b8190c95,c1719752-43d5-4d87-bc55-62bed966380d,2000,3000,,,,,10 - 20hrs,False,,,,"Ahmedabad, North India",,,,00000000-0000-0000-0000-000000000001,,,
18a57e8f-8a0d-4e9f-a6e6-99be49c27195,757c944a-c4f9-4134-9add-083e6a6d56fd,,250,,,,,,True,,,,Mumbai,"Doctoral Degree - Ph.D., J.D., M.D. etc..",,,00000000-0000-0000-0000-000000000001,,,
856c20a9-adcb-4765-8daa-83b1e240eca2,4e56972b-761c-4f40-9a9f-7f636ecd4200,500,750,,100,500,,30 - 40hrs,True,,,,Delhi,"Doctoral Degree - Ph.D., J.D., M.D. etc..",,,00000000-0000-0000-0000-000000000001,,,
633201ab-6896-476b-8dc1-613c88accd04,da3d6166-4173-4a53-99bd-458944546172,750,1000,,,,,,False,,,,Secunderabad,"Doctoral Degree - Ph.D., J.D., M.D. etc..",,,00000000-0000-0000-0000-000000000001,,,
c84e20b6-a183-4182-a2d8-7139f558675b,33e33b88-95cc-4c7c-86f6-bb90ba44b957,,250,,,,,Less than 10hrs,False,,,,"Union Territorie, East India, North India, South India",,,,00000000-0000-0000-0000-000000000001,,,
235f1d55-30ef-4356-9cdd-2d53bda9d3e9,22315914-73c8-4e93-bffa-3e10e9040df0,750,1000,,,,,10 - 20hrs,True,,,,Bengaluru,"Doctoral Degree - Ph.D., J.D., M.D. etc..",,,00000000-0000-0000-0000-000000000001,,,
8e08cb5c-4a90-473a-99c1-34bb02d51dfd,f14dff5b-0538-465c-bc0c-d69cd2276f8e,,250,,700,700,,Less than 10hrs,True,Bangalore | Duration: 1 - 2 Weeks,,,"South India, North India, West India, East India, Union Territorie",No Qualification,,,00000000-0000-0000-0000-000000000001,,,
0f7e8f06-1c13-4c2c-8a1a-2c69ad50184a,75039b3b-5884-4db7-802a-1aaa9e74a3ec,2000,3000,,,,,Less than 10hrs,True,Duration: 3 Days - 1 Week,,,"Mumbai, Union Territorie","Doctoral Degree - Ph.D., J.D., M.D. etc..",,,00000000-0000-0000-0000-000000000001,,,
ba575365-4609-40aa-a9ef-3ce2a314ba59,6e8ec2e7-0bdf-4dcd-a470-1796fecfca0e,,250,,,,,,False,,,,Mumbai,"Doctoral Degree - Ph.D., J.D., M.D. etc..",,,00000000-0000-0000-0000-000000000001,,,
e8c9316a-afee-44f4-90e8-45a25e31281c,a98ca601-52f4-442e-88f0-472b1708df1d,2000,3000,,,,,Greater than 40hrs,False,,,,"North India, Union Territorie, South India, West India, East India",,,,00000000-0000-0000-0000-000000000001,,,
b1dd101a-2ede-455a-92a8-8f37a6a994f8,eeb9d325-2e52-4a03-94b8-9a670ad67ec2,500,750,,,,,Less than 10hrs,True,Duration: 3 Days - 1 Week,,,"South India, West India, North India, Union Territorie, Bhopal, Nagpur","Doctoral Degree - Ph.D., J.D., M.D. etc..",,,00000000-0000-0000-0000-000000000001,,,
885b57bf-5ead-4ccd-a52a-442218835480,2341d0f7-22a2-42e5-9bff-ec9b7adfb974,2000,3000,,,,,,True,,,,Mumbai,"Doctoral Degree - Ph.D., J.D., M.D. etc..",,,00000000-0000-0000-0000-000000000001,,,
03bff891-dfdd-4b56-869d-71245f5d442d,9972b15c-9e05-4cc9-b316-2f83608ae522,,250,,15,15,,Less than 10hrs,True,At The Franchisee Location | Duration: 3 Days - 1 Week,,,"North India, East India, West India",Associate Degree - High school diploma or equivalent,,,00000000-0000-0000-0000-000000000001,,,
c0db19ee-bd73-427f-b7a6-e6cf0c6df722,06150d99-d60c-4ac0-8c8f-85c06d1db882,1000,2000,,8,8,,Less than 10hrs,True,,,,Indore,,,,00000000-0000-0000-0000-000000000001,,,
bee88485-efe3-46de-aa4c-f3d177d2f986,076f9595-f226-4efe-addd-f5ed721a824d,,250,,,,,10 - 20hrs,True,,,,Mumbai,"Doctoral Degree - Ph.D., J.D., M.D. etc..",,,00000000-0000-0000-0000-000000000001,,,
a316f104-74b4-4179-8923-f1c4c3b92e6f,aed4ba4a-1cd7-40f2-a2f3-9e984cfa41a7,3000,5000,,,,,10 - 20hrs,False,,,,North India,,,,00000000-0000-0000-0000-000000000001,,,
0c9331fc-7199-487e-bf60-7f58edc25985,775e0274-77e9-4ad4-8bfb-c06aa4769738,2000,3000,,,,,Less than 10hrs,True,,,,Mumbai,,,,00000000-0000-0000-0000-000000000001,,,
82aed1d0-e91d-47ce-b1c2-80c657a2c0e4,8f1e19a6-2f62-4caf-9650-4515099fd387,,250,,,,,Less than 10hrs,False,Virtual | Duration: 3 Days - 1 Week,,,"Union Territorie, South India, North India, West India, East India",,,,00000000-0000-0000-0000-000000000001,,,
bd38310e-7a6f-4ac0-b040-8bd94c665c90,aa385e8a-8282-4a6b-ba9e-0f4687c5521b,1000,2000,,300,300,,Less than 10hrs,False,Kolkata | Duration: 1 - 2 Weeks,,,"Kolkata, Kalyani, Barrackpore, Srirampur, Siliguri, Chandannagar, Kanchrapara, Bengaluru",No Qualification,,,00000000-0000-0000-0000-000000000001,,,
a7a91474-604e-48d6-b2e8-26687cf4bd59,6bedb6b8-7dce-47de-b44e-d8e064f19564,250,500,,15,15,,10 - 20hrs,True,Gurdaspur | Duration: 1 - 2 Weeks,,,North India,Associate Degree - High school diploma or equivalent,,,00000000-0000-0000-0000-000000000001,,,
66da7b79-69e0-48ff-901e-eb7f586fd5eb,4de1a6a0-2773-413e-8c96-0f0b26d0c816,250,500,,,,,20 - 30hrs,False,,,,North India,,,,00000000-0000-0000-0000-000000000001,,,
32edfea9-b92f-4c4c-8647-338d6ef29feb,6f207baf-467a-4bc9-9d03-bde54065a98c,750,1000,,,,,Less than 10hrs,False,,,,South India,,,,00000000-0000-0000-0000-000000000001,,,
f3e3d781-e32e-4229-ba4b-b4f92a1ba78d,f499f3af-585e-42f3-8e89-14cdcc13fd6b,1000,2000,,8,8,,Greater than 40hrs,True,Chennai | Duration: 3 Days - 1 Week,,,"South India, North India, West India, East India","Master's Degree - M.A., M.S., MBA, MFA etc..",,,00000000-0000-0000-0000-000000000001,,,
3274ca0d-f994-48d2-af44-11df29eca341,09b8df2f-b30f-498f-b8f6-92d468d6540b,1000,2000,,120,120,,Less than 10hrs,False,Mumbai,,,"North India, East India, South India, West India, Union Territorie",No Qualification,,,00000000-0000-0000-0000-000000000001,,,
d7c13953-5085-4b32-b17b-2d05a0c699ca,674336f4-d914-409b-a647-fb25d34bf997,250,500,,,,,Less than 10hrs,False,,,,"North India, West India, South India, East India",,,,00000000-0000-0000-0000-000000000001,,,
b085b8ce-d3b5-4ce1-80e8-134181f00ec8,e31242a1-2af2-4f86-9d6c-d03bf00a4344,750,1000,,,,,30 - 40hrs,True,Head office | Duration: 3 Days - 1 Week,,,Mohali,"Doctoral Degree - Ph.D., J.D., M.D. etc..",,,00000000-0000-0000-0000-000000000001,,,
586d6fcd-7888-4d37-9993-6c17d2102d0b,3c04ecc6-758e-4309-9772-ea49ae30fc60,,250,,,,,30 - 40hrs,True,,,,South India,,,,00000000-0000-0000-0000-000000000001,,,
50c13a2f-c0fd-45bb-bd24-e56b546bba44,82f31048-406f-4d7f-a046-99ec10729294,1000,2000,,,,,Less than 10hrs,True,,,,North India,,,,00000000-0000-0000-0000-000000000001,,,
fc5fdde2-761d-4a1c-9294-3531fe57148c,7e62eaf4-e82d-4412-8156-99b31f23d11a,,250,,,,,20 - 30hrs,True,Currently Virtual | Duration: 2 – 4 weeks,,,Mumbai,"Doctoral Degree - Ph.D., J.D., M.D. etc.",,,00000000-0000-0000-0000-000000000001,,,
a20359a8-7b15-4d3b-b9e2-691ea23db47a,6e904355-935b-417a-afc4-1c1ee02f6c6e,1000,2000,,,,,20 - 30hrs,False,,,,"Union Territories, South India, North India, West India, East India, Patna, Guwahati, Bengaluru, Jaipur, Jodhpur, Bikaner",,,,00000000-0000-0000-0000-000000000001,,,
4c2b0b32-aee7-42cd-8bb2-22279748a29d,fa9766ba-6af1-4fe6-9226-2e0127fed0dd,750,1000,,15,15,,Less than 10hrs,True,Pune | Duration: 1 - 3 Months,,,"Pune, Mumbai",Associate Degree - High school diploma or equivalent,,,00000000-0000-0000-0000-000000000001,,,
a067ca7e-d005-4798-a004-72c3195b784e,a2806baa-5276-4330-88f9-157074983c9e,2000,3000,,100,100,,Less than 10hrs,True,,,,Bengaluru,,,,00000000-0000-0000-0000-000000000001,,,
1116f000-eed0-4934-afa6-12a07a88a8e4,ca92bdd1-644b-4fc3-b09c-96bb1b3a73f8,1000,2000,,,,,20 - 30hrs,False,,,,"South India, North India, West India, East India, Union Territorie, Lucknow",,,,00000000-0000-0000-0000-000000000001,,,
5b3a1399-b020-4c4b-b361-61694dd5671e,4a8e40e2-1a1a-4772-91db-67b726796311,1000,2000,,,,,20 - 30hrs,False,,,,"Union Territorie, South India, North India, West India, East India, Aizawl, Guwahati, Dimapur, Siliguri, Gangtok, Kolkata",,,,00000000-0000-0000-0000-000000000001,,,
6dfa789e-4361-47ec-931a-8746bf4b88ec,0998e044-04d4-450d-84a4-ee3c9202c54a,750,1000,,,,,Less than 10hrs,True,Franchise Site,,,"South India, North India, West India, East India",,,,00000000-0000-0000-0000-000000000001,,,
5012aa4d-5cd8-4b9e-8ee4-0dcc063f862e,2c933293-67d1-4607-942f-368e051b750f,1000,2000,,,,,Less than 10hrs,False,,,,Ghaziabad,,,,00000000-0000-0000-0000-000000000001,,,
e0c18c99-483e-4a89-befa-521675126abe,e99d0859-5f5c-44b7-ac06-667d0a2369b9,2000,3000,,,,,30 - 40hrs,True,,,,"South India, North India, West India",,,,00000000-0000-0000-0000-000000000001,,,
66aee8cb-450e-42c3-b4d7-23cec4719b01,218c53f0-6e82-4f96-99ff-3c2eb52272e3,250,500,,,,,Less than 10hrs,False,,,,South India,,,,00000000-0000-0000-0000-000000000001,,,
b07ad1ef-2a09-4bf5-b80a-93ac8ede69d9,1e28de06-db80-4a2c-aaa8-030a7d216912,750,1000,,,,,Less than 10hrs,True,Duration: 3 Days - 1 Week,,,"South India, West India",No Qualification,,,00000000-0000-0000-0000-000000000001,,,
9e24f2f8-cc66-470b-b071-b03da5fb59a1,f343d665-d06c-4faa-8187-ad6e20892009,,250,,,,,10 - 20hrs,True,,,,"Union Territorie, South India, North India, West India, East India",,,,00000000-0000-0000-0000-000000000001,,,
39484ed7-8197-4dac-81e3-9a6ae17e5327,4f2a1151-2589-40f8-af5b-e54701367688,250,500,,,,,Greater than 40hrs,True,At Your Store | Duration: 3 Days - 1 Week,,,East India,No Qualification,,,00000000-0000-0000-0000-000000000001,,,
471c4b14-33a5-4af4-9384-491322263c91,5daa71f2-08a5-43cc-89e1-635c356945e4,250,500,,,,,30 - 40hrs,True,Bangalore | Duration: 1 - 2 Weeks,,,Bengaluru,,,,00000000-0000-0000-0000-000000000001,,,
fcd2af5d-590b-4fd6-b24b-becc6a05b529,ba806bbb-f5c0-4134-ab42-4c8563b70467,250,500,,,,,30 - 40hrs,True,,,,North India,,,,00000000-0000-0000-0000-000000000001,,,
ac4fa935-8e6f-4dbe-97f1-5f3833aa0257,66e3a60e-b5dc-4f9c-b0df-26bd3798f3c6,250,500,,,,,10 - 20hrs,False,,,,Delhi,,,,00000000-0000-0000-0000-000000000001,,,
80718093-0158-4ce9-9921-8d453ac8f400,4005711e-07a2-45cc-8977-01fb3982dfef,250,500,,,,,Less than 10hrs,True,,,,"Delhi, North India","Doctoral Degree - Ph.D., J.D., M.D. etc..",,,00000000-0000-0000-0000-000000000001,,,
7fcb9fc5-91e8-46e3-9d26-30c30853b19f,c589e3a2-f85f-4f10-b8e3-7046fa1cc8a7,,250,,,,,Less than 10hrs,True,,,,"Kolkata, 24 Parganas (n), 24 Parganas (s), Amtala, Baidyabati, Bally, Barasat, Bankra, Barrackpore, Chakdaha, Chandannagar, Diamond Harbour, Habra, Halisahar, Haringhata, Hooghly, Howrah, Joka, Kalyani, Kamarhati, Kanchrapara, Kasba, Khardaha, Madhyamgram, Maheshtala, Muragachha, Naihati, New Barrackpore, North Barakpur, Panihati, Patuli, Raghunathpur, Rajarhat Gopalpur, Rishra, Rishra Cantonment, Santoshpur, Singur, Sodpur, Taki, Talbandha, Uttarpara-Kotrung",,,,00000000-0000-0000-0000-000000000001,,,
d744551b-ca2e-4134-bee5-c0625ecce56b,a0a00897-4556-4e9f-b321-063241732b52,1000,2000,,,,,10 - 20hrs,True,,,,South India,,,,00000000-0000-0000-0000-000000000001,,,
9c73763d-ea44-412c-b638-40bcad9ac786,a6bad5c6-1430-47a0-a43d-c2476108cd24,,250,,,,,10 - 20hrs,False,,,,"North India, East India, West India, South India",,,,00000000-0000-0000-0000-000000000001,,,
23d08664-a233-43d5-85d1-72469fd8177c,9e2822ea-83fc-4841-9333-0250b98b5eb1,750,1000,,,,,Less than 10hrs,True,,,,"North India, West India, South India",,,,00000000-0000-0000-0000-000000000001,,,
25afd1fe-8918-4559-90d9-1a1cc03a8d3d,b062b012-f72d-44bb-ad21-d0a179942482,250,500,,,,,30 - 40hrs,False,Chennai | Duration: 3 Days - 1 Week,,,"South India, Bengaluru, Andhra Pradesh, Karnataka, Kerala, Tamil Nadu, Telangana, South India, Andhra Pradesh, Karnataka, Kerala, Tamil Nadu, Telangana, South India",,,,00000000-0000-0000-0000-000000000001,,,
55749ac2-9d05-42b7-bac5-f1f22f099786,d0ba7ddc-8dad-46b9-879f-1b41cf94484a,1000,2000,,15,15,,20 - 30hrs,True,Goa | Duration: 1 - 3 Months,,,"Lucknow, Kanpur, Bengaluru, Hyderabad, Visakhapatnam, Bhopal, Indore, Jaipur, Nagpur, Vadodara, Patna, Chandigarh","Doctoral Degree - Ph.D., J.D., M.D. etc..",,,00000000-0000-0000-0000-000000000001,,,
fbc684cf-179a-4c99-8e16-3a86f7966f2e,aa9824ad-16d7-4803-ab6c-5fb84749e960,250,500,,,,,10 - 20hrs,False,,,,"Panvel, Mumbai, Thane, Badlapur, Ulhasnagar, Taloja, Kalyan-Dombivali, Ambernath, Bhiwandi, Dombivli, Karjat",,,,00000000-0000-0000-0000-000000000001,,,
3845d0d7-cebf-4fea-b1fd-07d44886f61d,4d7c5f23-550b-4ec4-8bd9-e08d5c620d6d,250,500,,11,11,,Less than 10hrs,True,,,,"Delhi, South India, West India, Bengaluru","Bachelor's Degree - B.A, B.S, BFA, BMS etc..",,,00000000-0000-0000-0000-000000000001,,,
21d53606-8b60-4309-8573-0ae817c927d7,4d6bbe5d-c539-4253-8e3d-f9d65f2d9cf8,250,500,,,,,Less than 10hrs,False,,,,Mumbai,,,,00000000-0000-0000-0000-000000000001,,,
0fd76763-ab20-46e8-ae41-0161abfccde2,f4cbd01c-5086-423e-a1f6-435dcf73faee,5000,,,,,,10 - 20hrs,True,,,,"North India, West India, East India",,,,00000000-0000-0000-0000-000000000001,,,
631a6c3c-aaac-4894-8cbe-adb207a6fd1a,c5aeca23-f605-4353-9da3-4553879fe767,,250,,,,,Less than 10hrs,True,,,,Mumbai,,,,00000000-0000-0000-0000-000000000001,,,
3fb7cf73-c788-48eb-a66f-e10afa221216,c9b0683f-b9b0-4990-b9a5-cc0aac1a7339,750,1000,,,,,10 - 20hrs,True,,,,"South India, West India, North India, East India",,,,00000000-0000-0000-0000-000000000001,,,
b0ffb7ee-74d7-485a-9849-875d7757f2a3,820ee065-bd1e-4f26-bfab-9921c1de5e27,1000,2000,,45,45,,Greater than 40hrs,True,Duration: 3 Days - 1 Week,,,"Port Blair, Guntur, Visakhapatnam, Itanagar, Dispur, Patna, Chandigarh, Raipur, Silvassa, Panaji, Ahmedabad, Gandhinagar, Shimla, Srinagar, Ranchi, Bengaluru, Kochi, Indore, Bhopal, Bhubaneswar, Jaipur, Gangtok, Chennai, Agartala, Lucknow, Dehradun, Kolkata","Doctoral Degree - Ph.D., J.D., M.D. etc..",,,00000000-0000-0000-0000-000000000001,,,
7e81988f-51fd-41df-a21b-f59745af44f0,601c379d-c035-4344-8031-fd154696ae58,500,750,,,,,10 - 20hrs,False,,,,"Pune, Mumbai, Solapur, Goa, Madgaon, Panaji, Kankon, Ahmedabad, Surat, Ujjain, Indore",,,,00000000-0000-0000-0000-000000000001,,,
e550cec2-f5c1-41ee-a532-8501cd7698c5,98ead1d7-7791-4749-b637-de01bcbd79fc,3000,5000,,,,,Less than 10hrs,False,,,,Hyderabad,,,,00000000-0000-0000-0000-000000000001,,,
2509fc2f-587a-41b4-8a7d-94049a8c8ed3,264da3ef-6936-4ac7-aedd-dca2124bfaf7,,250,,40,40,,Less than 10hrs,True,online | Duration: 3 Days - 1 Week,,,"East India, West India, North India, South India, Union Territorie","Bachelor's Degree - B.A, B.S, BFA, BMS etc..",,,00000000-0000-0000-0000-000000000001,,,
465cc6da-8a0f-4f9e-b7cc-7d87615a9222,2420d57d-00d0-4bc8-83d3-b2630b0d89ce,1000,2000,,,,,Less than 10hrs,False,,,,"South India, North India, West India, East India",,,,00000000-0000-0000-0000-000000000001,,,
217b1505-372f-4574-a57e-b835d24ba0b6,55023b30-eb85-4665-b9de-42e3ddab86a5,,250,,,,,Less than 10hrs,False,,,,Bengaluru,,,,00000000-0000-0000-0000-000000000001,,,
b4dc8bd9-3f86-455e-a435-0cbace1bf35e,2d447f80-94eb-4f41-be62-efca2c638f4a,2000,3000,,60,60,,10 - 20hrs,True,,,,,No Qualification,,,00000000-0000-0000-0000-000000000001,,,
ed7f8a00-1af2-4667-b197-7b0fedc81419,ef06aa17-c296-4e34-a384-11667b67f20e,1000,2000,,,,,Less than 10hrs,False,,,,South India,,,,00000000-0000-0000-0000-000000000001,,,
d0c48d2b-1845-4926-a189-36a5cab8dd6c,2e99317e-e0e2-439e-baaa-a784c7cdab64,250,500,,,,,Less than 10hrs,False,,,,"South India, North India, West India, East India, Union Territorie",,,,00000000-0000-0000-0000-000000000001,,,
29c4dd7c-954c-45bd-be42-9cc1ef8d024d,13404652-c573-42cc-8743-5681bd8a8e75,250,500,,,,,Greater than 40hrs,False,,,,South India,,,,00000000-0000-0000-0000-000000000001,,,
3e309a4a-034e-47c3-82f5-c950ea7217ef,cd8b6b50-a004-4dca-a897-8355845accd9,500,750,,,,,10 - 20hrs,False,,,,"Hyderabad, Secunderabad","Doctoral Degree - Ph.D., J.D., M.D. etc..",,,00000000-0000-0000-0000-000000000001,,,
826da864-a451-4b52-988a-f4f6a2ef519c,5b2a4879-83f2-436a-a059-88ad61a67d8d,500,750,,,,,10 - 20hrs,False,,,,"Hyderabad, Secunderabad","Doctoral Degree - Ph.D., J.D., M.D. etc..",,,00000000-0000-0000-0000-000000000001,,,
f75a916e-2184-410a-a4a9-e5f01375221b,4769715b-b180-412d-b45e-e1c0d158ccb0,250,500,,,,,Less than 10hrs,False,,,,"North India, West India, South India",,,,00000000-0000-0000-0000-000000000001,,,
86432e36-e8e2-4af5-acf7-5998bf6f8306,1535d502-0469-4daf-a1d8-160a9bfc25c7,1000,2000,,,,,20 - 30hrs,True,,,,"North India, West India, South India, East India",,,,00000000-0000-0000-0000-000000000001,,,
f139987b-6f38-4ac0-aaa6-1fd524f17a7c,800ad2a4-73cd-485e-bf95-2811be10c209,1000,2000,,10,10,,20 - 30hrs,True,Client Location | Duration: 3 Days - 1 Week,,,"Union Territorie, South India, North India, West India, East India",No Qualification,,,00000000-0000-0000-0000-000000000001,,,
93487886-0c42-432a-87ea-1d1ed276cd93,6da0ba7a-7efe-47d8-bb98-631999ec0ed8,750,1000,,,,,Greater than 40hrs,True,Duration: 3 Days - 1 Week,,,"Union Territorie, South India, North India, West India, East India","Doctoral Degree - Ph.D., J.D., M.D. etc..",,,00000000-0000-0000-0000-000000000001,,,
70bb0761-a4ff-4fdf-a313-fc45a6a6e0e5,008ba9a0-3420-4c4f-b94b-e98ccfb92464,250,500,,84,84,,Less than 10hrs,True,GOOGLE MEET | Duration: 1 - 2 Weeks,,,"South India, North India, West India, East India",,,,00000000-0000-0000-0000-000000000001,,,
87c51acf-3184-4aa4-a7c0-90d6c69ad57d,d22f48ae-d7d8-4a74-ac06-5288a1002b49,,250,,3500,3500,,30 - 40hrs,True,Mumbai | Duration: 3 Days - 1 Week,,,"Ahmedabad, Kochi, Patna, Ranchi, Guwahati, Goa, Jaipur, Jodhpur, Kolkata","Master's Degree - M.A., M.S., MBA, MFA etc..",,,00000000-0000-0000-0000-000000000001,,,
0fa740f7-a0aa-48d0-8e8f-41d29bd3760c,342e1393-9b22-4e47-902d-b1ffda543e2b,250,500,,,,,Less than 10hrs,False,,,,"South India, North India, Chennai, Delhi, West India, East India",,,,00000000-0000-0000-0000-000000000001,,,
140e09e4-793b-4558-af50-87f991c84f00,00b912c4-79de-48fc-b9ea-339afe2dc898,,250,,,,,Less than 10hrs,True,,,,"West India, Union Territorie, South India, North India, East India",,,,00000000-0000-0000-0000-000000000001,,,
12dd93e3-0a91-45d3-8cc8-597bdb784473,414fa8f9-2e34-476a-9214-30c75939ffd9,750,1000,,,,,10 - 20hrs,True,,,,"West India, Union Territorie, South India, North India, East India",,,,00000000-0000-0000-0000-000000000001,,,
6da7969c-a9a8-4c27-addf-f8243533da81,9fefdd2b-67cf-4faf-8cf3-3595045d42b5,500,750,,,,,Less than 10hrs,True,,,,"North India, South India, West India, East India",,,,00000000-0000-0000-0000-000000000001,,,
592764ac-496a-4201-a0cd-1989a973cac6,625a2450-a4cc-4dd6-a70f-1700e69cebd9,1000,2000,,,,,10 - 20hrs,True,,,,"Ahmedabad, Vadodara, Amreli, Anand, Gandhinagar, Malpur, Vapi",,,,00000000-0000-0000-0000-000000000001,,,
2b05f073-f390-4075-bbde-e949879d5fb5,9842fd12-0947-4aca-b1db-27fd59293d46,250,500,,,,,Less than 10hrs,False,,,,"West India, Ahmedabad",,,,00000000-0000-0000-0000-000000000001,,,
40d7b7f6-1ce0-40ab-b2e3-73312935683e,330fae5f-bfe7-4d56-8b99-be93053b076b,1000,2000,,,,,10 - 20hrs,False,,,,,,,,00000000-0000-0000-0000-000000000001,,,
0508ac63-70a3-42bd-9379-44b743d29c43,5a16267a-c6bc-48d0-b614-591fe851f2b5,250,500,,,,,Less than 10hrs,False,,,,"Union Territories, South India, North India, West India, East India",,,,00000000-0000-0000-0000-000000000001,,,
b8f6e727-7c4c-4527-a8fb-48aef9cde5fd,d4374ab7-d8cb-40c2-8b18-c303f7ac7180,1000,2000,,23,23,,30 - 40hrs,True,Both on site and our COCO outlet | Duration: 3 Days - 1 Week,,,"South India, North India, West India, East India, Union Territorie",,,,00000000-0000-0000-0000-000000000001,,,
677a3f6c-d8d7-441b-8c82-c0fe819f76a4,78eab194-5c79-41ce-a88e-e2c78a25da83,250,500,,,,,Less than 10hrs,True,,,,"Union Territorie, North India, West India, East India, South India",,,,00000000-0000-0000-0000-000000000001,,,
1755e81e-e1c9-46ac-8035-8e096237e76b,ddf3c380-a91b-442d-a8dc-c864a9531881,1000,2000,,,,,10 - 20hrs,True,Bangalore,,,"South India, North India, West India, East India",,,,00000000-0000-0000-0000-000000000001,,,
0965d41b-e18a-4b0d-a15b-d105e342df39,8a562cfa-8df8-4ede-b1b0-177474181def,1000,2000,,,,,Greater than 40hrs,False,,,,"Union Territorie, South India, North India, West India, East India, Jaipur, Jodhpur, Udaipur, Ambala, Karnal, Panipat, Rohtak, Hissar, Aligarh",,,,00000000-0000-0000-0000-000000000001,,,
0234094d-4912-4df9-9a3b-5d85576e10f1,3944e6f4-71a2-427f-9ee9-be9123b4c786,250,500,,38,38,,10 - 20hrs,True,on site | Duration: 1 - 3 Days,,,"Guwahati, Dibrugarh, Tinsukia, Rangapara, Nagaon, Moran, Digboi, Silchar",,,,00000000-0000-0000-0000-000000000001,,,
dd9c2149-8dc9-4c0b-8cb6-6c4c09140805,893f2e52-6cf6-47d5-b5fe-6b7010a3584c,,250,,,,,Greater than 40hrs,False,,,,South India,,,,00000000-0000-0000-0000-000000000001,,,
724ccbbd-3048-4854-b0b4-2ff06128024f,34e45798-1a82-46a3-83f9-fd150db9bcc6,,250,,,,,Less than 10hrs,True,,,,Union Territorie,,,,00000000-0000-0000-0000-000000000001,,,
50594328-8b90-4d2c-b3af-d193ab9ca0e1,1d19375e-a663-4e80-9c08-e2ef1f81c4e1,2000,3000,,,,,Less than 10hrs,True,,,,North India,,,,00000000-0000-0000-0000-000000000001,,,
df6cb0ec-5c0c-4e9e-a9c5-f471253588dc,694d4780-aba1-4cdd-97f9-b121ed7ddf5b,,250,,5,5,,Less than 10hrs,True,At the franchisee outlet | Duration: 3 Days - 1 Week,,,West India,Associate Degree - High school diploma or equivalent,,,00000000-0000-0000-0000-000000000001,,,
634ee1da-bacc-4e51-9ae0-8eb221dc6479,18754059-b1a2-4fe8-82e6-f03b0ab69e27,3000,5000,,,,,Less than 10hrs,True,,,,"Bhopal, Gwalior, Indore, Lucknow, Agra, Jaipur, Jodhpur, Kota, Dehradun",,,,00000000-0000-0000-0000-000000000001,,,
c2adb80f-2719-4049-8762-5c2174b35e6a,e865848c-9184-4d77-9bd7-d79c7f2ea048,250,500,,,,,10 - 20hrs,True,Pune | Duration: 3 Days - 1 Week,,,"West India, North India, South India, East India, Union Territorie",No Qualification,,,00000000-0000-0000-0000-000000000001,,,
839b52d7-cc3a-47bc-913f-a791299e94b3,39cc140a-77e5-4be0-b048-fa76b5e1855f,5000,,,15,15,,Less than 10hrs,False,,,,"North India, West India, East India,",,,,00000000-0000-0000-0000-000000000001,,,
9c7c4c7b-6230-43ed-a8b0-305359fe4beb,1c4932cd-f7cb-470c-9e7a-08490ea8b5fc,500,750,,,,,Less than 10hrs,False,,,,"South India, North India, West India, East India, Union Territorie,",,,,00000000-0000-0000-0000-000000000001,,,
f41e108a-77a5-4e65-ab69-356c45b41de9,9fb067d6-2c0b-4f3d-bfda-12def1739c65,1000,2000,,,,,Greater than 40hrs,False,,,,"South India, North India, West India, East India, Union Territorie,",,,,00000000-0000-0000-0000-000000000001,,,
d2a1a65c-e8c2-47f9-925a-87ad3f67301b,b7d417e3-d9a7-4353-b135-fb87ea2e6ba9,3000,5000,,,,,Less than 10hrs,True,,,,"North India, East India, West India, South India, Union Territorie,","Bachelor's Degree - B.A, B.S, BFA, BMS etc..",,,00000000-0000-0000-0000-000000000001,,,
2d0e2235-026e-4e7a-9af7-5535602c7c71,4d20c862-1540-4355-9d20-1ebac8013e9b,750,1000,,,,,Less than 10hrs,True,,,,"South India, East India, North India, West India,",,,,00000000-0000-0000-0000-000000000001,,,
d26cd7a6-11ba-4426-a963-cd0a90c9d12b,a4abc633-5db8-434e-af7d-f0736c5c64b4,1000,2000,,,,,Less than 10hrs,True,,,,"East India, Kolkata",,,,00000000-0000-0000-0000-000000000001,,,
558a48ef-68fa-45a8-84f4-4c9d9398aecb,c856bdc2-0ee2-4ead-9cf8-d21a9e1de6ab,,250,,,,,10 - 20hrs,True,Headquaters | Duration: 3 Days - 1 Week,,,"South India, West India, North India, East India,","Doctoral Degree - Ph.D., J.D., M.D. etc..",,,00000000-0000-0000-0000-000000000001,,,
9043027e-254d-4872-85b9-902ee3079705,c1f34d4c-b778-404c-bb6e-f592a1010d35,750,1000,,,,,Less than 10hrs,False,,,,"North India,",,,,00000000-0000-0000-0000-000000000001,,,
1943deef-487b-4e54-8148-aa22d83e9bf9,94f3cf5e-21a0-4e8e-bb8d-fc53ec0e8b05,3000,5000,,,,,Less than 10hrs,True,,,,South India,,,,00000000-0000-0000-0000-000000000001,,,
a49607a9-7fa5-4a4f-a404-4ae38d5b13c7,a1b5ecef-aa15-47c8-8bb3-b82f668853f3,,250,,,,,Less than 10hrs,False,,,,"North India, South India, West India",,,,00000000-0000-0000-0000-000000000001,,,
bd918fda-7efe-4fec-baa4-f84376442928,94dc5440-bcaa-4091-b89d-edeb843b81ba,250,500,,18,18,,30 - 40hrs,False,,,,"Union Territorie, South India, North India, West India, East India,","Doctoral Degree - Ph.D., J.D., M.D. etc..",,,00000000-0000-0000-0000-000000000001,,,
16e7cc2c-1892-484d-bb00-ddf228f88cd3,45ee5a61-50be-4fe5-9195-206454f97d63,250,500,,,,,Less than 10hrs,False,,,,"South India, West India, East India",,,,00000000-0000-0000-0000-000000000001,,,
affb9292-7977-437e-b07b-0b257d3915d6,fb65cb62-e1a1-438c-8b02-358f665dc97b,250,500,,,,,10 - 20hrs,False,,,,"Ahmedabad,",,,,00000000-0000-0000-0000-000000000001,,,
f149df70-8c9b-4d88-9d26-0c77e4a3b767,83b62c7c-0856-4a09-91fa-bb84d254aef6,250,500,,,,,10 - 20hrs,True,,,,"Bengaluru,",,,,00000000-0000-0000-0000-000000000001,,,
74ce31b7-ea81-4dc3-975a-190215454fba,5bf287bf-8e22-4973-81fd-087eba58d107,,250,,23,23,,20 - 30hrs,True,Chennai/Zoom | Duration: 3 Days - 1 Week,,,,"Bachelor's Degree - B.A, B.S, BFA, BMS etc..",,,00000000-0000-0000-0000-000000000001,,,
44bd50b8-7091-43ad-9d44-6664649d363a,0634f940-c410-4e7e-b782-33b36cd85016,,250,,20,20,,30 - 40hrs,True,Virtual | Duration: 3 Days - 1 Week,,,"Union Territories, South India, North India, West India, East India",,,,00000000-0000-0000-0000-000000000001,,,
fba620b9-7517-4521-b143-e5efe497072e,b09c44a2-eff0-4e76-b866-23cd2d603b28,1000,2000,,,,,Less than 10hrs,True,,,,"South India, North India",,,,00000000-0000-0000-0000-000000000001,,,
e7fa70e8-eb4b-427a-a8ff-2fb53410d84d,e3219215-b16e-40bf-8d28-da6f983ddbee,,250,,25,100,,10 - 20hrs,True,Headquaters | Duration: 3 Days - 1 Week,,,Bengaluru,"Doctoral Degree - Ph.D., J.D., M.D. etc..",,,00000000-0000-0000-0000-000000000001,,,
476e77e7-6ce9-474a-b1f5-d3d98700e223,99bcfc5c-fc74-43ef-a781-d4b7b80621f9,,250,,,,,Less than 10hrs,False,,,,"South India, North India, West India, East India",,,,00000000-0000-0000-0000-000000000001,,,
d9ad0eab-ee4b-4b94-b7c7-4baf68501e25,696b600b-1a53-4d5c-8b40-c414f6f63822,,250,,857,857,,Less than 10hrs,True,Online training will be provided to the franchise partner | Duration: 3 Days - 1 Week,,,"South India, North India, West India, East India","Doctoral Degree - Ph.D., J.D., M.D. etc..",,,00000000-0000-0000-0000-000000000001,,,
27dde92a-4399-4a3d-bbb8-76215e7268ba,8cacf5c0-7d8c-4939-a921-8ae84b7c9fc0,,250,,,,,Less than 10hrs,True,Head Office | Duration: 3 Days - 1 Week,,,"South India, North India, West India, East India","Doctoral Degree - Ph.D., J.D., M.D. etc..",,,00000000-0000-0000-0000-000000000001,,,
1b9b7bb2-525b-4da7-9ff1-00b5e0ec0483,0b8a832b-c846-438d-8c85-ecdd14b47e70,750,1000,,,,,10 - 20hrs,False,,,,Balotra,,,,00000000-0000-0000-0000-000000000001,,,
bc55fcac-f05e-4a43-8857-e7e26dc5681a,8cc7a8ba-a597-4267-93a8-196fb0748a7b,250,500,,,,,20 - 30hrs,True,Mumbai,,,"North India, West India, Union Territorie, South India, East India","Doctoral Degree - Ph.D., J.D., M.D. etc..",,,00000000-0000-0000-0000-000000000001,,,
e9e9cf1e-1103-4de1-b366-c9f5ab0dd1fa,1f695f57-2a49-4cfb-9613-1d75681279b0,2000,3000,,,,,30 - 40hrs,False,,,,"Ahmedabad, Ankleshwar, Bharuch, Jamnagar, Bhavnagar, Rajkot, Surat, Vadodara, Belgaum, Bengaluru, Hubballi-Dharwad, Mangalore, Mysuru, Nashik, Pune, Thane, Pondicherry, Chennai, Coimbatore, Hyderabad","Doctoral Degree - Ph.D., J.D., M.D. etc..",,,00000000-0000-0000-0000-000000000001,,,
25e59137-37f2-4524-916a-75c3918ed032,79850dd5-7469-4271-992c-007ecc84f780,1000,2000,,25,100,,Less Than 10hrs,True,,,,Delhi,"Doctoral Degree - Ph.D., J.D., M.D. etc..",,,00000000-0000-0000-0000-000000000001,,,
7df369dd-3a18-498f-9d37-41a9f3cc61cb,484b23d2-ebc1-4024-b15e-74f3b40aa0b5,250,500,,,,,10 - 20hrs,False,,,,North India,,,,00000000-0000-0000-0000-000000000001,,,
be35356f-5649-4ea0-9218-907059c5989a,432cc984-b6b7-444e-bb01-ceaa6b127dc3,250,500,,,,,30 - 40hrs,False,,,,"Union Territorie, North India, West India, East India",,,,00000000-0000-0000-0000-000000000001,,,
42cba5a5-a945-4cfe-b60d-ba0f71f9eb4f,adab9208-83b4-47b4-9add-d80e5fd238df,1000,2000,,3,3,,Less than 10hrs,False,,,,"Union Territorie, South India, North India, West India, East India",,,,00000000-0000-0000-0000-000000000001,,,
c0daadf5-e7ab-441d-a21d-78566113e961,8cec93d5-2b49-4943-b804-edef46fd206a,2000,3000,,,,,Less than 10hrs,True,New Delhi | Duration: 3 Days - 1 Week,,,"Union Territorie, South India, West India, North India, East India",Associate Degree - High school diploma or equivalent,,,00000000-0000-0000-0000-000000000001,,,
d9253381-2111-4244-b66c-ef3377bdd3cf,fcd94702-e2d2-4b7d-b303-16a6e17dbe5c,2000,3000,,120,120,,Less than 10hrs,False,,,,"South India, West India, Hyderabad, Mumbai",,,,00000000-0000-0000-0000-000000000001,,,
b0bbd4f1-79cf-4fc8-9cbf-9f0dd5694928,c56a2d53-aae5-4fdd-b0e4-590658870784,500,750,,,,,10 - 20hrs,True,,,,"Union Territorie, South India, West India, East India",No Qualification,,,00000000-0000-0000-0000-000000000001,,,
ba90a0c3-856f-4c3f-a6ad-908037c821c1,2d37c50d-03c4-4bdf-a509-902324703f8f,,250,,,,,Less than 10hrs,True,,,,"Mumbai, Pune, Igatpuri, Lonavala, Mahabaleshwar, Neral, Thane, Ahmedabad, Bhavnagar, Navsari, Vadodara, Valsad, Vapi, Bharuch, Rajkot, Alibag, Balapur, Gandhinagar, Abu Road, Ajmer, Bikaner, Jaipur, Jaisalmer, Jaiselmer, Jodhpur, Kota, Mount Abu, Udaipur",,,,00000000-0000-0000-0000-000000000001,,,
ba91fb49-1cbc-4020-af74-dfd92b72a788,55a40515-546a-40d5-8a18-036e2fbe6d71,2000,3000,,,,,Less than 10hrs,True,,,,"South India, North India",,,,00000000-0000-0000-0000-000000000001,,,
178ccafb-e164-49f5-85f3-10e2a17849ea,46822ec5-1afb-4114-9ee0-0a879a9665f3,500,750,,,,,Less than 10hrs,True,,,,"North India, West India, East India, South India",,,,00000000-0000-0000-0000-000000000001,,,
49845667-0986-4f5c-8000-9d3f84517ce1,d3764418-be6a-48a9-94f8-58c2599902aa,1000,2000,,,,,10 - 20hrs,True,,,,"North India, West India, East India, Union Territorie",,,,00000000-0000-0000-0000-000000000001,,,
8d5d486e-f11a-4c91-9907-e8dc82baf73f,35d74cb5-6f4d-47a1-b7cb-e64871ca6483,750,1000,,,,,Less than 10hrs,True,Bangalore | Duration: 3 Days - 1 Week,,,"Bengaluru, Mysuru, Belgaum, Hyderabad, Chennai, Coimbatore, Salem, Vijayawada, Visakhapatnam, Ernakulam, Thiruvananthapuram, Kozhikode, Thrissur",,,,00000000-0000-0000-0000-000000000001,,,
03932985-83bc-485d-85ab-38224928e383,1671c4ed-f7ec-4e4b-acf0-4e1dcf4e596c,2000,3000,,,,,20 - 30hrs,True,,,,"North India, Noida",,,,00000000-0000-0000-0000-000000000001,,,
03dbf8a5-d65a-4253-bc53-af7ec2c9211e,3ab9243a-b512-4d3a-9dca-f953a1e2064f,,250,,,,,Greater than 40hrs,False,Chennai | Duration: 3 Days - 1 Week,,,"South India, Union Territories, North India, West India, East India, Andhra Pradesh, Karnataka, Kerala, Tamil Nadu, Telangana","Doctoral Degree - Ph.D., J.D., M.D. etc.",,,00000000-0000-0000-0000-000000000001,,,
7e11e86d-f1de-4a45-87ee-f501b6aa998e,2fa4c9cd-0570-4ba7-bd12-c313c3f0d8b3,250,500,,10,10,,10 - 20hrs,True,Bangalore | Duration: 1 - 2 Weeks,,,"South India, North India, West India, East India","Bachelor's Degree - B.A, B.S, BFA, BMS etc.",,,00000000-0000-0000-0000-000000000001,,,
15714705-a1ef-4a1d-97bb-b6535b9e6716,04542e80-079f-463b-9835-97dbb107a7b4,500,750,,,,,Greater than 40hrs,True,HeadQuaters | Duration: 3 Days - 1 Week,,,South India,"Doctoral Degree - Ph.D., J.D., M.D. etc.",,,00000000-0000-0000-0000-000000000001,,,
2acb1054-a650-4c91-abea-2a2719f68499,827b9974-d6b6-4096-80b7-e898017716d4,,250,,,,,Less than 10hrs,False,,,,Jamshedpur,,,,00000000-0000-0000-0000-000000000001,,,
a7fabf43-5e93-4f84-9bb2-2ea5eba936d1,98af5eba-81d0-4930-b244-78116bc9d58f,250,500,,,,,Greater than 40hrs,True,Head Office | Duration: 3 Days - 1 Week,,,"South India, North India, East India, West India, Andaman and Nicobar Islands, Chandigarh, Dadra and Nagar Haveli, Daman and Diu, Delhi, Lakshadweep, Pondicherry, Andhra Pradesh, Karnataka, Kerala, Tamil Nadu, Telangana, Haryana, Himachal Pradesh, Jammu and Kashmir, Punjab, Uttar Pradesh, Uttarakhand, Arunachal Pradesh, Assam, Bihar, Jharkhand, Manipur, Meghalaya, Mizoram, Nagaland, Odisha, Sikkim, Tripura, West Bengal, Goa, Gujarat, Rajasthan","Doctoral Degree - Ph.D., J.D., M.D. etc.",,,00000000-0000-0000-0000-000000000001,,,
9c4f8a93-dbc0-4f10-9afb-9c7c80c5c15d,deb62d1a-f254-4b4d-9593-73d5b3832db7,,250,,,,,Less than 10hrs,False,,,,"West India, South India, East India, North India",,,,00000000-0000-0000-0000-000000000001,,,
d01c7dfe-6d57-41ce-94b6-6a085464d186,7428c776-358e-4787-9829-b8cc9e4b7126,1000,2000,,60,60,,Less than 10hrs,False,Gurgaon,,,"North India, West India, Mumbai, Nashik, Pune, Pimpri Chinchwad, Delhi, Noida, Lucknow, Chandigarh, Gurgaon, Faridabad, Varanasi, Aurangabad, Allahabad, Agra, Indore, Bhopal, Thane, Ulhasnagar, Ahmedabad, Surat, Dehradun, Hyderabad, Secunderabad, Ghaziabad, Amravati, Vasai-Virar, Virar","Doctoral Degree - Ph.D., J.D., M.D. etc..",,,00000000-0000-0000-0000-000000000001,,,
65109d86-931e-4788-9ca9-6aff13109aea,c7ceb344-9595-4ea2-b038-7a71e114ad1a,,250,,20,20,,Less than 10hrs,True,,,,North India,,,,00000000-0000-0000-0000-000000000001,,,
4387947b-7d41-49fc-b3e3-0037ef3ed63d,6b7f4ad0-a9e2-4f37-aec3-facc2ef1145f,2000,3000,,,,,Less than 10hrs,True,,,,Vaishali,,,,00000000-0000-0000-0000-000000000001,,,
eb8b971c-1736-4e50-8438-b42859db3fe6,3a5877c3-557e-4d75-a756-174a9a66b8e2,1000,2000,,,,,Greater than 40hrs,True,,,,South India,,,,00000000-0000-0000-0000-000000000001,,,
5649c23b-443d-4194-b2f0-97de631d6967,75189098-ba4c-413b-ae22-5e0a3332c6ac,,250,,,,,30 - 40hrs,False,Franchisor HO | Duration: 1 - 2 Weeks,,,,"Doctoral Degree - Ph.D., J.D., M.D. etc..",,,00000000-0000-0000-0000-000000000001,,,
614d70ee-ffe4-4c06-a036-15b74f9bad10,787e1c6a-fb32-4095-a173-bfda4d878a96,1000,2000,,,,,10 - 20hrs,False,,,,"Union Territorie, South India, North India, West India, East India","Doctoral Degree - Ph.D., J.D., M.D. etc..",,,00000000-0000-0000-0000-000000000001,,,
4da73cd1-79c5-469d-a9a5-a211588f69e1,b5551c45-e898-47e0-83b3-83f96a758429,,250,,,,,Less than 10hrs,False,,,,"Rajkot, Bharuch, Ahmedabad, Vadodara, Surat, Bhavnagar, Himatnagar","Doctoral Degree - Ph.D., J.D., M.D. etc..",,,00000000-0000-0000-0000-000000000001,,,
a14fc943-32b0-4fce-9e7f-6d9f529a477d,ff84be6f-0771-4f78-9b71-bdbf63105d11,,,,,,,,False,,,,Chennai,"Doctoral Degree - Ph.D., J.D., M.D. etc..",,,00000000-0000-0000-0000-000000000001,,,
69eff40e-36f9-4800-80fe-545e45a6e441,310d9593-7c6e-49e9-ac6e-9f4824ada61c,750,1000,,,,,,False,,,,Delhi,"Doctoral Degree - Ph.D., J.D., M.D. etc..",,,00000000-0000-0000-0000-000000000001,,,
e6439421-0f6c-47a7-8369-7c7946a62ce9,95de03be-5dbc-43de-a311-9ed42af8a4c6,500,750,,,,,,False,,,,Jaipur,"Doctoral Degree - Ph.D., J.D., M.D. etc..",,,00000000-0000-0000-0000-000000000001,,,
f373bfa0-d066-41ec-8401-1533f019f899,15a3cb19-8311-4fa8-84c5-e2207e6d33c9,,250,,100,500,,,True,Duration: 3 Days - 1 Week,,,Mumbai,"Doctoral Degree - Ph.D., J.D., M.D. etc..",,,00000000-0000-0000-0000-000000000001,,,
b1a46a4b-c150-4d1d-a0c9-96cc995e7438,4a3b6bf8-d8b4-49fe-a60f-0ae23e36a8ec,250,500,,,,,Less than 10hrs,True,Duration: 3 Days - 1 Week,,,"Union Territorie, South India, North India, West India, East India","Doctoral Degree - Ph.D., J.D., M.D. etc..",,,00000000-0000-0000-0000-000000000001,,,
079e466e-993b-4707-b2e2-7c99cbc081cb,35d5a1e7-d23f-4f41-ac28-539eab08edd5,,250,,,,,Less than 10hrs,False,,,,"Union Territorie, South India, North India, West India, East India","Doctoral Degree - Ph.D., J.D., M.D. etc..",,,00000000-0000-0000-0000-000000000001,,,
013c289a-f5ae-48b1-bc21-647e1c97135b,3023d59a-e807-4d3a-a1fc-9d9874fb3215,250,500,,,,,Less than 10hrs,False,,,,South India,,,,00000000-0000-0000-0000-000000000001,,,
1059ffd9-c2ea-47c2-9127-494970400b7f,b0f7ad2a-2c61-42eb-bf72-baf645bff511,,250,,,,,,True,,,,Bharuch,"Doctoral Degree - Ph.D., J.D., M.D. etc..",,,00000000-0000-0000-0000-000000000001,,,
9ca14fa4-ccd9-4607-9079-c8a43d04e785,3221ccbc-1849-42a9-b8fe-8d3313babe97,250,500,,100,100,,Less than 10hrs,False,at the franchisee location | Duration: 1 - 2 Weeks,,,"South India, West India, North India, East India, Union Territorie","Doctoral Degree - Ph.D., J.D., M.D. etc..",,,00000000-0000-0000-0000-000000000001,,,
e98c4ff6-2bb8-4ed3-ac64-890942d501bf,040a1432-17bb-42fa-9ecb-673282b15c4c,250,500,,,,,Greater than 40hrs,False,,,,Bengaluru,,,,00000000-0000-0000-0000-000000000001,,,
d50dfa02-8558-48c6-a383-6a6980c2a4c7,771d2a5d-5151-4c3f-befd-76e56857984f,,250,,,,,10 - 20hrs,False,,,,Hyderabad,"Doctoral Degree - Ph.D., J.D., M.D. etc..",,,00000000-0000-0000-0000-000000000001,,,
62658768-3aba-4785-b8ee-5fc913724843,a2c17f36-adb3-4f26-9e9f-f6a2627bb6dd,,250,,10,10,,Less than 10hrs,True,Outlet Iteself | Duration: 3 Days - 1 Week,,,Pune,"Doctoral Degree - Ph.D., J.D., M.D. etc..",,,00000000-0000-0000-0000-000000000001,,,
d13e29dd-09f4-4ddc-a6c5-39467f05f614,503883eb-5c43-428a-9348-9eed53859846,,250,,,,,20 - 30hrs,False,,,,Allahabad,"Doctoral Degree - Ph.D., J.D., M.D. etc..",,,00000000-0000-0000-0000-000000000001,,,
6c549b66-cc00-4244-ac82-220065ad7880,f1edcc42-3ff1-48dc-b6a6-99c1616c2997,250,500,,,,,30 - 40hrs,False,,,,Hyderabad,"Doctoral Degree - Ph.D., J.D., M.D. etc..",,,00000000-0000-0000-0000-000000000001,,,
cfafba76-596e-43ee-ac98-132b1babb52c,e4bae633-39ff-4cd8-b8ea-26077a2db752,,250,,25,100,,,True,,,,Chennai,"Doctoral Degree - Ph.D., J.D., M.D. etc..",,,00000000-0000-0000-0000-000000000001,,,
e2a93710-fc69-4858-8193-6984c6921652,9a7b315e-beb7-4795-9e56-a1b7f19db1c7,,250,,,,,,False,,,,Mumbai,"Doctoral Degree - Ph.D., J.D., M.D. etc..",,,00000000-0000-0000-0000-000000000001,,,
5c2fcc84-8641-4f4c-9b38-28be8e787c8f,8d8d949c-a701-42ac-8573-3617f14e0852,,250,,,,,Less than 10hrs,False,,,,"North India, West India, East India, Union Territorie, South India",,,,00000000-0000-0000-0000-000000000001,,,
a3a5b596-9a2d-4ba3-993c-df93d861b7f2,a513b4c8-e901-465f-9198-97d52faa34e5,,250,,,,,10 - 20hrs,False,,,,"South India, North India, West India, East India, Union Territorie","Doctoral Degree - Ph.D., J.D., M.D. etc..",,,00000000-0000-0000-0000-000000000001,,,
fa63d551-78a8-4596-a2c9-97d3ab6734b3,92dcb815-2d93-4dd3-a85e-46501758305f,,250,,,,,,False,,,,Chennai,"Doctoral Degree - Ph.D., J.D., M.D. etc..",,,00000000-0000-0000-0000-000000000001,,,
da5b42e9-f631-4fcb-a380-50c8ae0e826a,bb08b236-af2d-4612-a11e-a8a64a36c39e,250,500,,,,,10 - 20hrs,False,,,,"Bhubaneswar, Cuttack, Raurkela Civil Township, Puri, Pimpri Chinchwad, Pune, Nagpur, Nashik, Nigdi",,,,00000000-0000-0000-0000-000000000001,,,
7fa1610a-a19b-4f87-8f5b-adf441d0e1f3,a8a20ea4-3f80-4e4e-b66a-184d6e257a88,,250,,60,60,,Greater than 40hrs,True,CHENNAI | Duration: 3 Days - 1 Week,,,"South India, Mumbai, Pune, Chandigarh, Delhi, Andhra Pradesh, Karnataka, Kerala, Tamil Nadu, Telangana","Doctoral Degree - Ph.D., J.D., M.D. etc..",,,00000000-0000-0000-0000-000000000001,,,
5edbc472-c209-4872-970f-49b089cccfeb,4e2b2530-6b03-4032-b411-6ba5a15b600d,750,1000,,,,,10 - 20hrs,False,,,,,,,,00000000-0000-0000-0000-000000000001,,,
7a8bb7a8-1b95-4c79-978f-96c074330c1d,d30ae99d-70b7-4006-a5f5-d02dbf98f3a9,250,500,,,,,30 - 40hrs,False,,,,Coimbatore,"Doctoral Degree - Ph.D., J.D., M.D. etc..",,,00000000-0000-0000-0000-000000000001,,,
061f1d35-63b7-4fe6-b88f-dca37d1cec88,44e8467f-5d2f-472c-9b4f-fdad2091d184,1000,2000,,,,,30 - 40hrs,False,,,,Chennai,"Doctoral Degree - Ph.D., J.D., M.D. etc..",,,00000000-0000-0000-0000-000000000001,,,
f4d9bdfe-85b6-4de7-9619-cbf5778e05c8,bcc2bbf0-b9fe-41bd-a542-ca9f054f1565,250,500,,,,,10 - 20hrs,True,Duration: 3 Days - 1 Week,,,"Pune, Mumbai, Nagpur","Doctoral Degree - Ph.D., J.D., M.D. etc..",,,00000000-0000-0000-0000-000000000001,,,
caa11eb9-3843-4995-bb6c-c9732ab62815,64cf482c-03ba-453f-bf15-cd93d190caa3,250,500,,,,,Less than 10hrs,False,,,,"South India, North India, West India, East India","Doctoral Degree - Ph.D., J.D., M.D. etc..",,,00000000-0000-0000-0000-000000000001,,,
c532527c-306d-42a9-a459-1cff9f5c018d,02cc76b8-6ded-4adf-b7e0-1accb3d5745c,250,500,,40,40,,10 - 20hrs,True,At the Franchise Location | Duration: 3 Days - 1 Week,,,"East India, Union Territorie, South India, North India, West India","Doctoral Degree - Ph.D., J.D., M.D. etc..",,,00000000-0000-0000-0000-000000000001,,,
26dfe541-811d-4458-9949-7f31c2392537,b6e03c18-20c0-4df0-b2b3-b3b79b13138f,1000,2000,,,,,Less than 10hrs,False,,,,"South India, North India, West India, East India","Doctoral Degree - Ph.D., J.D., M.D. etc..",,,00000000-0000-0000-0000-000000000001,,,
1b8bfd85-6e74-40c2-a6a0-9a4036ba3563,7ad3286a-da8f-4733-af3e-a1de1114b4fc,,250,,,,,Less than 10hrs,False,,,,"Pune, Mumbai, Ahmednagar, Nagpur, Patna, Ara, Ranchi, Bokaro, Jamshedpur",,,,00000000-0000-0000-0000-000000000001,,,
3677cc58-d83e-410e-adfc-c916f2a5d2b5,7f0f595b-7de0-4760-920f-599597a8e46b,250,500,,,,,10 - 20hrs,False,,,,,"Doctoral Degree - Ph.D., J.D., M.D. etc..",,,00000000-0000-0000-0000-000000000001,,,
55e3cf9c-f201-4c54-b28b-dbd1276df59c,0335f94e-e7d7-4286-9e96-868b4c23f5a4,250,500,,,,,,False,,,,,"Doctoral Degree - Ph.D., J.D., M.D. etc..",,,00000000-0000-0000-0000-000000000001,,,
db82883a-ce44-40d1-b9f6-474fd82cda8f,6773423b-3f97-4397-a456-32429a487a05,,250,,,,,Less than 10hrs,False,,,,,"Doctoral Degree - Ph.D., J.D., M.D. etc..",,,00000000-0000-0000-0000-000000000001,,,
b5bb364c-1458-4484-9b8b-18f6eace34bf,1e7705f4-553c-4840-8c6e-df4eec68c672,750,1000,,,,,Less than 10hrs,False,,,,Bhopal,,,,00000000-0000-0000-0000-000000000001,,,
56b6bf52-60ea-41f9-8f20-8997ccbb14fc,07ed38e4-1c11-482e-b87f-450eac2220ef,,250,,,,,,True,,,,Mysuru,"Doctoral Degree - Ph.D., J.D., M.D. etc..",,,00000000-0000-0000-0000-000000000001,,,
3a53dec3-f3ea-4a22-8a72-b124256fcb68,2b10c003-c411-4e06-a6c1-79db4f64e32f,250,500,,,,,10 - 20hrs,True,Training will be held at the Head-office | Duration: 3 Days - 1 Week,,,West India,"Doctoral Degree - Ph.D., J.D., M.D. etc..",,,00000000-0000-0000-0000-000000000001,,,
a6fb6b3e-54c2-424f-8394-3b25e8d9a5b0,4a852805-31ce-496e-a56e-b92f906073ce,,250,,,,,Less than 10hrs,True,Duration: 3 Days - 1 Week,,,"Haora, Hooghly, Kakdwip, Jalpaiguri, Egra, Dumjor, Bankura, Madanpur, Patuli, Kolkata","Doctoral Degree - Ph.D., J.D., M.D. etc..",,,00000000-0000-0000-0000-000000000001,,,
16131601-719d-4ce0-9abf-e7f7e207259f,7dea93be-a751-4e47-907e-7ad1dd3a2b6e,,250,,,,,,False,,,,Delhi,"Doctoral Degree - Ph.D., J.D., M.D. etc..",,,00000000-0000-0000-0000-000000000001,,,
bad395ba-f410-4b0b-bfb5-5f96764f88b3,8d90ae53-65ea-47cc-a2f4-9fa050a655c2,,250,,,,,Less than 10hrs,False,,,,South India,,,,00000000-0000-0000-0000-000000000001,,,
51cc7ed7-829f-4015-8b06-2502046b5e67,9662b822-a1e1-4e3d-8620-b4fbf57e6a8d,,250,,100,500,,10 - 20hrs,True,,,,Mumbai,"Doctoral Degree - Ph.D., J.D., M.D. etc..",,,00000000-0000-0000-0000-000000000001,,,
eb143510-387b-40a4-8771-12afddd3b2d4,315a65db-7960-4b2b-a4a0-b25b8dc037e6,250,500,,20,20,,Less than 10hrs,True,gwalior | Duration: 3 Days - 1 Week,,,"East India, West India, North India, Delhi","Doctoral Degree - Ph.D., J.D., M.D. etc..",,,00000000-0000-0000-0000-000000000001,,,
c2a65dc7-73d2-4dc0-b49c-18a9a6ca1d7d,cd2a82b0-bfc9-4fc7-8e5c-950a095bb9fc,250,500,,,,,Less than 10hrs,True,Head Office | Duration: 3 Days - 1 Week,,,"Puzhal, Ponneri, Perungudi, Ambattur, Arani, Arni, Avadi, Chennai, Eral, Kallakkurichi","Doctoral Degree - Ph.D., J.D., M.D. etc..",,,00000000-0000-0000-0000-000000000001,,,
81e79de2-6c58-487a-8812-69b00fb05663,bccbf5c6-0926-45ff-b070-7cc5e65e73e7,5000,,,,,,10 - 20hrs,False,,,,Delhi,"Doctoral Degree - Ph.D., J.D., M.D. etc..",,,00000000-0000-0000-0000-000000000001,,,
85cb1c26-a33a-4c07-bb18-b41a20e50789,c7778f21-59da-4ea2-839a-77caf091aae2,,250,,,,,,False,,,,Noida,"Doctoral Degree - Ph.D., J.D., M.D. etc..",,,00000000-0000-0000-0000-000000000001,,,
3396e673-4607-48f7-b0e7-f93a3fa2468b,478399b2-0287-483c-b17e-e8a9f2f70a29,,250,,,,,,False,,,,Gurgaon,"Doctoral Degree - Ph.D., J.D., M.D. etc..",,,00000000-0000-0000-0000-000000000001,,,
98200fa8-8cbf-481e-92ff-438c35f71a44,d1fbdbec-34d6-42d8-b51a-3c1a2ffd584e,,250,,,,,10 - 20hrs,False,,,,"Union Territorie, South India, West India, East India",,,,00000000-0000-0000-0000-000000000001,,,
1b70f3ce-2f41-4f22-83fd-256a8b57464b,fd2629ea-c741-4b33-a69b-aef07e670903,500,750,,,,,30 - 40hrs,True,Training at headoffice | Duration: 3 Days - 1 Week,,,"Union Territorie, South India, North India, West India, East India","Doctoral Degree - Ph.D., J.D., M.D. etc..",,,00000000-0000-0000-0000-000000000001,,,
547a3b50-a85a-4ac5-ab80-27f875374a9b,e266460e-a2c7-41ea-be2f-0b6aace2ec69,,250,,,,,Less than 10hrs,False,,,,"North India, Union Territorie, South India, East India, West India","Doctoral Degree - Ph.D., J.D., M.D. etc..",,,00000000-0000-0000-0000-000000000001,,,
7c298038-a8cc-42af-b894-13571ad17d9f,11ad18b9-143b-49c4-9624-2fdbf76d1c40,,250,,,,,,False,,,,Jabalpur,"Doctoral Degree - Ph.D., J.D., M.D. etc..",,,00000000-0000-0000-0000-000000000001,,,
