id,territory_rights,sub_franchise_fee_split,master_fee,min_sub_franchises_required
65efbd24-f656-4f5c-a239-e689f037052d,,,,
92dcb815-2d93-4dd3-a85e-46501758305f,,,,
02cc76b8-6ded-4adf-b7e0-1accb3d5745c,,,,
9662b822-a1e1-4e3d-8620-b4fbf57e6a8d,,,,
4093a4de-6509-4dd9-af6c-d88f17c95254,,,,
ac303bf7-2a32-471d-9be1-a1dbb2e915e7,,,,
7259cde1-3778-442f-a7c9-765b4b8fa8c4,,,,
2f4a2c93-8028-43da-84a1-c2e568af6041,,,,
2d2cf383-0e69-4ac7-a726-df6f0d9c464b,,,,
f796a38b-1d81-4e48-ad0c-4ebeb485b41d,,,,
5d130317-45b7-4caa-aa92-b38fabf64bd8,,,,
c907ac8e-b198-41e0-8c4a-1c973dcdc6d2,,,,
2991c5f6-f474-4fbe-b3e9-2bccfa7527c3,,,200000.0,
6c2a3ad2-a7b4-4c88-8fdd-dea147cb325d,,,300000.0,
760181b5-e9ec-4052-8af9-2349a8cd3508,,,,
cbeacc69-4ee4-46d2-8266-b590e488a2f4,,,,
666bff0f-590b-472e-bf53-4083cf4ecf87,,,10000.0,
60f44cc4-08c5-4cbe-aa90-22cfb4585fa3,,,,
60cb572b-5a35-4ad3-b0ad-5b5c4f51db07,,,,
079cf232-9439-4e89-b7ee-041c8baeadb3,,,10000.0,
87701d6c-5411-4c7e-99e9-11db4365994f,,,,
0998e044-04d4-450d-84a4-ee3c9202c54a,,,3000000.0,
ead88274-6424-46d8-a89a-aa00b8584f6f,,,,
1deba592-75e5-4411-a7a3-5df7de05beff,,,,
c4b28cae-0fdd-4c6d-8b52-119f7a5cae9c,,,,
7bf6ec9d-ce35-43c5-8ffa-8b38ed1410d7,,,,
9a5dc1b7-5cc4-49ee-bf19-aeda9bab2ae9,,,,
3539cf99-9046-4f19-a0e0-bc47ca9c03d9,,,,
d02b084a-6a52-49fe-8d64-4def09ed7472,,,,
a111f3fd-8e32-4124-99a1-4f9fe5237c34,,,,
86acb9b3-81c1-4e0c-9115-d284045254ba,,,2000000.0,
24a8a9a5-f3fb-42f3-80c4-1b6e0f427ea8,,,,
0844fed1-bb49-4aca-8a29-afde6919cef0,,,100000.0,
1e28de06-db80-4a2c-aaa8-030a7d216912,,,,
f154ff1d-e9ed-4cb5-9a5a-46ba4bc4ed43,,,,
951cc471-6d88-4b6c-8a93-2fe7846b70f0,,,,
f3a93951-5c80-47e3-8e2f-8b00092c30af,,,,
73a16695-6e20-4e69-8fd2-3445f1c67521,,,,
25656236-1968-49da-a6d8-32ffdcc6888e,,,200000.0,
3f8fddd3-f75d-4d55-8622-c998930adc92,,,,
8df52cfd-63bb-4fd6-8f61-6a994ea55cfe,,,,
d9da3ea1-997f-4b4c-a39b-fcf836feec85,,,,
ef06db34-7a6c-426e-b65d-973bc962dbe9,,,2500000.0,
d96ac4e8-daa4-4d60-9a4d-f7dcb54412b7,,,,
fbb1242f-32be-4c01-b085-b98486a13802,,,,
0ce95acf-1221-45aa-ae6a-d496a33d1fa8,,,,
ca257ac6-7d5b-4292-a6e1-9d71b5c73ada,,,,
e82dbdfb-34d6-4427-99f1-7334e55a59eb,,,0.0,
499ed48e-a3e7-480e-900b-f384cd1ec21f,,,,
0e50ed02-6937-4c8d-aa31-b4202a5f77cd,,,,
9c40ad04-7b89-45b0-abbd-bd8353b1bca0,,,10000.0,
4d7c5f23-550b-4ec4-8bd9-e08d5c620d6d,,,,
3fdfc493-e614-4001-b564-8169665b6043,,,,
4d6bbe5d-c539-4253-8e3d-f9d65f2d9cf8,,,2100000.0,
c244769a-fae4-4e57-bb91-a696cf5751f6,,,,
e909318a-6b26-4da4-a189-c7e5e01c2226,,,300000.0,
7cc73890-b426-4c12-86f9-1d5316168d5a,,,,
461c9191-2310-4c0d-96ca-7f8e10a1aa7e,,,,
bea46b79-4244-4576-85e4-528ac556136b,,,150000.0,
7eeb92a1-3692-48ea-bf58-340be1553c51,,,,
996969a8-22ac-4795-aed3-a058926f49fc,,,,
1f5ac31b-5e68-482b-8624-ef1775a11669,,,,
3b9d9bba-8648-4f5f-be39-e4795732abf0,,,,
fb539ef5-7d90-427c-a96b-edcfac8c79a9,,,,
f3a87cae-1f95-490d-9dbc-8f0759a06895,,,,
bf4350e5-d4ef-4e08-80e0-67470a980fbb,,,,
13a8d0e6-0b0c-4f7e-bb32-940525b0b137,,,1.0,
f6528159-3139-477c-bcec-516d82e7a7f8,,,,
e257c222-0560-42cb-bbb3-01ae997855c3,,,1500000.0,
37340f08-64a8-4097-a348-1fc05f39bc13,,,,
deaeefc6-ad43-48ab-9111-a6ef304b76f7,,,,
6624c09a-e9ba-498c-a412-ead643b0d247,,,,
96a5ebc3-ab2c-49b3-b6cf-d5a966222b61,,,,
58e082bd-8ad9-4ee9-92ca-be29f3892f4b,,,2.0,
054785bf-0d6f-4642-993e-56f587d8d386,,,,
1b0e24d9-5d9c-4b1c-b46e-37dfbea99501,,,,
d8a80546-8cfe-4f3c-837c-e4391749a944,,,,
5b6f2aef-fb3b-4d29-a140-957067eb1c77,,,,
85d039f0-5e4b-4ea7-aded-29921b103cc8,,,,
769579e7-f665-48e1-830f-8becf554c2d9,,,,
eaca0c8e-439b-4a7c-b455-c2469397111a,,,20000.0,
7aaa1a5c-6b09-4d6f-8d07-e42bd22c7a84,,,,
f3882697-d971-44d8-b01d-6aecb3091737,,,,
7d650dca-df8b-4219-b35f-530279f78d7b,,,,
f3d2b489-940c-461f-a00e-f489a48ac259,,,,
81dfb7ef-434f-49e3-b162-c860ad188091,,,,
e5cf947e-3aaa-4c11-a4ec-dcde9719f36a,,,,
b8bab8c8-4073-4c8a-ae59-88aeb7f38034,,,350000.0,
5ac44d91-d7c0-4ddb-ba5c-e152d8954bf7,,,,
845f854d-486a-407b-abdc-9eee1a9d5e0b,,,,
008ba9a0-3420-4c4f-b94b-e98ccfb92464,,,1500000.0,
3ba35f12-ac66-4960-8ce6-88fbba3534a7,,,,
9317be9f-53b5-4b12-ba41-a3df2308a4ef,,,,
19b0bd50-e8dc-4c7d-b4db-b18fda0ac22e,,,,
fa8a92c1-0be8-4b1c-8457-aa690123386f,,,,
fd04f023-cff0-47a7-978b-8e75a9f7a2a2,,,,
c831b445-7049-447f-a707-e90c80aa8f0b,,,,
55535d31-096c-43f2-b6a1-cb814b62af2d,,,500000.0,
1dd34dc1-1e74-4a4a-919d-28b297809af9,,,,
8ebbce63-0dcd-41ff-ab3a-1860f4fe2eed,,,,
6a3cdf00-6328-4046-acf8-abc0e2062e85,,,,
34342e4e-a52d-40de-88dd-3b83f12d68f8,,,,
c8dec53c-451c-49ed-971b-93353be93666,,,,
880a9723-1f6a-42b3-be2d-2ed643c3c61e,,,,
fb0b305f-4c8f-43af-acc7-5619797e05a7,,,,
df361e73-da0e-4e50-992d-e95e57306357,,,,
2ab72a84-be1d-4f96-bfc6-cbf4113c345d,,,,
d39d234b-6ab8-4219-809e-d08dcb0e0f25,,,,
a1b5ecef-aa15-47c8-8bb3-b82f668853f3,,,,
72e6add9-4743-4221-8a37-504502dbca6b,,,,
99bcfc5c-fc74-43ef-a781-d4b7b80621f9,,,,
6bedb6b8-7dce-47de-b44e-d8e064f19564,,,,
79850dd5-7469-4271-992c-007ecc84f780,,,,
2155ba74-85c2-4123-9485-75b3c9e07def,,,,
c56a2d53-aae5-4fdd-b0e4-590658870784,,,,
f610d893-650e-46e2-89a6-c50f59036275,,,,
920758a7-115a-4855-b362-b6333252f4db,,,,
22f6d92b-6700-4bc0-b9dc-c675b7b54cf8,,,,
41e26b3a-de05-4cba-abd7-c2e83b8dab02,,,,
99dd490a-cdc3-45c4-8a49-30fda6072c66,,,,
b171a3eb-b854-4886-84c0-fe705ac3c1cc,,,,
3cf4b25c-837c-481b-8410-cdc67b610ca4,,,,
2db5cbd5-48ed-4e9c-a227-77dafab8c25e,,,,
8a6da7c1-b587-4ec7-8741-9985398bf9b9,,,,
5e855d26-cf12-4e9b-a18d-47a151d8e113,,,,
e2b487e4-321d-4ab9-a363-ef1786514fa9,,,,
19843c57-c025-4d31-b054-80647fc45887,,,,
36579fe8-427c-403c-af86-89f39ff2ee0a,,,,
af875dcc-fb64-4281-aba6-ee66dbda9d9a,,,,
9d2498c3-924d-42e0-9012-2a1b738c333e,,,,
cc440551-d571-4def-8496-f6ba45ebabb5,,,,
069152e1-24d2-4b17-84c0-b532c67b219d,,,,
b13d8054-0e18-48c5-9d82-b7222458d82a,,,,
936c18f8-c03e-4ab7-9eb5-908495d3ff95,,,,
6acc17eb-e383-4c0f-bff7-def49b80f73c,,,,
